prisma/seeds/audio.seed.ts(7,15): error TS2339: Property 'audio' does not exist on type 'PrismaClient<PrismaClientOptions, never, DefaultArgs>'.
prisma/seeds/document.seed.ts(7,15): error TS2339: Property 'document' does not exist on type 'PrismaClient<PrismaClientOptions, never, DefaultArgs>'.
prisma/seeds/file3d.seed.ts(7,15): error TS2339: Property 'file3D' does not exist on type 'PrismaClient<PrismaClientOptions, never, DefaultArgs>'.
prisma/seeds/json-file.seed.ts(7,15): error TS2339: Property 'jsonFile' does not exist on type 'PrismaClient<PrismaClientOptions, never, DefaultArgs>'.
prisma/seeds/workflow.seed.ts(7,15): error TS2339: Property 'workflow' does not exist on type 'PrismaClient<PrismaClientOptions, never, DefaultArgs>'.
src/adapters/folder/index.ts(6,52): error TS2307: Cannot find module '@/app/actions/folders/folder-types' or its corresponding type declarations.
src/adapters/folder/index.ts(8,10): error TS2305: Module '"@/transformers/folder"' has no exported member 'transformFolderToExtended'.
src/adapters/folder/index.ts(9,15): error TS2305: Module '"@/types/entities/folder"' has no exported member 'CreateFolderData'.
src/adapters/folder/index.ts(9,33): error TS2305: Module '"@/types/entities/folder"' has no exported member 'FolderComplete'.
src/adapters/folder/index.ts(9,49): error TS2305: Module '"@/types/entities/folder"' has no exported member 'FolderExtended'.
src/adapters/folder/index.ts(9,65): error TS2305: Module '"@/types/entities/folder"' has no exported member 'UpdateFolderData'.
src/app/actions/activity/delete.actions.ts(13,10): error TS2724: '"@/types/entities/activity"' has no exported member named 'ActivityEventType'. Did you mean 'ActivityType'?
src/app/actions/activity/log.actions.ts(16,2): error TS2724: '"@/types/entities/activity"' has no exported member named 'ActivityEventType'. Did you mean 'ActivityType'?
src/app/actions/activity/log.actions.ts(18,7): error TS2305: Module '"@/types/entities/activity"' has no exported member 'CreateActivityData'.
src/app/actions/activity/query.actions.ts(139,53): error TS2345: Argument of type '{ where: Record<string, any>; take: number; skip: number; orderBy: { createdAt: string; }; include: { image: { select: { id: boolean; name: boolean; path: boolean; }; }; }; }' is not assignable to parameter of type '{ select?: ActivitySelect<DefaultArgs> | null | undefined; omit?: ActivityOmit<DefaultArgs> | null | undefined; include?: ActivityInclude<...> | ... 1 more ... | undefined; ... 5 more ...; distinct?: ActivityScalarFieldEnum | ... 1 more ... | undefined; }'.
  Types of property 'orderBy' are incompatible.
    Type '{ createdAt: string; }' is not assignable to type 'ActivityOrderByWithRelationInput | ActivityOrderByWithRelationInput[] | undefined'.
      Type '{ createdAt: string; }' is not assignable to type 'ActivityOrderByWithRelationInput'.
        Types of property 'createdAt' are incompatible.
          Type 'string' is not assignable to type 'SortOrder | undefined'.
src/app/actions/albums/album.actions.ts(60,2): error TS2322: Type '{ id: string; createdAt: Date; updatedAt: Date; name: string; description: string | null; emoji: string; color: string; featuredImage: string | null; isFavorite: boolean; filters: string; shortcut: string | null; category: string | null; sortBy: string; }' is not assignable to type 'AlbumBase'.
  Types of property 'category' are incompatible.
    Type 'string | null' is not assignable to type 'string'.
      Type 'null' is not assignable to type 'string'.
src/app/actions/albums/album.actions.ts(75,2): error TS2322: Type '{ id: string; createdAt: Date; updatedAt: Date; name: string; description: string | null; emoji: string; color: string; featuredImage: string | null; isFavorite: boolean; filters: string; shortcut: string | null; category: string | null; sortBy: string; }' is not assignable to type 'AlbumBase'.
  Types of property 'category' are incompatible.
    Type 'string | null' is not assignable to type 'string'.
      Type 'null' is not assignable to type 'string'.
src/app/actions/albums/index.ts(12,15): error TS2305: Module '"./album.actions"' has no exported member 'AlbumWithStats'.
src/app/actions/albums/index.ts(24,44): error TS2339: Property 'getAlbumImages' does not exist on type 'typeof import("D:/DEV/image-manager/src/app/actions/albums/album.actions")'.
src/app/actions/audio/crud.actions.ts(3,15): error TS2305: Module '"@/types/entities/audio/types"' has no exported member 'Audio'.
src/app/actions/characters/character.actions.ts(16,36): error TS2306: File 'D:/DEV/image-manager/src/types/entities/character/base.ts' is not a module.
src/app/actions/collections/collection.actions.ts(19,2): error TS2305: Module '"@/types/entities/collection"' has no exported member 'CreateCollectionData'.
src/app/actions/collections/collection.actions.ts(20,2): error TS2305: Module '"@/types/entities/collection"' has no exported member 'UpdateCollectionData'.
src/app/actions/collections/collection.actions.ts(223,51): error TS2345: Argument of type '{ _count: { images: number; wildcards: number; properties: number; groups: number; }; } & { id: string; createdAt: Date; updatedAt: Date; name: string; description: string | null; emoji: string; ... 17 more ...; editions: string; }' is not assignable to parameter of type '{ parent: never; children: never; images: { id: string; createdAt: Date; updatedAt: Date; name: string; description: string | null; path: string; isFavorite: boolean; metadata: string | null; ... 14 more ...; noteId: string | null; }[]; ... 10 more ...; sharedWith: never; } & { ...; }'.
  Type '{ _count: { images: number; wildcards: number; properties: number; groups: number; }; } & { id: string; createdAt: Date; updatedAt: Date; name: string; description: string | null; emoji: string; ... 17 more ...; editions: string; }' is missing the following properties from type '{ parent: never; children: never; images: { id: string; createdAt: Date; updatedAt: Date; name: string; description: string | null; path: string; isFavorite: boolean; metadata: string | null; ... 14 more ...; noteId: string | null; }[]; ... 10 more ...; sharedWith: never; }': parent, children, images, videos, and 9 more.
src/app/actions/collections/collection.actions.ts(229,4): error TS2353: Object literal may only specify known properties, and '_count' does not exist in type 'CollectionExtended'.
src/app/actions/collections/collection.actions.ts(257,51): error TS2345: Argument of type '{ _count: { images: number; videos: number; albums: number; tags: number; characters: number; places: number; worldItems: number; concepts: number; prompts: number; notes: number; wildcards: number; properties: number; groups: number; }; } & { ...; }' is not assignable to parameter of type '{ parent: never; children: never; images: { id: string; createdAt: Date; updatedAt: Date; name: string; description: string | null; path: string; isFavorite: boolean; metadata: string | null; ... 14 more ...; noteId: string | null; }[]; ... 10 more ...; sharedWith: never; } & { ...; }'.
  Type '{ _count: { images: number; videos: number; albums: number; tags: number; characters: number; places: number; worldItems: number; concepts: number; prompts: number; notes: number; wildcards: number; properties: number; groups: number; }; } & { ...; }' is missing the following properties from type '{ parent: never; children: never; images: { id: string; createdAt: Date; updatedAt: Date; name: string; description: string | null; path: string; isFavorite: boolean; metadata: string | null; ... 14 more ...; noteId: string | null; }[]; ... 10 more ...; sharedWith: never; }': parent, children, images, videos, and 9 more.
src/app/actions/collections/collection.actions.ts(263,4): error TS2353: Object literal may only specify known properties, and '_count' does not exist in type 'CollectionExtended'.
src/app/actions/collections/collection.actions.ts(298,51): error TS2345: Argument of type '{ _count: { images: number; videos: number; albums: number; tags: number; characters: number; places: number; worldItems: number; concepts: number; prompts: number; notes: number; wildcards: number; properties: number; groups: number; }; } & { ...; }' is not assignable to parameter of type '{ parent: never; children: never; images: { id: string; createdAt: Date; updatedAt: Date; name: string; description: string | null; path: string; isFavorite: boolean; metadata: string | null; ... 14 more ...; noteId: string | null; }[]; ... 10 more ...; sharedWith: never; } & { ...; }'.
  Type '{ _count: { images: number; videos: number; albums: number; tags: number; characters: number; places: number; worldItems: number; concepts: number; prompts: number; notes: number; wildcards: number; properties: number; groups: number; }; } & { ...; }' is missing the following properties from type '{ parent: never; children: never; images: { id: string; createdAt: Date; updatedAt: Date; name: string; description: string | null; path: string; isFavorite: boolean; metadata: string | null; ... 14 more ...; noteId: string | null; }[]; ... 10 more ...; sharedWith: never; }': parent, children, images, videos, and 9 more.
src/app/actions/collections/collection.actions.ts(304,4): error TS2353: Object literal may only specify known properties, and '_count' does not exist in type 'CollectionExtended'.
src/app/actions/concepts/concept-images.actions.ts(8,15): error TS2305: Module '"@/types/entities/concept"' has no exported member 'ConceptComplete'.
src/app/actions/concepts/concept.actions.ts(15,61): error TS2306: File 'D:/DEV/image-manager/src/types/entities/concept/base.ts' is not a module.
src/app/actions/concepts/concept.actions.ts(16,15): error TS2305: Module '"@/types/entities/concept/types"' has no exported member 'ConceptSearchOptions'.
src/app/actions/concepts/concept.actions.ts(16,37): error TS2305: Module '"@/types/entities/concept/types"' has no exported member 'ConceptSearchResult'.
src/app/actions/document/crud.actions.ts(3,15): error TS2305: Module '"@/types/entities/document/types"' has no exported member 'Document'.
src/app/actions/favorites/favorite.actions.ts(5,32): error TS2307: Cannot find module '@/lib/server/auth' or its corresponding type declarations.
src/app/actions/favorites/favorite.actions.ts(30,32): error TS2339: Property 'favorite' does not exist on type 'PrismaClient<PrismaClientOptions, never, DefaultArgs>'.
src/app/actions/favorites/favorite.actions.ts(39,32): error TS2339: Property 'favorite' does not exist on type 'PrismaClient<PrismaClientOptions, never, DefaultArgs>'.
src/app/actions/favorites/favorite.actions.ts(62,15): error TS2339: Property 'favorite' does not exist on type 'PrismaClient<PrismaClientOptions, never, DefaultArgs>'.
src/app/actions/favorites/favorite.actions.ts(83,33): error TS2339: Property 'favorite' does not exist on type 'PrismaClient<PrismaClientOptions, never, DefaultArgs>'.
src/app/actions/favorites/favorite.actions.ts(98,29): error TS2339: Property 'favorite' does not exist on type 'PrismaClient<PrismaClientOptions, never, DefaultArgs>'.
src/app/actions/file3d/crud.actions.ts(3,15): error TS2305: Module '"@/types/entities/file3d/types"' has no exported member 'File3D'.
src/app/actions/files/file.actions.ts(17,7): error TS2305: Module '"@/types/entities/file"' has no exported member 'DirectoryReadResult'.
src/app/actions/files/file.actions.ts(19,7): error TS2305: Module '"@/types/entities/file"' has no exported member 'FileCopyMoveResult'.
src/app/actions/files/file.actions.ts(22,7): error TS2305: Module '"@/types/entities/file"' has no exported member 'FileInfo'.
src/app/actions/files/file.actions.ts(23,7): error TS2305: Module '"@/types/entities/file"' has no exported member 'FileOperationOptions'.
src/app/actions/files/file.actions.ts(24,7): error TS2305: Module '"@/types/entities/file"' has no exported member 'FileOperationResult'.
src/app/actions/files/file.actions.ts(140,4): error TS2322: Type 'FileEventType.DELETED' is not assignable to type 'EventType'.
src/app/actions/files/file.actions.ts(248,4): error TS2322: Type 'FileEventType.DIRECTORY_CREATED' is not assignable to type 'EventType'.
src/app/actions/files/file.actions.ts(287,79): error TS18046: 'error' is of type 'unknown'.
src/app/actions/files/file.actions.ts(299,4): error TS2322: Type 'FileEventType.DIRECTORY_CREATED' is not assignable to type 'EventType'.
src/app/actions/files/file.actions.ts(355,20): error TS18046: 'error' is of type 'unknown'.
src/app/actions/files/file.actions.ts(365,4): error TS2322: Type 'FileEventType.RENAMED' is not assignable to type 'EventType'.
src/app/actions/files/file.actions.ts(420,20): error TS18046: 'error' is of type 'unknown'.
src/app/actions/files/file.actions.ts(445,4): error TS2322: Type 'FileEventType.COPIED' is not assignable to type 'EventType'.
src/app/actions/files/file.actions.ts(511,20): error TS18046: 'error' is of type 'unknown'.
src/app/actions/files/file.actions.ts(529,4): error TS2322: Type 'FileEventType.MOVED' is not assignable to type 'EventType'.
src/app/actions/folders/index.ts(8,2): error TS2305: Module '"@/types/entities/folder"' has no exported member 'CreateFolderData'.
src/app/actions/folders/index.ts(10,2): error TS2305: Module '"@/types/entities/folder"' has no exported member 'FolderExtended'.
src/app/actions/folders/index.ts(11,2): error TS2305: Module '"@/types/entities/folder"' has no exported member 'FolderSummary'.
src/app/actions/folders/index.ts(12,2): error TS2305: Module '"@/types/entities/folder"' has no exported member 'UpdateFolderData'.
src/app/actions/folders/index.ts(19,2): error TS2305: Module '"./crud.actions"' has no exported member 'updateFolderAutoReindex'.
src/app/actions/folders/index.ts(27,8): error TS2307: Cannot find module './diagnostics.actions' or its corresponding type declarations.
src/app/actions/folders/index.ts(44,8): error TS2307: Cannot find module './folder-types' or its corresponding type declarations.
src/app/actions/folders/index.ts(51,8): error TS2307: Cannot find module './folder-types' or its corresponding type declarations.
src/app/actions/folders/index.ts(57,8): error TS2307: Cannot find module './get.actions' or its corresponding type declarations.
src/app/actions/folders/index.ts(59,15): error TS2307: Cannot find module './get-folder-files.actions' or its corresponding type declarations.
src/app/actions/folders/index.ts(60,15): error TS2307: Cannot find module './get-folder-images.actions' or its corresponding type declarations.
src/app/actions/folders/index.ts(62,33): error TS2307: Cannot find module './get-folder-images.actions' or its corresponding type declarations.
src/app/actions/folders/index.ts(64,39): error TS2307: Cannot find module './images.actions' or its corresponding type declarations.
src/app/actions/folders/index.ts(76,8): error TS2307: Cannot find module './process.actions' or its corresponding type declarations.
src/app/actions/folders/index.ts(84,15): error TS2307: Cannot find module './scan-folder.actions' or its corresponding type declarations.
src/app/actions/folders/index.ts(86,34): error TS2307: Cannot find module './scan-folder.actions' or its corresponding type declarations.
src/app/actions/folders/index.ts(94,8): error TS2307: Cannot find module './stats.actions' or its corresponding type declarations.
src/app/actions/folders/index.ts(95,15): error TS2307: Cannot find module './status.actions' or its corresponding type declarations.
src/app/actions/folders/query.actions.ts(13,27): error TS2305: Module '"@/types/entities/folder"' has no exported member 'FolderSearchOptions'.
src/app/actions/folders/query.actions.ts(47,2): error TS2304: Cannot find name 'logger'.
src/app/actions/folders/query.actions.ts(81,2): error TS2304: Cannot find name 'logger'.
src/app/actions/groups/group.actions.ts(7,15): error TS2305: Module '"@/types/entities/group/types"' has no exported member 'CreateGroupData'.
src/app/actions/groups/group.actions.ts(7,32): error TS2305: Module '"@/types/entities/group/types"' has no exported member 'GroupWithStats'.
src/app/actions/groups/group.actions.ts(7,48): error TS2305: Module '"@/types/entities/group/types"' has no exported member 'UpdateGroupData'.
src/app/actions/groups/group.actions.ts(72,26): error TS2345: Argument of type '{ _count: { images: number; videos: number; albums: number; collections: number; tags: number; characters: number; places: number; worldItems: number; concepts: number; prompts: number; notes: number; wildcards: number; properties: number; }; } & { ...; }' is not assignable to parameter of type '{ images: { id: string; createdAt: Date; updatedAt: Date; name: string; description: string | null; path: string; isFavorite: boolean; metadata: string | null; hash: string; size: number; ... 12 more ...; noteId: string | null; }[]; ... 12 more ...; properties: { ...; }[]; } & { ...; }'.
  Type '{ _count: { images: number; videos: number; albums: number; collections: number; tags: number; characters: number; places: number; worldItems: number; concepts: number; prompts: number; notes: number; wildcards: number; properties: number; }; } & { ...; }' is missing the following properties from type '{ images: { id: string; createdAt: Date; updatedAt: Date; name: string; description: string | null; path: string; isFavorite: boolean; metadata: string | null; hash: string; size: number; ... 12 more ...; noteId: string | null; }[]; ... 12 more ...; properties: { ...; }[]; }': images, videos, albums, collections, and 9 more.
src/app/actions/groups/group.actions.ts(90,4): error TS2322: Type 'GroupCreateInput | GroupUpdateInput' is not assignable to type '(Without<GroupCreateInput, GroupUncheckedCreateInput> & GroupUncheckedCreateInput) | (Without<...> & GroupCreateInput)'.
  Type 'GroupUpdateInput' is not assignable to type '(Without<GroupCreateInput, GroupUncheckedCreateInput> & GroupUncheckedCreateInput) | (Without<...> & GroupCreateInput)'.
    Type 'GroupUpdateInput' is not assignable to type 'Without<GroupUncheckedCreateInput, GroupCreateInput> & GroupCreateInput'.
      Type 'GroupUpdateInput' is not assignable to type 'GroupCreateInput'.
        Types of property 'id' are incompatible.
          Type 'string | StringFieldUpdateOperationsInput | undefined' is not assignable to type 'string | undefined'.
            Type 'StringFieldUpdateOperationsInput' is not assignable to type 'string'.
src/app/actions/groups/group.actions.ts(113,26): error TS2345: Argument of type '{ id: string; createdAt: Date; updatedAt: Date; name: string; description: string | null; emoji: string; color: string; featuredImage: string | null; isFavorite: boolean; filters: string; shortcut: string | null; category: string | null; sortBy: string; }' is not assignable to parameter of type '{ images: { id: string; createdAt: Date; updatedAt: Date; name: string; description: string | null; path: string; isFavorite: boolean; metadata: string | null; hash: string; size: number; ... 12 more ...; noteId: string | null; }[]; ... 12 more ...; properties: { ...; }[]; } & { ...; }'.
  Type '{ id: string; createdAt: Date; updatedAt: Date; name: string; description: string | null; emoji: string; color: string; featuredImage: string | null; isFavorite: boolean; filters: string; shortcut: string | null; category: string | null; sortBy: string; }' is missing the following properties from type '{ images: { id: string; createdAt: Date; updatedAt: Date; name: string; description: string | null; path: string; isFavorite: boolean; metadata: string | null; hash: string; size: number; ... 12 more ...; noteId: string | null; }[]; ... 12 more ...; properties: { ...; }[]; }': images, videos, _count, albums, and 10 more.
src/app/actions/groups/group.actions.ts(158,26): error TS2345: Argument of type '{ _count: { images: number; videos: number; albums: number; collections: number; tags: number; characters: number; places: number; worldItems: number; concepts: number; prompts: number; notes: number; wildcards: number; properties: number; }; } & { ...; }' is not assignable to parameter of type '{ images: { id: string; createdAt: Date; updatedAt: Date; name: string; description: string | null; path: string; isFavorite: boolean; metadata: string | null; hash: string; size: number; ... 12 more ...; noteId: string | null; }[]; ... 12 more ...; properties: { ...; }[]; } & { ...; }'.
  Type '{ _count: { images: number; videos: number; albums: number; collections: number; tags: number; characters: number; places: number; worldItems: number; concepts: number; prompts: number; notes: number; wildcards: number; properties: number; }; } & { ...; }' is missing the following properties from type '{ images: { id: string; createdAt: Date; updatedAt: Date; name: string; description: string | null; path: string; isFavorite: boolean; metadata: string | null; hash: string; size: number; ... 12 more ...; noteId: string | null; }[]; ... 12 more ...; properties: { ...; }[]; }': images, videos, albums, collections, and 9 more.
src/app/actions/groups/group.actions.ts(215,26): error TS2345: Argument of type '{ _count: { images: number; videos: number; albums: number; collections: number; tags: number; characters: number; places: number; worldItems: number; concepts: number; prompts: number; notes: number; wildcards: number; properties: number; }; } & { ...; }' is not assignable to parameter of type '{ images: { id: string; createdAt: Date; updatedAt: Date; name: string; description: string | null; path: string; isFavorite: boolean; metadata: string | null; hash: string; size: number; ... 12 more ...; noteId: string | null; }[]; ... 12 more ...; properties: { ...; }[]; } & { ...; }'.
  Type '{ _count: { images: number; videos: number; albums: number; collections: number; tags: number; characters: number; places: number; worldItems: number; concepts: number; prompts: number; notes: number; wildcards: number; properties: number; }; } & { ...; }' is missing the following properties from type '{ images: { id: string; createdAt: Date; updatedAt: Date; name: string; description: string | null; path: string; isFavorite: boolean; metadata: string | null; hash: string; size: number; ... 12 more ...; noteId: string | null; }[]; ... 12 more ...; properties: { ...; }[]; }': images, videos, albums, collections, and 9 more.
src/app/actions/images/folder-images.action.ts(44,9): error TS2322: Type '{ id: any; name: any; path: any; type: "image"; size: any; metadata: string; dimensions: { width: any; height: any; }; createdAt: any; updatedAt: any; }[]' is not assignable to type 'FileItem[]'.
  Type '{ id: any; name: any; path: any; type: "image"; size: any; metadata: string; dimensions: { width: any; height: any; }; createdAt: any; updatedAt: any; }' is missing the following properties from type 'FileItem': mimeType, processingStatus
src/app/actions/images/image-access.actions.ts(102,59): error TS2554: Expected 1 arguments, but got 2.
src/app/actions/images/image-stats.actions.ts(23,6): error TS2353: Object literal may only specify known properties, and 'downloads' does not exist in type '(Without<ImageStatsUpdateInput, ImageStatsUncheckedUpdateInput> & ImageStatsUncheckedUpdateInput) | (Without<...> & ImageStatsUpdateInput)'.
src/app/actions/images/image-stats.actions.ts(23,45): error TS2339: Property 'downloads' does not exist on type '{ id: string; createdAt: Date; updatedAt: Date; imageId: string; views: number; lastViewed: Date; }'.
src/app/actions/images/image-stats.actions.ts(23,67): error TS2339: Property 'downloads' does not exist on type '{ id: string; createdAt: Date; updatedAt: Date; imageId: string; views: number; lastViewed: Date; }'.
src/app/actions/images/image-stats.actions.ts(32,6): error TS2353: Object literal may only specify known properties, and 'downloads' does not exist in type 'Without<ImageStatsCreateInput, ImageStatsUncheckedCreateInput> & ImageStatsUncheckedCreateInput'.
src/app/actions/images/image-thumbnails.actions.ts(38,62): error TS2554: Expected 1 arguments, but got 2.
src/app/actions/images/image-thumbnails.actions.ts(39,3): error TS2322: Type 'Buffer<ArrayBufferLike>' is not assignable to type 'string'.
src/app/actions/images/image-thumbnails.actions.ts(53,49): error TS2554: Expected 1 arguments, but got 2.
src/app/actions/images/image-thumbnails.actions.ts(324,48): error TS2554: Expected 1 arguments, but got 2.
src/app/actions/images/images-random.action.ts(196,7): error TS2322: Type '{ not: null; }' is not assignable to type 'string | StringFilter<"Image"> | undefined'.
  Types of property 'not' are incompatible.
    Type 'null' is not assignable to type 'string | NestedStringFilter<"Image"> | undefined'.
src/app/actions/json-file/crud.actions.ts(3,15): error TS2305: Module '"@/types/entities/json-file/types"' has no exported member 'JsonFile'.
src/app/actions/metadata/metadata-errors.actions.ts(79,47): error TS2339: Property 'UNKNOWN_ERROR' does not exist on type 'typeof MetadataErrorCode'.
src/app/actions/metadata/metadata-extractors.actions.ts(8,15): error TS2305: Module '"@/types/metadata"' has no exported member 'AIMetadata'.
src/app/actions/metadata/metadata-extractors.actions.ts(8,27): error TS2305: Module '"@/types/metadata"' has no exported member 'FileMetadata'.
src/app/actions/metadata/metadata-extractors.actions.ts(230,4): error TS2353: Object literal may only specify known properties, and 'dimensions' does not exist in type 'ExtendedFileMetadata'.
src/app/actions/metadata/metadata-extractors.actions.ts(297,15): error TS2339: Property 'generation' does not exist on type 'ExtendedFileMetadata'.
src/app/actions/metadata/metadata-extractors.actions.ts(308,17): error TS2339: Property 'dimensions' does not exist on type 'ExtendedFileMetadata'.
src/app/actions/metadata/metadata-extractors.actions.ts(308,41): error TS2339: Property 'dimensions' does not exist on type 'ExtendedFileMetadata'.
src/app/actions/metadata/metadata-extractors.actions.ts(308,71): error TS2339: Property 'dimensions' does not exist on type 'ExtendedFileMetadata'.
src/app/actions/metadata/metadata-extractors.actions.ts(309,13): error TS2339: Property 'dimensions' does not exist on type 'ExtendedFileMetadata'.
src/app/actions/metadata/metadata-extractors.actions.ts(317,17): error TS2339: Property 'generation' does not exist on type 'ExtendedFileMetadata'.
src/app/actions/metadata/metadata-extractors.actions.ts(335,14): error TS2339: Property 'generation' does not exist on type 'ExtendedFileMetadata'.
src/app/actions/metadata/metadata-parsers.actions.ts(5,15): error TS2305: Module '"@/types/metadata"' has no exported member 'FileMetadata'.
src/app/actions/metadata/metadata-parsers.actions.ts(66,4): error TS2353: Object literal may only specify known properties, and 'exif' does not exist in type 'MetadataWithCamera'.
src/app/actions/metadata/metadata-parsers.actions.ts(98,14): error TS2339: Property 'dimensions' does not exist on type 'MetadataWithCamera'.
src/app/actions/metadata/metadata-parsers.actions.ts(189,4): error TS2353: Object literal may only specify known properties, and 'dimensions' does not exist in type 'ExtendedFileMetadata'.
src/app/actions/metadata/metadata-parsers.actions.ts(209,79): error TS2345: Argument of type '"SHARP_ERROR"' is not assignable to parameter of type 'MetadataErrorCode | undefined'.
src/app/actions/metadata/metadata-types.actions.ts(3,15): error TS2305: Module '"@/types/metadata"' has no exported member 'AIMetadata'.
src/app/actions/metadata/metadata-types.actions.ts(3,27): error TS2305: Module '"@/types/metadata"' has no exported member 'FileMetadata'.
src/app/actions/metadata/metadata.actions.ts(77,16): error TS2554: Expected 3-5 arguments, but got 2.
src/app/actions/metadata/metadata.actions.ts(90,4): error TS2345: Argument of type 'unknown' is not assignable to parameter of type 'string'.
src/app/actions/metadata/metadata.actions.ts(104,16): error TS2554: Expected 3-5 arguments, but got 2.
src/app/actions/metadata/metadata.actions.ts(144,4): error TS2345: Argument of type 'unknown' is not assignable to parameter of type 'string'.
src/app/actions/metadata/metadata.actions.ts(158,16): error TS2554: Expected 3-5 arguments, but got 2.
src/app/actions/metadata/metadata.actions.ts(182,4): error TS2345: Argument of type 'unknown' is not assignable to parameter of type 'string'.
src/app/actions/notes/note.actions.ts(9,15): error TS2305: Module '"@/types/entities/note"' has no exported member 'CreateNoteData'.
src/app/actions/notes/note.actions.ts(9,55): error TS2724: '"@/types/entities/note"' has no exported member named 'NoteWithStats'. Did you mean 'NoteStatus'?
src/app/actions/notes/note.actions.ts(300,7): error TS2353: Object literal may only specify known properties, and 'url' does not exist in type 'ImageSelect<DefaultArgs>'.
src/app/actions/notes/note.actions.ts(313,49): error TS2339: Property 'images' does not exist on type '{ id: string; createdAt: Date; updatedAt: Date; featuredImage: string | null; isFavorite: boolean; presetId: string | null; category: string; status: string; priority: number; content: string; title: string; }'.
src/app/actions/notes/note.actions.ts(314,15): error TS2339: Property 'images' does not exist on type '{ id: string; createdAt: Date; updatedAt: Date; featuredImage: string | null; isFavorite: boolean; presetId: string | null; category: string; status: string; priority: number; content: string; title: string; }'.
src/app/actions/notes/note.actions.ts(314,27): error TS7006: Parameter 'image' implicitly has an 'any' type.
src/app/actions/places/place.actions.ts(9,15): error TS2305: Module '"@/types/entities/place"' has no exported member 'CreatePlaceData'.
src/app/actions/places/place.actions.ts(9,43): error TS2305: Module '"@/types/entities/place"' has no exported member 'PlaceExtendedComplete'.
src/app/actions/places/place.actions.ts(9,66): error TS2305: Module '"@/types/entities/place"' has no exported member 'UpdatePlaceData'.
src/app/actions/places/place.actions.ts(140,6): error TS2353: Object literal may only specify known properties, and 'totalSize' does not exist in type 'PlaceTransformOptions'.
src/app/actions/places/place.actions.ts(205,4): error TS2353: Object literal may only specify known properties, and 'images' does not exist in type 'PlaceTransformOptions'.
src/app/actions/places/place.actions.ts(269,22): error TS2554: Expected 2 arguments, but got 1.
src/app/actions/places/place.actions.ts(359,5): error TS2353: Object literal may only specify known properties, and 'originalFilename' does not exist in type 'ImageSelect<DefaultArgs>'.
src/app/actions/presets/presets.actions.ts(12,16): error TS2339: Property 'visualPreset' does not exist on type 'PrismaClient<PrismaClientOptions, never, DefaultArgs>'.
src/app/actions/presets/presets.actions.ts(16,16): error TS2339: Property 'visualPreset' does not exist on type 'PrismaClient<PrismaClientOptions, never, DefaultArgs>'.
src/app/actions/presets/presets.actions.ts(26,31): error TS2339: Property 'visualPreset' does not exist on type 'PrismaClient<PrismaClientOptions, never, DefaultArgs>'.
src/app/actions/profiles/profile.actions.ts(13,7): error TS2305: Module '"@/types/entities/profile"' has no exported member 'CreateProfileInput'.
src/app/actions/profiles/profile.actions.ts(14,7): error TS2305: Module '"@/types/entities/profile"' has no exported member 'ProfileExtended'.
src/app/actions/profiles/profile.actions.ts(15,7): error TS2305: Module '"@/types/entities/profile"' has no exported member 'ProfileFilters'.
src/app/actions/profiles/profile.actions.ts(16,7): error TS2305: Module '"@/types/entities/profile"' has no exported member 'ProfilePaginationOptions'.
src/app/actions/profiles/profile.actions.ts(17,7): error TS2305: Module '"@/types/entities/profile"' has no exported member 'UpdateProfileInput'.
src/app/actions/profiles/profile.actions.ts(104,4): error TS2345: Argument of type '"GET_FAILED"' is not assignable to parameter of type 'EntityErrorCode | undefined'.
src/app/actions/profiles/profile.actions.ts(116,40): error TS2551: Property 'getProfileById' does not exist on type 'ProfileServiceImpl'. Did you mean 'getProfiles'?
src/app/actions/profiles/profile.actions.ts(119,74): error TS2345: Argument of type '"NOT_FOUND"' is not assignable to parameter of type 'EntityErrorCode | undefined'.
src/app/actions/profiles/profile.actions.ts(126,81): error TS2345: Argument of type '"GET_FAILED"' is not assignable to parameter of type 'EntityErrorCode | undefined'.
src/app/actions/profiles/profile.actions.ts(142,79): error TS2345: Argument of type '"CREATE_FAILED"' is not assignable to parameter of type 'EntityErrorCode | undefined'.
src/app/actions/profiles/profile.actions.ts(161,4): error TS2345: Argument of type '"UPDATE_FAILED"' is not assignable to parameter of type 'EntityErrorCode | undefined'.
src/app/actions/profiles/profile.actions.ts(173,24): error TS2339: Property 'deleteProfile' does not exist on type 'ProfileServiceImpl'.
src/app/actions/profiles/profile.actions.ts(178,82): error TS2345: Argument of type '"DELETE_FAILED"' is not assignable to parameter of type 'EntityErrorCode | undefined'.
src/app/actions/profiles/profile.actions.ts(189,40): error TS2551: Property 'getProfileById' does not exist on type 'ProfileServiceImpl'. Did you mean 'getProfiles'?
src/app/actions/profiles/profile.actions.ts(192,96): error TS2345: Argument of type '"NOT_FOUND"' is not assignable to parameter of type 'EntityErrorCode | undefined'.
src/app/actions/profiles/profile.actions.ts(203,4): error TS2345: Argument of type '"ACTIVATE_FAILED"' is not assignable to parameter of type 'EntityErrorCode | undefined'.
src/app/actions/profiles/profile.actions.ts(218,74): error TS2345: Argument of type '"NOT_FOUND"' is not assignable to parameter of type 'EntityErrorCode | undefined'.
src/app/actions/profiles/profile.actions.ts(228,4): error TS2345: Argument of type '"GET_FAILED"' is not assignable to parameter of type 'EntityErrorCode | undefined'.
src/app/actions/prompts/prompt.actions.ts(18,2): error TS2305: Module '"@/types/entities/prompt"' has no exported member 'PromptCreateInput'.
src/app/actions/prompts/prompt.actions.ts(20,2): error TS2305: Module '"@/types/entities/prompt"' has no exported member 'PromptUpdateInput'.
src/app/actions/prompts/prompt.actions.ts(21,2): error TS2724: '"@/types/entities/prompt"' has no exported member named 'PromptWithStats'. Did you mean 'PromptStats'?
src/app/actions/prompts/prompt.actions.ts(248,22): error TS2554: Expected 2 arguments, but got 1.
src/app/actions/prompts/prompt.actions.ts(411,4): error TS2322: Type '"prompts:relation"' is not assignable to type 'EventType'.
src/app/actions/prompts/prompt.actions.ts(517,4): error TS2322: Type '"prompts:relation"' is not assignable to type 'EventType'.
src/app/actions/prompts/prompt.actions.ts(554,11): error TS2352: Conversion of type '{ id: string; name: string; path: string; type: "image"; size: number; width: number; height: number; createdAt: Date; updatedAt: Date; thumbnail: string; thumbnailSize: number; thumbnailWidth: number; thumbnailHeight: number; src: string; }' to type 'FileItem' may be a mistake because neither type sufficiently overlaps with the other. If this was intentional, convert the expression to 'unknown' first.
  Type '{ id: string; name: string; path: string; type: "image"; size: number; width: number; height: number; createdAt: Date; updatedAt: Date; thumbnail: string; thumbnailSize: number; thumbnailWidth: number; thumbnailHeight: number; src: string; }' is missing the following properties from type 'FileItem': mimeType, metadata, processingStatus
src/app/actions/properties/property.actions.ts(6,15): error TS2305: Module '"@/types/entities/property"' has no exported member 'CreatePropertyData'.
src/app/actions/properties/property.actions.ts(6,35): error TS2305: Module '"@/types/entities/property"' has no exported member 'UpdatePropertyData'.
src/app/actions/queue/control.actions.ts(11,34): error TS2307: Cannot find module '@/services/queue-job.service' or its corresponding type declarations.
src/app/actions/queue/control.actions.ts(69,28): error TS2339: Property 'PAUSED' does not exist on type '{ readonly PENDING: "pending"; readonly PROCESSING: "processing"; readonly COMPLETED: "completed"; readonly FAILED: "failed"; readonly RETRYING: "retrying"; readonly CANCELLED: "cancelled"; }'.
src/app/actions/queue/control.actions.ts(97,28): error TS2339: Property 'PAUSED' does not exist on type '{ readonly PENDING: "pending"; readonly PROCESSING: "processing"; readonly COMPLETED: "completed"; readonly FAILED: "failed"; readonly RETRYING: "retrying"; readonly CANCELLED: "cancelled"; }'.
src/app/actions/queue/crud.actions.ts(10,34): error TS2307: Cannot find module '@/services/queue-job.service' or its corresponding type declarations.
src/app/actions/queue/index.ts(22,38): error TS2339: Property 'createJob' does not exist on type 'typeof import("D:/DEV/image-manager/src/app/actions/queue/crud.actions")'.
src/app/actions/queue/index.ts(23,38): error TS2339: Property 'updateJob' does not exist on type 'typeof import("D:/DEV/image-manager/src/app/actions/queue/crud.actions")'.
src/app/actions/queue/index.ts(24,38): error TS2339: Property 'deleteJob' does not exist on type 'typeof import("D:/DEV/image-manager/src/app/actions/queue/crud.actions")'.
src/app/actions/queue/index.ts(27,42): error TS2339: Property 'processJob' does not exist on type 'typeof import("D:/DEV/image-manager/src/app/actions/queue/process.actions")'.
src/app/actions/queue/index.ts(28,40): error TS2339: Property 'retryJob' does not exist on type 'typeof import("D:/DEV/image-manager/src/app/actions/queue/process.actions")'.
src/app/actions/queue/index.ts(29,41): error TS2339: Property 'cancelJob' does not exist on type 'typeof import("D:/DEV/image-manager/src/app/actions/queue/process.actions")'.
src/app/actions/queue/index.ts(32,37): error TS2339: Property 'getJobs' does not exist on type 'typeof import("D:/DEV/image-manager/src/app/actions/queue/query.actions")'.
src/app/actions/queue/index.ts(33,36): error TS2339: Property 'getJob' does not exist on type 'typeof import("D:/DEV/image-manager/src/app/actions/queue/query.actions")'.
src/app/actions/queue/index.ts(34,44): error TS2339: Property 'getQueueStatus' does not exist on type 'typeof import("D:/DEV/image-manager/src/app/actions/queue/query.actions")'.
src/app/actions/queue/process.actions.ts(10,34): error TS2307: Cannot find module '@/services/queue-job.service' or its corresponding type declarations.
src/app/actions/queue/query.actions.ts(10,34): error TS2307: Cannot find module '@/services/queue-job.service' or its corresponding type declarations.
src/app/actions/queue/stats.actions.ts(10,34): error TS2307: Cannot find module '@/services/queue-job.service' or its corresponding type declarations.
src/app/actions/queue/stats.actions.ts(79,40): error TS2304: Cannot find name 'QueueJobStatus'.
src/app/actions/queue/stats.actions.ts(131,57): error TS7006: Parameter 'acc' implicitly has an 'any' type.
src/app/actions/queue/stats.actions.ts(131,62): error TS7006: Parameter 'job' implicitly has an 'any' type.
src/app/actions/search/search.actions.ts(14,80): error TS2304: Cannot find name 'ServerImage'.
src/app/actions/system/settings.actions.ts(61,5): error TS2322: Type 'Record<string, unknown>' is not assignable to type 'JsonNull | InputJsonValue'.
  Type 'Record<string, unknown>' is missing the following properties from type 'readonly (InputJsonValue | null)[]': length, concat, join, slice, and 26 more.
src/app/actions/system/settings.actions.ts(115,13): error TS2353: Object literal may only specify known properties, and 'userId' does not exist in type 'SettingsWhereUniqueInput'.
src/app/actions/system/settings.actions.ts(160,5): error TS2322: Type 'Record<string, unknown>' is not assignable to type 'JsonNull | InputJsonValue | undefined'.
  Type 'Record<string, unknown>' is missing the following properties from type 'readonly (InputJsonValue | null)[]': length, concat, join, slice, and 26 more.
src/app/actions/system/settings.actions.ts(165,5): error TS2322: Type 'Record<string, unknown>' is not assignable to type 'JsonNull | InputJsonValue'.
  Type 'Record<string, unknown>' is missing the following properties from type 'readonly (InputJsonValue | null)[]': length, concat, join, slice, and 26 more.
src/app/actions/system/settings.actions.ts(202,5): error TS2322: Type 'Record<string, unknown>' is not assignable to type 'JsonNull | InputJsonValue | undefined'.
  Type 'Record<string, unknown>' is missing the following properties from type 'readonly (InputJsonValue | null)[]': length, concat, join, slice, and 26 more.
src/app/actions/system/settings.actions.ts(207,5): error TS2322: Type 'Record<string, unknown>' is not assignable to type 'JsonNull | InputJsonValue'.
  Type 'Record<string, unknown>' is missing the following properties from type 'readonly (InputJsonValue | null)[]': length, concat, join, slice, and 26 more.
src/app/actions/system/settings.actions.ts(243,13): error TS2353: Object literal may only specify known properties, and 'userId' does not exist in type 'SettingsWhereUniqueInput'.
src/app/actions/system/settings.actions.ts(255,74): error TS2345: Argument of type '{ profileId: string; }' is not assignable to parameter of type 'string'.
src/app/actions/system/settings.actions.ts(302,5): error TS2322: Type 'Record<string, unknown>' is not assignable to type 'JsonNull | InputJsonValue | undefined'.
  Type 'Record<string, unknown>' is missing the following properties from type 'readonly (InputJsonValue | null)[]': length, concat, join, slice, and 26 more.
src/app/actions/system/settings.actions.ts(307,5): error TS2322: Type 'Record<string, unknown>' is not assignable to type 'JsonNull | InputJsonValue'.
  Type 'Record<string, unknown>' is missing the following properties from type 'readonly (InputJsonValue | null)[]': length, concat, join, slice, and 26 more.
src/app/actions/system/settings.actions.ts(319,77): error TS2345: Argument of type '{ profileId: string; }' is not assignable to parameter of type 'string'.
src/app/actions/system/settings.actions.ts(368,78): error TS2345: Argument of type '{ profileId: string; }' is not assignable to parameter of type 'string'.
src/app/actions/tags/client-tag-exports.ts(14,2): error TS2305: Module '"@/transformers/tag"' has no exported member 'createTagFilter'.
src/app/actions/tags/client-tag-exports.ts(15,2): error TS2305: Module '"@/transformers/tag"' has no exported member 'createTagOrderBy'.
src/app/actions/tags/client-tag-exports.ts(18,2): error TS2305: Module '"@/transformers/tag"' has no exported member 'extendTag'.
src/app/actions/tags/client-tag-exports.ts(20,2): error TS2305: Module '"@/transformers/tag"' has no exported member 'extendTags'.
src/app/actions/tags/client-tag-exports.ts(21,2): error TS2305: Module '"@/transformers/tag"' has no exported member 'formatSize'.
src/app/actions/tags/client-tag-exports.ts(22,2): error TS2305: Module '"@/transformers/tag"' has no exported member 'fromPrismaTag'.
src/app/actions/tags/client-tag-exports.ts(23,2): error TS2305: Module '"@/transformers/tag"' has no exported member 'fromTagComplete'.
src/app/actions/tags/client-tag-exports.ts(24,2): error TS2305: Module '"@/transformers/tag"' has no exported member 'generateTagColor'.
src/app/actions/tags/client-tag-exports.ts(25,2): error TS2305: Module '"@/transformers/tag"' has no exported member 'generateTagEmoji'.
src/app/actions/tags/client-tag-exports.ts(31,2): error TS2459: Module '"@/transformers/tag"' declares 'mapTagSearchOptionsToPrisma' locally, but it is not exported.
src/app/actions/tags/client-tag-exports.ts(35,2): error TS2305: Module '"@/transformers/tag"' has no exported member 'normalizeTagCategory'.
src/app/actions/tags/client-tag-exports.ts(36,2): error TS2305: Module '"@/transformers/tag"' has no exported member 'normalizeTagRarity'.
src/app/actions/tags/client-tag-exports.ts(37,2): error TS2305: Module '"@/transformers/tag"' has no exported member 'parseTagFilters'.
src/app/actions/tags/client-tag-exports.ts(40,2): error TS2305: Module '"@/transformers/tag"' has no exported member 'tagToTagWithStats'.
src/app/actions/tags/client-tag-exports.ts(41,2): error TS2305: Module '"@/transformers/tag"' has no exported member 'toPrismaTag'.
src/app/actions/tags/client-tag-exports.ts(43,2): error TS2305: Module '"@/transformers/tag"' has no exported member 'toTagComplete'.
src/app/actions/tags/client-tag-exports.ts(46,2): error TS2305: Module '"@/transformers/tag"' has no exported member 'transformTag'.
src/app/actions/tags/client-tag-exports.ts(47,2): error TS2305: Module '"@/transformers/tag"' has no exported member 'transformTagToExtended'.
src/app/actions/tags/client-tag-exports.ts(49,2): error TS2724: '"@/transformers/tag"' has no exported member named 'transformTagToWithStats'. Did you mean 'transformTagToPrisma'?
src/app/actions/tags/client-tag-exports.ts(51,2): error TS2459: Module '"@/transformers/tag"' declares 'validateTag' locally, but it is not exported.
src/app/actions/tags/crud.actions.ts(14,15): error TS2305: Module '"@/types/entities/tag"' has no exported member 'TagCreate'.
src/app/actions/tags/crud.actions.ts(14,43): error TS2305: Module '"@/types/entities/tag"' has no exported member 'Tag'.
src/app/actions/tags/crud.actions.ts(14,48): error TS2305: Module '"@/types/entities/tag"' has no exported member 'TagUpdate'.
src/app/actions/tags/query.actions.ts(212,3): error TS2322: Type '{ _count: { images: number; }; } & { id: string; createdAt: Date; updatedAt: Date; name: string; description: string | null; emoji: string; color: string; featuredImage: string | null; isFavorite: boolean; shortcut: string | null; category: string | null; }' is not assignable to type 'TagBase'.
  Types of property 'category' are incompatible.
    Type 'string | null' is not assignable to type 'string'.
      Type 'null' is not assignable to type 'string'.
src/app/actions/tags/query.actions.ts(324,3): error TS2322: Type '({ _count: { images: number; }; } & { id: string; createdAt: Date; updatedAt: Date; name: string; description: string | null; emoji: string; color: string; featuredImage: string | null; isFavorite: boolean; shortcut: string | null; category: string | null; })[]' is not assignable to type 'TagBase[]'.
  Type '{ _count: { images: number; }; } & { id: string; createdAt: Date; updatedAt: Date; name: string; description: string | null; emoji: string; color: string; featuredImage: string | null; isFavorite: boolean; shortcut: string | null; category: string | null; }' is not assignable to type 'TagBase'.
    Types of property 'category' are incompatible.
      Type 'string | null' is not assignable to type 'string'.
        Type 'null' is not assignable to type 'string'.
src/app/actions/tags/relation.actions.ts(95,22): error TS2322: Type '"stats:change"' is not assignable to type 'EventType'.
src/app/actions/tags/relation.actions.ts(152,22): error TS2322: Type '"stats:change"' is not assignable to type 'EventType'.
src/app/actions/tags/relation.actions.ts(266,22): error TS2322: Type '"stats:change"' is not assignable to type 'EventType'.
src/app/actions/tags/relation.actions.ts(325,22): error TS2322: Type '"stats:change"' is not assignable to type 'EventType'.
src/app/actions/tasks/crud.actions.ts(59,29): error TS2339: Property 'scheduledTask' does not exist on type 'PrismaClient<PrismaClientOptions, never, DefaultArgs>'.
src/app/actions/tasks/crud.actions.ts(95,37): error TS2339: Property 'scheduledTask' does not exist on type 'PrismaClient<PrismaClientOptions, never, DefaultArgs>'.
src/app/actions/tasks/crud.actions.ts(104,29): error TS2339: Property 'scheduledTask' does not exist on type 'PrismaClient<PrismaClientOptions, never, DefaultArgs>'.
src/app/actions/tasks/crud.actions.ts(147,29): error TS2339: Property 'scheduledTask' does not exist on type 'PrismaClient<PrismaClientOptions, never, DefaultArgs>'.
src/app/actions/tasks/crud.actions.ts(161,16): error TS2339: Property 'scheduledTask' does not exist on type 'PrismaClient<PrismaClientOptions, never, DefaultArgs>'.
src/app/actions/tasks/crud.actions.ts(190,37): error TS2339: Property 'scheduledTask' does not exist on type 'PrismaClient<PrismaClientOptions, never, DefaultArgs>'.
src/app/actions/tasks/crud.actions.ts(199,39): error TS7006: Parameter 't' implicitly has an 'any' type.
src/app/actions/tasks/crud.actions.ts(204,16): error TS2339: Property 'scheduledTask' does not exist on type 'PrismaClient<PrismaClientOptions, never, DefaultArgs>'.
src/app/actions/tasks/index.ts(10,33): error TS2307: Cannot find module './control.actions' or its corresponding type declarations.
src/app/actions/tasks/index.ts(48,24): error TS2339: Property 'processNextTask' does not exist on type 'typeof import("D:/DEV/image-manager/src/app/actions/tasks/process.actions")'.
src/app/actions/tasks/index.ts(52,24): error TS2339: Property 'processTaskById' does not exist on type 'typeof import("D:/DEV/image-manager/src/app/actions/tasks/process.actions")'.
src/app/actions/tasks/index.ts(61,22): error TS2339: Property 'getTaskById' does not exist on type 'typeof import("D:/DEV/image-manager/src/app/actions/tasks/query.actions")'.
src/app/actions/tasks/index.ts(74,22): error TS2339: Property 'getTaskCounts' does not exist on type 'typeof import("D:/DEV/image-manager/src/app/actions/tasks/stats.actions")'.
src/app/actions/tasks/process.actions.ts(58,29): error TS2339: Property 'scheduledTask' does not exist on type 'PrismaClient<PrismaClientOptions, never, DefaultArgs>'.
src/app/actions/tasks/process.actions.ts(70,36): error TS2339: Property 'scheduledTask' does not exist on type 'PrismaClient<PrismaClientOptions, never, DefaultArgs>'.
src/app/actions/tasks/process.actions.ts(101,29): error TS2339: Property 'scheduledTask' does not exist on type 'PrismaClient<PrismaClientOptions, never, DefaultArgs>'.
src/app/actions/tasks/process.actions.ts(120,36): error TS2339: Property 'scheduledTask' does not exist on type 'PrismaClient<PrismaClientOptions, never, DefaultArgs>'.
src/app/actions/tasks/process.actions.ts(154,29): error TS2339: Property 'scheduledTask' does not exist on type 'PrismaClient<PrismaClientOptions, never, DefaultArgs>'.
src/app/actions/tasks/process.actions.ts(169,36): error TS2339: Property 'scheduledTask' does not exist on type 'PrismaClient<PrismaClientOptions, never, DefaultArgs>'.
src/app/actions/tasks/process.actions.ts(204,29): error TS2339: Property 'scheduledTask' does not exist on type 'PrismaClient<PrismaClientOptions, never, DefaultArgs>'.
src/app/actions/tasks/process.actions.ts(216,36): error TS2339: Property 'scheduledTask' does not exist on type 'PrismaClient<PrismaClientOptions, never, DefaultArgs>'.
src/app/actions/tasks/process.actions.ts(245,29): error TS2339: Property 'scheduledTask' does not exist on type 'PrismaClient<PrismaClientOptions, never, DefaultArgs>'.
src/app/actions/tasks/process.actions.ts(257,36): error TS2339: Property 'scheduledTask' does not exist on type 'PrismaClient<PrismaClientOptions, never, DefaultArgs>'.
src/app/actions/tasks/process.actions.ts(287,29): error TS2339: Property 'scheduledTask' does not exist on type 'PrismaClient<PrismaClientOptions, never, DefaultArgs>'.
src/app/actions/tasks/process.actions.ts(299,36): error TS2339: Property 'scheduledTask' does not exist on type 'PrismaClient<PrismaClientOptions, never, DefaultArgs>'.
src/app/actions/tasks/query.actions.ts(48,29): error TS2339: Property 'scheduledTask' does not exist on type 'PrismaClient<PrismaClientOptions, never, DefaultArgs>'.
src/app/actions/tasks/query.actions.ts(87,32): error TS2339: Property 'scheduledTask' does not exist on type 'PrismaClient<PrismaClientOptions, never, DefaultArgs>'.
src/app/actions/tasks/query.actions.ts(118,32): error TS2339: Property 'scheduledTask' does not exist on type 'PrismaClient<PrismaClientOptions, never, DefaultArgs>'.
src/app/actions/tasks/query.actions.ts(154,32): error TS2339: Property 'scheduledTask' does not exist on type 'PrismaClient<PrismaClientOptions, never, DefaultArgs>'.
src/app/actions/tasks/query.actions.ts(183,30): error TS2339: Property 'scheduledTask' does not exist on type 'PrismaClient<PrismaClientOptions, never, DefaultArgs>'.
src/app/actions/tasks/stats.actions.ts(52,13): error TS2339: Property 'scheduledTask' does not exist on type 'PrismaClient<PrismaClientOptions, never, DefaultArgs>'.
src/app/actions/tasks/stats.actions.ts(55,13): error TS2339: Property 'scheduledTask' does not exist on type 'PrismaClient<PrismaClientOptions, never, DefaultArgs>'.
src/app/actions/tasks/stats.actions.ts(61,13): error TS2339: Property 'scheduledTask' does not exist on type 'PrismaClient<PrismaClientOptions, never, DefaultArgs>'.
src/app/actions/tasks/stats.actions.ts(67,13): error TS2339: Property 'scheduledTask' does not exist on type 'PrismaClient<PrismaClientOptions, never, DefaultArgs>'.
src/app/actions/tasks/stats.actions.ts(82,64): error TS7031: Binding element 'status' implicitly has an 'any' type.
src/app/actions/tasks/stats.actions.ts(82,72): error TS7031: Binding element '_count' implicitly has an 'any' type.
src/app/actions/tasks/stats.actions.ts(85,60): error TS7031: Binding element 'type' implicitly has an 'any' type.
src/app/actions/tasks/stats.actions.ts(85,66): error TS7031: Binding element '_count' implicitly has an 'any' type.
src/app/actions/tasks/stats.actions.ts(89,7): error TS7006: Parameter 'task' implicitly has an 'any' type.
src/app/actions/tasks/stats.actions.ts(94,32): error TS7006: Parameter 'acc' implicitly has an 'any' type.
src/app/actions/tasks/stats.actions.ts(94,37): error TS7006: Parameter 'task' implicitly has an 'any' type.
src/app/actions/tasks/stats.actions.ts(140,13): error TS2339: Property 'scheduledTask' does not exist on type 'PrismaClient<PrismaClientOptions, never, DefaultArgs>'.
src/app/actions/tasks/stats.actions.ts(145,13): error TS2339: Property 'scheduledTask' does not exist on type 'PrismaClient<PrismaClientOptions, never, DefaultArgs>'.
src/app/actions/tasks/stats.actions.ts(156,13): error TS2339: Property 'scheduledTask' does not exist on type 'PrismaClient<PrismaClientOptions, never, DefaultArgs>'.
src/app/actions/tasks/stats.actions.ts(167,13): error TS2339: Property 'scheduledTask' does not exist on type 'PrismaClient<PrismaClientOptions, never, DefaultArgs>'.
src/app/actions/tasks/stats.actions.ts(186,29): error TS7006: Parameter 'acc' implicitly has an 'any' type.
src/app/actions/tasks/stats.actions.ts(186,34): error TS7006: Parameter 'task' implicitly has an 'any' type.
src/app/actions/tasks/stats.actions.ts(230,38): error TS2339: Property 'scheduledTask' does not exist on type 'PrismaClient<PrismaClientOptions, never, DefaultArgs>'.
src/app/actions/tasks/stats.actions.ts(247,7): error TS7006: Parameter 'acc' implicitly has an 'any' type.
src/app/actions/tasks/stats.actions.ts(247,12): error TS7006: Parameter 'task' implicitly has an 'any' type.
src/app/actions/tasks/stats.actions.ts(285,31): error TS18046: 'b' is of type 'unknown'.
src/app/actions/tasks/stats.actions.ts(285,35): error TS18046: 'a' is of type 'unknown'.
src/app/actions/tasks/stats.actions.ts(288,9): error TS2322: Type 'unknown' is not assignable to type 'number'.
src/app/actions/thumbnails/thumbnails.actions.ts(10,15): error TS2305: Module '"@/types/thumbnails"' has no exported member 'LastProcessedThumbnail'.
src/app/actions/thumbnails/thumbnails.actions.ts(10,39): error TS2305: Module '"@/types/thumbnails"' has no exported member 'ThumbnailStats'.
src/app/actions/uploaded-images/uploaded-images.actions.ts(9,41): error TS2724: '"@/types/entities/uploaded-image"' has no exported member named 'UploadedImageType'. Did you mean 'UploadedFileType'?
src/app/actions/videos/stats.actions.ts(8,15): error TS2305: Module '"@/types/entities/video/types"' has no exported member 'VideoStats'.
src/app/actions/videos/video-visual-config.actions.ts(4,15): error TS2305: Module '"@/types/entities/video/types"' has no exported member 'VideoVisualConfig'.
src/app/actions/videos/video.actions.ts(6,38): error TS2307: Cannot find module '@/app/actions/revalidate' or its corresponding type declarations.
src/app/actions/videos/video.actions.ts(10,2): error TS2305: Module '"@/types/entities/video/types"' has no exported member 'CreateVideoInput'.
src/app/actions/videos/video.actions.ts(11,2): error TS2305: Module '"@/types/entities/video/types"' has no exported member 'PaginatedVideos'.
src/app/actions/videos/video.actions.ts(12,2): error TS2305: Module '"@/types/entities/video/types"' has no exported member 'UpdateVideoInput'.
src/app/actions/videos/video.actions.ts(13,2): error TS2305: Module '"@/types/entities/video/types"' has no exported member 'VideoExtended'.
src/app/actions/videos/video.actions.ts(14,2): error TS2305: Module '"@/types/entities/video/types"' has no exported member 'VideoFilters'.
src/app/actions/videos/video.actions.ts(15,2): error TS2305: Module '"@/types/entities/video/types"' has no exported member 'VideoPaginationOptions'.
src/app/actions/videos/video.actions.ts(16,2): error TS2305: Module '"@/types/entities/video/types"' has no exported member 'VideoStats'.
src/app/actions/visual-config.actions.ts(120,18): error TS2339: Property 'folderVisualConfig' does not exist on type 'PrismaClient<PrismaClientOptions, never, DefaultArgs>'.
src/app/actions/visual-config.actions.ts(122,18): error TS2339: Property 'imageVisualConfig' does not exist on type 'PrismaClient<PrismaClientOptions, never, DefaultArgs>'.
src/app/actions/visual-config.actions.ts(124,18): error TS2339: Property 'videoVisualConfig' does not exist on type 'PrismaClient<PrismaClientOptions, never, DefaultArgs>'.
src/app/actions/visual-config.actions.ts(133,18): error TS2339: Property 'folderVisualConfig' does not exist on type 'PrismaClient<PrismaClientOptions, never, DefaultArgs>'.
src/app/actions/visual-config.actions.ts(139,18): error TS2339: Property 'imageVisualConfig' does not exist on type 'PrismaClient<PrismaClientOptions, never, DefaultArgs>'.
src/app/actions/visual-config.actions.ts(145,18): error TS2339: Property 'videoVisualConfig' does not exist on type 'PrismaClient<PrismaClientOptions, never, DefaultArgs>'.
src/app/actions/visual-config.actions.ts(158,18): error TS2339: Property 'folderVisualConfig' does not exist on type 'PrismaClient<PrismaClientOptions, never, DefaultArgs>'.
src/app/actions/visual-config.actions.ts(160,18): error TS2339: Property 'imageVisualConfig' does not exist on type 'PrismaClient<PrismaClientOptions, never, DefaultArgs>'.
src/app/actions/visual-config.actions.ts(162,18): error TS2339: Property 'videoVisualConfig' does not exist on type 'PrismaClient<PrismaClientOptions, never, DefaultArgs>'.
src/app/actions/wildcards/wildcard.actions.ts(29,3): error TS2322: Type '"wildcards:modified"' is not assignable to type 'EventType'.
src/app/actions/wildcards/wildcard.actions.ts(32,38): error TS2339: Property 'WILDCARD_CHANGE' does not exist on type '{ readonly VIEW_INCREMENTED: "view_incremented"; readonly DOWNLOAD_INCREMENTED: "download_incremented"; readonly STATS_UPDATED: "stats_updated"; readonly COLLECTION_CHANGE: "collection_change"; ... 12 more ...; readonly GROUP_CHANGE: "group_change"; }'.
src/app/actions/wildcards/wildcard.actions.ts(439,99): error TS2345: Argument of type '{ id: string; createdAt: Date; updatedAt: Date; name: string; description: string | null; path: string; isFavorite: boolean; metadata: string | null; hash: string; size: number; width: number; ... 11 more ...; noteId: string | null; }' is not assignable to parameter of type 'ServerImage'.
  Property 'isPublic' is missing in type '{ id: string; createdAt: Date; updatedAt: Date; name: string; description: string | null; path: string; isFavorite: boolean; metadata: string | null; hash: string; size: number; width: number; ... 11 more ...; noteId: string | null; }' but required in type 'ServerImage'.
src/app/actions/workflow/crud.actions.ts(3,15): error TS2305: Module '"@/types/entities/workflow/types"' has no exported member 'Workflow'.
src/app/actions/world-items/world-item.actions.ts(21,2): error TS2305: Module '"@/types/entities/world-item"' has no exported member 'CreateWorldItemData'.
src/app/actions/world-items/world-item.actions.ts(22,2): error TS2305: Module '"@/types/entities/world-item"' has no exported member 'UpdateWorldItemData'.
src/app/actions/world-items/world-item.actions.ts(144,4): error TS2322: Type '{ createdAt: Date; updatedAt: Date; attributes: never[] | (string & any[]) | (number & any[]) | (false & any[]) | (true & any[]); effects: never[] | (string & any[]) | (number & any[]) | (false & any[]) | (true & any[]); ... 5 more ...; name: string; }[]' is not assignable to type '(WorldItemExtended & { totalSize: number; imageCount?: number | undefined; recentImages?: string[] | undefined; })[]'.
  Type '{ createdAt: Date; updatedAt: Date; attributes: never[] | (string & any[]) | (number & any[]) | (false & any[]) | (true & any[]); effects: never[] | (string & any[]) | (number & any[]) | (false & any[]) | (true & any[]); ... 5 more ...; name: string; }' is not assignable to type 'WorldItemExtended & { totalSize: number; imageCount?: number | undefined; recentImages?: string[] | undefined; }'.
    Type '{ createdAt: Date; updatedAt: Date; attributes: never[] | (string & any[]) | (number & any[]) | (false & any[]) | (true & any[]); effects: never[] | (string & any[]) | (number & any[]) | (false & any[]) | (true & any[]); ... 5 more ...; name: string; }' is missing the following properties from type 'WorldItemExtended': properties, description, emoji, color, and 9 more.
src/app/actions/world-items/world-item.actions.ts(202,65): error TS2345: Argument of type '{ _count: { images: number; tags: number; concepts: number; prompts: number; notes: number; wildcards: number; properties: number; groups: number; }; } & { id: string; createdAt: Date; updatedAt: Date; ... 17 more ...; origin: string; }' is not assignable to parameter of type 'Partial<{ images: { id: string; createdAt: Date; updatedAt: Date; name: string; description: string | null; path: string; isFavorite: boolean; metadata: string | null; hash: string; size: number; ... 12 more ...; noteId: string | null; }[]; ... 8 more ...; groups: { ...; }[]; } & { ...; }>'.
  Types of property '_count' are incompatible.
    Type '{ images: number; tags: number; concepts: number; prompts: number; notes: number; wildcards: number; properties: number; groups: number; }' is missing the following properties from type '{ images: number; videos: number; albums: number; collections: number; tags: number; characters: number; places: number; concepts: number; prompts: number; notes: number; wildcards: number; properties: number; groups: number; }': videos, albums, collections, characters, places
src/app/actions/world-items/world-item.actions.ts(220,37): error TS2345: Argument of type '{ totalSize: number; imageCount: number; recentImages: never[]; stats: WorldItemStats; attributes: string[]; effects: WorldItemEffect[]; properties: WorldItemProperty[]; ... 24 more ...; origin: string; }[]' is not assignable to parameter of type 'EntityData[]'.
  Type '{ totalSize: number; imageCount: number; recentImages: never[]; stats: WorldItemStats; attributes: string[]; effects: WorldItemEffect[]; ... 25 more ...; origin: string; }' is not assignable to type 'EntityData'.
    Property 'recentImages' is incompatible with index signature.
      Type 'never[]' is not assignable to type 'string | number | boolean | null | undefined'.
src/app/actions/world-items/world-item.actions.ts(259,7): error TS2353: Object literal may only specify known properties, and 'tagEntities' does not exist in type 'WorldItemCountOutputTypeSelect<DefaultArgs>'.
src/app/actions/world-items/world-item.actions.ts(300,30): error TS2345: Argument of type '{ id: string; createdAt: Date; updatedAt: Date; name: string; description: string | null; emoji: string; color: string; featuredImage: string | null; isFavorite: boolean; filters: string; ... 10 more ...; origin: string; }' is not assignable to parameter of type 'WorldItemDeserialized'.
  Type '{ id: string; createdAt: Date; updatedAt: Date; name: string; description: string | null; emoji: string; color: string; featuredImage: string | null; isFavorite: boolean; filters: string; ... 10 more ...; origin: string; }' is missing the following properties from type 'WorldItemDeserialized': properties, attributesList, effectsList, requirementsList, and 4 more.
src/app/actions/world-items/world-item.actions.ts(335,7): error TS2353: Object literal may only specify known properties, and 'tagEntities' does not exist in type 'WorldItemCountOutputTypeSelect<DefaultArgs>'.
src/app/actions/world-items/world-item.actions.ts(345,55): error TS2345: Argument of type '{ id: string; createdAt: Date; updatedAt: Date; name: string; description: string | null; emoji: string; color: string; featuredImage: string | null; isFavorite: boolean; filters: string; ... 10 more ...; origin: string; }' is not assignable to parameter of type 'WorldItemExtended'.
  Property 'properties' is missing in type '{ id: string; createdAt: Date; updatedAt: Date; name: string; description: string | null; emoji: string; color: string; featuredImage: string | null; isFavorite: boolean; filters: string; ... 10 more ...; origin: string; }' but required in type 'WorldItemExtended'.
src/app/actions/world-items/world-item.actions.ts(351,30): error TS2345: Argument of type '{ id: string; createdAt: Date; updatedAt: Date; name: string; description: string | null; emoji: string; color: string; featuredImage: string | null; isFavorite: boolean; filters: string; ... 10 more ...; origin: string; }' is not assignable to parameter of type 'WorldItemDeserialized'.
  Type '{ id: string; createdAt: Date; updatedAt: Date; name: string; description: string | null; emoji: string; color: string; featuredImage: string | null; isFavorite: boolean; filters: string; ... 10 more ...; origin: string; }' is missing the following properties from type 'WorldItemDeserialized': properties, attributesList, effectsList, requirementsList, and 4 more.
src/app/actions/world-items/world-item.actions.ts(394,7): error TS2353: Object literal may only specify known properties, and 'tagEntities' does not exist in type 'WorldItemCountOutputTypeSelect<DefaultArgs>'.
src/app/actions/world-items/world-item.actions.ts(404,45): error TS2345: Argument of type '{ id: string; createdAt: Date; updatedAt: Date; name: string; description: string | null; emoji: string; color: string; featuredImage: string | null; isFavorite: boolean; filters: string; ... 10 more ...; origin: string; }' is not assignable to parameter of type 'WorldItemExtended'.
  Property 'properties' is missing in type '{ id: string; createdAt: Date; updatedAt: Date; name: string; description: string | null; emoji: string; color: string; featuredImage: string | null; isFavorite: boolean; filters: string; ... 10 more ...; origin: string; }' but required in type 'WorldItemExtended'.
src/app/actions/world-items/world-item.actions.ts(410,30): error TS2345: Argument of type '{ id: string; createdAt: Date; updatedAt: Date; name: string; description: string | null; emoji: string; color: string; featuredImage: string | null; isFavorite: boolean; filters: string; ... 10 more ...; origin: string; }' is not assignable to parameter of type 'WorldItemDeserialized'.
  Type '{ id: string; createdAt: Date; updatedAt: Date; name: string; description: string | null; emoji: string; color: string; featuredImage: string | null; isFavorite: boolean; filters: string; ... 10 more ...; origin: string; }' is missing the following properties from type 'WorldItemDeserialized': properties, attributesList, effectsList, requirementsList, and 4 more.
src/app/api/debug/app-stats/route.ts(19,31): error TS2339: Property 'getStats' does not exist on type '{ trackRequest: (status: number, responseTime: number) => void; trackPendingRequest: (increment: 1 | -1) => void; trackError: (error: Error, type?: string) => void; trackDatabaseQuery: (queryTime: number, isSlow?: boolean) => void; ... 5 more ...; logShutdown: () => Promise<...>; }'.
src/app/api/debug/system-stats/route.ts(4,10): error TS2305: Module '"@/lib/server/system-monitor"' has no exported member 'systemMonitor'.
src/app/api/drizzle-test/route.ts(2,35): error TS2307: Cannot find module '@/drizzle/repository' or its corresponding type declarations.
src/app/api/images/[id]/thumbnail/route.ts(28,64): error TS2345: Argument of type 'unknown' is not assignable to parameter of type 'string | undefined'.
src/app/debug/actions/page.tsx(2,65): error TS2307: Cannot find module '@/app/actions/logger-test' or its corresponding type declarations.
src/app/folders/[id]/delete-button.tsx(36,15): error TS2339: Property 'success' does not exist on type 'void'.
src/app/folders/[id]/delete-button.tsx(41,21): error TS2339: Property 'error' does not exist on type 'void'.
src/app/folders/[id]/edit/page.tsx(11,15): error TS2305: Module '"@/types/entities/folder"' has no exported member 'Folder'.
src/app/folders/[id]/edit/page.tsx(68,15): error TS2339: Property 'success' does not exist on type 'FolderBase'.
src/app/folders/[id]/edit/page.tsx(72,21): error TS2339: Property 'error' does not exist on type 'FolderBase'.
src/app/folders/[id]/page.tsx(3,31): error TS2307: Cannot find module '@/app/actions/folder' or its corresponding type declarations.
src/app/folders/create/page.tsx(33,5): error TS2322: Type 'string | undefined' is not assignable to type 'string | null'.
  Type 'undefined' is not assignable to type 'string | null'.
src/app/folders/create/page.tsx(34,5): error TS2322: Type 'string | undefined' is not assignable to type 'string | null'.
  Type 'undefined' is not assignable to type 'string | null'.
src/app/folders/create/page.tsx(35,5): error TS2322: Type 'string | undefined' is not assignable to type 'string | null'.
  Type 'undefined' is not assignable to type 'string | null'.
src/app/folders/create/page.tsx(38,15): error TS2339: Property 'success' does not exist on type 'FolderBase'.
src/app/folders/create/page.tsx(42,21): error TS2339: Property 'error' does not exist on type 'FolderBase'.
src/app/folders/page.tsx(2,31): error TS2307: Cannot find module '@/app/actions/folder' or its corresponding type declarations.
src/app/folders/page.tsx(35,20): error TS7006: Parameter 'folder' implicitly has an 'any' type.
src/app/test/grid-view/page.tsx(1,26): error TS2307: Cannot find module '@/components/features/file-browser/views/test-grid-view' or its corresponding type declarations.
src/components/cards/album-card/album-card-content.tsx(4,15): error TS2305: Module '"@/types/entities/album"' has no exported member 'Album'.
src/components/cards/album-card/album-card-footer.tsx(4,15): error TS2305: Module '"@/types/entities/album"' has no exported member 'Album'.
src/components/cards/album-card/album-card-header.tsx(5,15): error TS2305: Module '"@/types/entities/album"' has no exported member 'Album'.
src/components/cards/album-card/album-card.tsx(6,15): error TS2305: Module '"@/types/entities/album"' has no exported member 'Album'.
src/components/cards/album-card/album-server-actions.ts(5,15): error TS2305: Module '"@/types/entities/album"' has no exported member 'Album'.
src/components/cards/album-card/album-server-actions.ts(157,16): error TS2339: Property 'theme' does not exist on type '{ _count: { images: number; videos: number; collections: number; tags: number; characters: number; places: number; worldItems: number; concepts: number; prompts: number; notes: number; wildcards: number; properties: number; groups: number; }; } & { ...; }'.
src/components/cards/album-card/album-server-actions.ts(158,17): error TS2339: Property 'layout' does not exist on type '{ _count: { images: number; videos: number; collections: number; tags: number; characters: number; places: number; worldItems: number; concepts: number; prompts: number; notes: number; wildcards: number; properties: number; groups: number; }; } & { ...; }'.
src/components/cards/album-card/album-server-actions.ts(159,25): error TS2339: Property 'thumbnailSize' does not exist on type '{ _count: { images: number; videos: number; collections: number; tags: number; characters: number; places: number; worldItems: number; concepts: number; prompts: number; notes: number; wildcards: number; properties: number; groups: number; }; } & { ...; }'.
src/components/cards/album-card/album-server-actions.ts(168,3): error TS2322: Type '{ itemCount: number; imageCount: number; videoCount: number; lastModified: Date; coverImageUrl: string | null; thumbnailUrls: string[]; entitiesCount: number; }' is not assignable to type '{ itemCount?: number | undefined; imageCount?: number | undefined; videoCount?: number | undefined; coverImageUrl?: string | undefined; thumbnailUrls?: string[] | undefined; lastModified?: string | ... 1 more ... | undefined; }'.
  Types of property 'coverImageUrl' are incompatible.
    Type 'string | null' is not assignable to type 'string | undefined'.
      Type 'null' is not assignable to type 'string | undefined'.
src/components/cards/album-card/album-server-actions.ts(267,19): error TS2339: Property 'theme' does not exist on type '{ _count: { images: number; videos: number; collections: number; tags: number; characters: number; places: number; worldItems: number; concepts: number; prompts: number; notes: number; wildcards: number; properties: number; groups: number; }; } & { ...; }'.
src/components/cards/album-card/album-server-actions.ts(268,20): error TS2339: Property 'layout' does not exist on type '{ _count: { images: number; videos: number; collections: number; tags: number; characters: number; places: number; worldItems: number; concepts: number; prompts: number; notes: number; wildcards: number; properties: number; groups: number; }; } & { ...; }'.
src/components/cards/album-card/album-server-actions.ts(269,28): error TS2339: Property 'thumbnailSize' does not exist on type '{ _count: { images: number; videos: number; collections: number; tags: number; characters: number; places: number; worldItems: number; concepts: number; prompts: number; notes: number; wildcards: number; properties: number; groups: number; }; } & { ...; }'.
src/components/cards/character-card/character-card-content.tsx(211,9): error TS2322: Type '{ value: number; className: string; indicatorClassName: string; }' is not assignable to type 'IntrinsicAttributes & ProgressProps & RefAttributes<HTMLDivElement>'.
  Property 'indicatorClassName' does not exist on type 'IntrinsicAttributes & ProgressProps & RefAttributes<HTMLDivElement>'.
src/components/cards/character-card/character-card-content.tsx(227,9): error TS2322: Type '{ value: number; className: string; indicatorClassName: string; }' is not assignable to type 'IntrinsicAttributes & ProgressProps & RefAttributes<HTMLDivElement>'.
  Property 'indicatorClassName' does not exist on type 'IntrinsicAttributes & ProgressProps & RefAttributes<HTMLDivElement>'.
src/components/cards/character-card/character-card-images.tsx(3,24): error TS2307: Cannot find module 'framer-motion' or its corresponding type declarations.
src/components/cards/character-card/character-card.tsx(113,47): error TS2339: Property 'color' does not exist on type 'CharacterCardData'.
src/components/cards/character-card/character-card.tsx(113,78): error TS2339: Property 'color' does not exist on type 'CharacterCardData'.
src/components/cards/character-card/character-card.tsx(116,18): error TS2339: Property 'color' does not exist on type 'CharacterCardData'.
src/components/cards/character-card/character-card.tsx(129,40): error TS2339: Property 'color' does not exist on type 'CharacterCardData'.
src/components/cards/character-card/character-card.tsx(130,40): error TS2339: Property 'color' does not exist on type 'CharacterCardData'.
src/components/cards/character-card/character-card.tsx(131,40): error TS2339: Property 'color' does not exist on type 'CharacterCardData'.
src/components/cards/character-card/character-card.tsx(145,16): error TS2339: Property 'color' does not exist on type 'CharacterCardData'.
src/components/cards/character-card/character-card.tsx(256,24): error TS2339: Property 'emoji' does not exist on type 'CharacterCardData'.
src/components/cards/character-card/character-card.tsx(270,29): error TS2322: Type '{ id: string; thumbnailUrl: string; isVideo: boolean; }[]' is not assignable to type 'string[]'.
  Type '{ id: string; thumbnailUrl: string; isVideo: boolean; }' is not assignable to type 'string'.
src/components/cards/character-card/character-card.tsx(270,65): error TS2339: Property 'emoji' does not exist on type 'CharacterCardData'.
src/components/cards/character-card/character-card.tsx(277,9): error TS2322: Type '{ description: string; stats: Record<string, number> | undefined; abilities: string[] | undefined; backstory: string | null; alignment: string; primaryColor: any; secondaryColor: string; healthPoints: number; manaPoints: number; tcgMode: boolean; }' is not assignable to type 'IntrinsicAttributes & CharacterCardContentProps'.
  Property 'backstory' does not exist on type 'IntrinsicAttributes & CharacterCardContentProps'.
src/components/cards/character-card/character-card.tsx(292,7): error TS2322: Type '"Common" | "Uncommon" | "Rare" | "Mythic"' is not assignable to type 'number | undefined'.
  Type 'string' is not assignable to type 'number'.
src/components/cards/character-card/character-server-actions.ts(6,18): error TS2430: Interface 'CharacterCardData' incorrectly extends interface 'CharacterBase'.
  Types of property 'metadata' are incompatible.
    Type '{ power: number; rarityLevel: "Common" | "Uncommon" | "Rare" | "Mythic"; cardId: string; healthPoints?: number | undefined; manaPoints?: number | undefined; totalAttacks?: number | undefined; } | undefined' is not assignable to type 'JsonValue'.
      Type 'undefined' is not assignable to type 'JsonValue'.
src/components/cards/character-card/character-server-actions.ts(186,2): error TS2739: Type '{ recentImages: string[]; recentVideos: string[]; parsedStats: any; parsedRelationships: any; parsedGoals: any; parsedFears: any; parsedBeliefs: any; parsedPersonality: any; parsedSkills: any; parsedAbilities: any; ... 32 more ...; abilities: string; }' is missing the following properties from type 'CharacterCardData': inventory, spells, feats, isActive
src/components/cards/character-card/character-server-actions.ts(526,2): error TS2322: Type '{ parsedStats: any; parsedAbilities: any; metadata: { power: number; rarityLevel: "Common" | "Uncommon" | "Rare" | "Mythic"; cardId: string; }; _count: { images: number; videos: number; relatedCharacters: number; relatedTo: number; }; ... 28 more ...; abilities: string; }[]' is not assignable to type 'CharacterCardData[]'.
  Type '{ parsedStats: any; parsedAbilities: any; metadata: { power: number; rarityLevel: "Common" | "Uncommon" | "Rare" | "Mythic"; cardId: string; }; _count: { images: number; videos: number; relatedCharacters: number; relatedTo: number; }; ... 28 more ...; abilities: string; }' is missing the following properties from type 'CharacterCardData': inventory, spells, feats, isActive
src/components/cards/collection-card/collection-card-content.tsx(4,15): error TS2305: Module '"@/types/entities/collection/types"' has no exported member 'CollectionEdition'.
src/components/cards/collection-card/collection-card.tsx(7,15): error TS2305: Module '"@/types/entities/collection/types"' has no exported member 'CollectionWithRelations'.
src/components/cards/collection-card/collection-server-actions.ts(5,33): error TS2306: File 'D:/DEV/image-manager/src/types/entities/collection/base.ts' is not a module.
src/components/cards/collection-card/collection-server-actions.ts(6,15): error TS2305: Module '"@/types/entities/collection/types"' has no exported member 'CollectionWithRelations'.
src/components/cards/collection-card/collection-server-actions.ts(55,80): error TS2304: Cannot find name 'ThumbnailImage'.
src/components/cards/collection-card/collection-server-actions.ts(83,21): error TS2304: Cannot find name 'ThumbnailImage'.
src/components/cards/concept-card/concept-card-footer.tsx(195,52): error TS18047: 'category' is possibly 'null'.
src/components/cards/concept-card/concept-card.tsx(7,15): error TS2305: Module '"@/types/entities/concept"' has no exported member 'ConceptComplete'.
src/components/cards/concept-card/concept-card.tsx(7,32): error TS2724: '"@/types/entities/concept"' has no exported member named 'ConceptWithStats'. Did you mean 'ConceptStatus'?
src/components/cards/concept-card/concept-server-actions.ts(125,7): error TS2353: Object literal may only specify known properties, and 'tags' does not exist in type 'ConceptCountOutputTypeSelect<DefaultArgs>'.
src/components/cards/concept-card/concept-server-actions.ts(150,19): error TS2339: Property '_count' does not exist on type '{ id: string; createdAt: Date; updatedAt: Date; name: string; description: string | null; emoji: string; color: string; featuredImage: string | null; isFavorite: boolean; category: string; content: string; }'.
src/components/cards/concept-card/concept-server-actions.ts(151,19): error TS2339: Property '_count' does not exist on type '{ id: string; createdAt: Date; updatedAt: Date; name: string; description: string | null; emoji: string; color: string; featuredImage: string | null; isFavorite: boolean; category: string; content: string; }'.
src/components/cards/concept-card/concept-server-actions.ts(154,19): error TS2339: Property '_count' does not exist on type '{ id: string; createdAt: Date; updatedAt: Date; name: string; description: string | null; emoji: string; color: string; featuredImage: string | null; isFavorite: boolean; category: string; content: string; }'.
src/components/cards/concept-card/concept-server-actions.ts(155,24): error TS2339: Property '_count' does not exist on type '{ id: string; createdAt: Date; updatedAt: Date; name: string; description: string | null; emoji: string; color: string; featuredImage: string | null; isFavorite: boolean; category: string; content: string; }'.
src/components/cards/concept-card/concept-server-actions.ts(156,17): error TS2339: Property '_count' does not exist on type '{ id: string; createdAt: Date; updatedAt: Date; name: string; description: string | null; emoji: string; color: string; featuredImage: string | null; isFavorite: boolean; category: string; content: string; }'.
src/components/cards/concept-card/concept-server-actions.ts(159,23): error TS2339: Property '_count' does not exist on type '{ id: string; createdAt: Date; updatedAt: Date; name: string; description: string | null; emoji: string; color: string; featuredImage: string | null; isFavorite: boolean; category: string; content: string; }'.
src/components/cards/concept-card/concept-server-actions.ts(160,19): error TS2339: Property '_count' does not exist on type '{ id: string; createdAt: Date; updatedAt: Date; name: string; description: string | null; emoji: string; color: string; featuredImage: string | null; isFavorite: boolean; category: string; content: string; }'.
src/components/cards/concept-card/concept-server-actions.ts(161,23): error TS2339: Property '_count' does not exist on type '{ id: string; createdAt: Date; updatedAt: Date; name: string; description: string | null; emoji: string; color: string; featuredImage: string | null; isFavorite: boolean; category: string; content: string; }'.
src/components/cards/concept-card/concept-server-actions.ts(164,20): error TS2339: Property '_count' does not exist on type '{ id: string; createdAt: Date; updatedAt: Date; name: string; description: string | null; emoji: string; color: string; featuredImage: string | null; isFavorite: boolean; category: string; content: string; }'.
src/components/cards/concept-card/concept-server-actions.ts(165,18): error TS2339: Property '_count' does not exist on type '{ id: string; createdAt: Date; updatedAt: Date; name: string; description: string | null; emoji: string; color: string; featuredImage: string | null; isFavorite: boolean; category: string; content: string; }'.
src/components/cards/concept-card/concept-server-actions.ts(166,22): error TS2339: Property '_count' does not exist on type '{ id: string; createdAt: Date; updatedAt: Date; name: string; description: string | null; emoji: string; color: string; featuredImage: string | null; isFavorite: boolean; category: string; content: string; }'.
src/components/cards/concept-card/concept-server-actions.ts(167,23): error TS2339: Property '_count' does not exist on type '{ id: string; createdAt: Date; updatedAt: Date; name: string; description: string | null; emoji: string; color: string; featuredImage: string | null; isFavorite: boolean; category: string; content: string; }'.
src/components/cards/concept-card/concept-server-actions.ts(168,19): error TS2339: Property '_count' does not exist on type '{ id: string; createdAt: Date; updatedAt: Date; name: string; description: string | null; emoji: string; color: string; featuredImage: string | null; isFavorite: boolean; category: string; content: string; }'.
src/components/cards/concept-card/concept-server-actions.ts(219,7): error TS2353: Object literal may only specify known properties, and 'tags' does not exist in type 'ConceptCountOutputTypeSelect<DefaultArgs>'.
src/components/cards/concept-card/concept-server-actions.ts(242,26): error TS2339: Property 'tags' does not exist on type '{ id: string; createdAt: Date; updatedAt: Date; name: string; description: string | null; emoji: string; color: string; featuredImage: string | null; isFavorite: boolean; category: string; content: string; }'.
src/components/cards/concept-card/concept-server-actions.ts(242,55): error TS2339: Property 'tags' does not exist on type '{ id: string; createdAt: Date; updatedAt: Date; name: string; description: string | null; emoji: string; color: string; featuredImage: string | null; isFavorite: boolean; category: string; content: string; }'.
src/components/cards/concept-card/concept-server-actions.ts(242,81): error TS2339: Property 'tags' does not exist on type '{ id: string; createdAt: Date; updatedAt: Date; name: string; description: string | null; emoji: string; color: string; featuredImage: string | null; isFavorite: boolean; category: string; content: string; }'.
src/components/cards/concept-card/concept-server-actions.ts(242,98): error TS2339: Property 'tags' does not exist on type '{ id: string; createdAt: Date; updatedAt: Date; name: string; description: string | null; emoji: string; color: string; featuredImage: string | null; isFavorite: boolean; category: string; content: string; }'.
src/components/cards/entity-card.tsx(6,10): error TS2305: Module '"@/components/ui/shine-border"' has no exported member 'ShineButton'.
src/components/cards/entity-card.tsx(136,4): error TS2322: Type '{ children: (false | Element)[]; className: string; primaryColor: string; secondaryColor: string; tcgMode: boolean; }' is not assignable to type 'IntrinsicAttributes & CardContainerProps & RefAttributes<HTMLDivElement>'.
  Property 'tcgMode' does not exist on type 'IntrinsicAttributes & CardContainerProps & RefAttributes<HTMLDivElement>'.
src/components/cards/folder-card/folder-card-footer.tsx(35,49): error TS2322: Type 'string | null' is not assignable to type 'Color | undefined'.
  Type 'null' is not assignable to type 'Color | undefined'.
src/components/cards/folder-card/folder-card-header.tsx(43,13): error TS2532: Object is possibly 'undefined'.
src/components/cards/folder-card/folder-card.tsx(5,15): error TS2305: Module '"@/types/entities/folder"' has no exported member 'Folder'.
src/components/cards/folder-card/folder-server-actions.ts(5,15): error TS2305: Module '"@/types/entities/folder"' has no exported member 'FolderExtendedComplete'.
src/components/cards/group-card/group-card-images.tsx(3,24): error TS2307: Cannot find module 'framer-motion' or its corresponding type declarations.
src/components/cards/group-card/group-card.tsx(3,24): error TS2307: Cannot find module 'framer-motion' or its corresponding type declarations.
src/components/cards/group-card/group-card.tsx(69,12): error TS2345: Argument of type 'GroupCardData' is not assignable to parameter of type '{ id: string; createdAt: Date; updatedAt: Date; name: string; description: string | null; emoji: string; color: string; featuredImage: string | null; isFavorite: boolean; filters: string; shortcut: string | null; category: string | null; sortBy: string; }'.
  Types of property 'filters' are incompatible.
    Type 'any[] | undefined' is not assignable to type 'string'.
      Type 'undefined' is not assignable to type 'string'.
src/components/cards/group-card/group-card.tsx(76,12): error TS2345: Argument of type 'GroupCardData' is not assignable to parameter of type '{ id: string; createdAt: Date; updatedAt: Date; name: string; description: string | null; emoji: string; color: string; featuredImage: string | null; isFavorite: boolean; filters: string; shortcut: string | null; category: string | null; sortBy: string; }'.
  Types of property 'filters' are incompatible.
    Type 'any[] | undefined' is not assignable to type 'string'.
      Type 'undefined' is not assignable to type 'string'.
src/components/cards/group-card/group-card.tsx(126,5): error TS2353: Object literal may only specify known properties, and 'ringColor' does not exist in type 'Properties<string | number, string & {}>'.
src/components/cards/group-card/group-server-actions.ts(6,18): error TS2430: Interface 'GroupCardData' incorrectly extends interface '{ id: string; createdAt: Date; updatedAt: Date; name: string; description: string | null; emoji: string; color: string; featuredImage: string | null; isFavorite: boolean; filters: string; shortcut: string | null; category: string | null; sortBy: string; }'.
  Types of property 'filters' are incompatible.
    Type 'any[] | undefined' is not assignable to type 'string'.
      Type 'undefined' is not assignable to type 'string'.
src/components/cards/group-card/group-server-actions.ts(110,4): error TS2561: Object literal may only specify known properties, but 'thumbnailPath' does not exist in type 'VideoSelect<DefaultArgs>'. Did you mean to write 'thumbnail'?
src/components/cards/group-card/group-server-actions.ts(118,44): error TS2345: Argument of type '(video: { id: string; thumbnailPath: string | null; }) => string' is not assignable to parameter of type '(value: { id: string; createdAt: Date; updatedAt: Date; name: string; description: string | null; path: string; isFavorite: boolean; metadata: string | null; hash: string; size: number; ... 8 more ...; isPublic: boolean; }, index: number, array: { ...; }[]) => string'.
  Types of parameters 'video' and 'value' are incompatible.
    Property 'thumbnailPath' is missing in type '{ id: string; createdAt: Date; updatedAt: Date; name: string; description: string | null; path: string; isFavorite: boolean; metadata: string | null; hash: string; size: number; width: number | null; ... 7 more ...; isPublic: boolean; }' but required in type '{ id: string; thumbnailPath: string | null; }'.
src/components/cards/image-card/image-card-improved.tsx(220,22): error TS2339: Property 'title' does not exist on type 'ImageCardData'.
src/components/cards/image-card/image-card-improved.tsx(242,19): error TS2339: Property 'title' does not exist on type 'ImageCardData'.
src/components/cards/image-card/image-card-improved.tsx(291,19): error TS2339: Property 'title' does not exist on type 'ImageCardData'.
src/components/cards/image-card/image-card-improved.tsx(309,47): error TS2339: Property 'folderName' does not exist on type 'ImageCardData'.
src/components/cards/image-card/image-card-improved.tsx(390,16): error TS2339: Property 'href' does not exist on type 'ImageCardData'.
src/components/cards/image-card/image-card-improved.tsx(392,26): error TS2339: Property 'href' does not exist on type 'ImageCardData'.
src/components/cards/image-card/image-gallery.tsx(96,12): error TS2339: Property 'title' does not exist on type 'ImageCardData'.
src/components/cards/image-card/image-gallery.tsx(119,22): error TS2339: Property 'title' does not exist on type 'ImageCardData'.
src/components/cards/image-card/image-gallery.tsx(119,51): error TS2339: Property 'title' does not exist on type 'ImageCardData'.
src/components/cards/image-card/image-gallery.tsx(125,22): error TS2339: Property 'fileSize' does not exist on type 'ImageCardData'.
src/components/cards/image-card/image-gallery.tsx(125,42): error TS2339: Property 'fileSize' does not exist on type 'ImageCardData'.
src/components/cards/note-card/note-card-footer.tsx(175,29): error TS2322: Type '(note: any) => any' is not assignable to type 'ReactNode'.
src/components/cards/note-card/note-card-footer.tsx(175,31): error TS7006: Parameter 'note' implicitly has an 'any' type.
src/components/cards/note-card/note-card.tsx(7,15): error TS2305: Module '"@/types/entities/note/types"' has no exported member 'Note'.
src/components/cards/note-card/note-card.tsx(170,5): error TS2322: Type '{ title: any; subtitle: any; icon: Element; primaryColor: any; variant: string; }' is not assignable to type 'IntrinsicAttributes & CardHeaderProps'.
  Property 'variant' does not exist on type 'IntrinsicAttributes & CardHeaderProps'.
src/components/cards/place-card/place-card.tsx(47,3): error TS2339: Property 'id' does not exist on type 'PlaceCardData'.
src/components/cards/place-card/place-card.tsx(48,3): error TS2339: Property 'name' does not exist on type 'PlaceCardData'.
src/components/cards/place-card/place-card.tsx(49,3): error TS2339: Property 'emoji' does not exist on type 'PlaceCardData'.
src/components/cards/place-card/place-card.tsx(50,3): error TS2339: Property 'color' does not exist on type 'PlaceCardData'.
src/components/cards/place-card/place-card.tsx(51,3): error TS2339: Property 'description' does not exist on type 'PlaceCardData'.
src/components/cards/place-card/place-card.tsx(52,3): error TS2339: Property 'region' does not exist on type 'PlaceCardData'.
src/components/cards/place-card/place-card.tsx(53,3): error TS2339: Property 'type' does not exist on type 'PlaceCardData'.
src/components/cards/place-card/place-card.tsx(54,3): error TS2339: Property 'climate' does not exist on type 'PlaceCardData'.
src/components/cards/place-card/place-card.tsx(55,3): error TS2339: Property 'population' does not exist on type 'PlaceCardData'.
src/components/cards/place-card/place-card.tsx(56,3): error TS2339: Property 'government' does not exist on type 'PlaceCardData'.
src/components/cards/place-card/place-card.tsx(57,3): error TS2339: Property 'createdAt' does not exist on type 'PlaceCardData'.
src/components/cards/place-card/place-card.tsx(58,3): error TS2339: Property 'updatedAt' does not exist on type 'PlaceCardData'.
src/components/cards/place-card/place-card.tsx(59,3): error TS2339: Property 'isFavorite' does not exist on type 'PlaceCardData'.
src/components/cards/place-card/place-server-actions.ts(5,15): error TS2305: Module '"@/types/entities/place"' has no exported member 'Place'.
src/components/cards/place-card/place-server-actions.ts(6,15): error TS2305: Module '"@/types/entities/place/types"' has no exported member 'PlaceDanger'.
src/components/cards/place-card/place-server-actions.ts(6,28): error TS2305: Module '"@/types/entities/place/types"' has no exported member 'PlaceResource'.
src/components/cards/prompt-card/prompt-card-grid.tsx(7,10): error TS2305: Module '"@/lib/utils"' has no exported member 'debounce'.
src/components/cards/prompt-card/prompt-card-grid.tsx(8,10): error TS2305: Module '"./prompt-card"' has no exported member 'MemoizedPromptCard'.
src/components/cards/prompt-card/prompt-card.tsx(277,9): error TS2322: Type 'string | null | undefined' is not assignable to type 'string | undefined'.
  Type 'null' is not assignable to type 'string | undefined'.
src/components/cards/prompt-card/prompt-card.tsx(278,9): error TS2322: Type 'string | null | undefined' is not assignable to type 'string | undefined'.
  Type 'null' is not assignable to type 'string | undefined'.
src/components/cards/prompt-card/prompt-card.tsx(279,9): error TS2322: Type 'Record<string, any> | null | undefined' is not assignable to type 'string | Record<string, any> | undefined'.
  Type 'null' is not assignable to type 'string | Record<string, any> | undefined'.
src/components/cards/prompt-card/prompt-card.tsx(280,9): error TS2322: Type 'string | null' is not assignable to type 'string | undefined'.
  Type 'null' is not assignable to type 'string | undefined'.
src/components/cards/prompt-card/prompt-server-actions.ts(88,7): error TS2353: Object literal may only specify known properties, and 'tags' does not exist in type 'PromptCountOutputTypeSelect<DefaultArgs>'.
src/components/cards/prompt-card/prompt-server-actions.ts(125,50): error TS2339: Property 'map' does not exist on type 'string'.
src/components/cards/prompt-card/prompt-server-actions.ts(125,55): error TS7006: Parameter 'tag' implicitly has an 'any' type.
src/components/cards/prompt-card/prompt-server-actions.ts(194,7): error TS2353: Object literal may only specify known properties, and 'tags' does not exist in type 'PromptCountOutputTypeSelect<DefaultArgs>'.
src/components/cards/prompt-card/prompt-server-actions.ts(230,48): error TS2339: Property 'map' does not exist on type 'string'.
src/components/cards/prompt-card/prompt-server-actions.ts(230,53): error TS7006: Parameter 'tag' implicitly has an 'any' type.
src/components/cards/tag-card/tag-card-content.tsx(17,2): error TS2305: Module '"lucide-react"' has no exported member 'TagBase'.
src/components/cards/tag-card/tag-card-content.tsx(84,8): error TS7022: 'rarityBrightness' implicitly has type 'any' because it does not have a type annotation and is referenced directly or indirectly in its own initializer.
src/components/cards/tag-card/tag-card-content.tsx(89,15): error TS2339: Property 'EPIC' does not exist on type 'typeof TagRarity'.
src/components/cards/tag-card/tag-card-content.tsx(91,5): error TS7015: Element implicitly has an 'any' type because index expression is not of type 'number'.
src/components/cards/tag-card/tag-card-footer.tsx(46,14): error TS2339: Property 'EPIC' does not exist on type 'typeof TagRarity'.
src/components/cards/tag-card/tag-card-header.tsx(1,15): error TS2206: The 'type' modifier cannot be used on a named import when 'import type' is used on its import statement.
src/components/cards/tag-card/tag-card-header.tsx(3,37): error TS2305: Module '"lucide-react"' has no exported member 'TagBase'.
src/components/cards/tag-card/tag-card-header.tsx(37,14): error TS2339: Property 'EPIC' does not exist on type 'typeof TagRarity'.
src/components/cards/tag-card/tag-card-images.tsx(46,8): error TS7022: 'rarityBrightness' implicitly has type 'any' because it does not have a type annotation and is referenced directly or indirectly in its own initializer.
src/components/cards/tag-card/tag-card-images.tsx(51,15): error TS2339: Property 'EPIC' does not exist on type 'typeof TagRarity'.
src/components/cards/tag-card/tag-card-images.tsx(53,5): error TS7015: Element implicitly has an 'any' type because index expression is not of type 'number'.
src/components/cards/tag-card/tag-card.tsx(4,15): error TS2724: '"@/types/entities/tag"' has no exported member named 'TagWithRelations'. Did you mean 'TagRelations'?
src/components/cards/tag-card/tag-server-actions.ts(5,15): error TS2724: '"@/types/entities/tag"' has no exported member named 'TagWithRelations'. Did you mean 'TagRelations'?
src/components/cards/world-item-card/world-item-card-content.tsx(203,75): error TS18047: 'req' is possibly 'null'.
src/components/cards/world-item-card/world-item-card-content.tsx(203,79): error TS2339: Property 'value' does not exist on type 'object'.
src/components/cards/world-item-card/world-item-card.tsx(8,15): error TS2724: '"@/types/entities/world-item/types"' has no exported member named 'WorldItemWithRelations'. Did you mean 'WorldItemRelations'?
src/components/cards/world-item-card/world-item-server-actions.ts(5,15): error TS2724: '"@/types/entities/world-item/types"' has no exported member named 'WorldItemWithRelations'. Did you mean 'WorldItemRelations'?
src/components/core/emojis/emoji-list.tsx(4,23): error TS2307: Cannot find module './get-emojis' or its corresponding type declarations.
src/components/core/global-error-handler.tsx(53,37): error TS2322: Type '(error: any) => Element' is not assignable to type 'ReactNode'.
src/components/core/global-error-handler.tsx(53,39): error TS7006: Parameter 'error' implicitly has an 'any' type.
src/components/entities/profile/ProfileCard.tsx(6,24): error TS2307: Cannot find module 'framer-motion' or its corresponding type declarations.
src/components/entities/profile/ProfileCard.tsx(11,15): error TS2305: Module '"@/types/entities/profile"' has no exported member 'ProfileExtended'.
src/components/entities/profile/ProfileList.tsx(6,41): error TS2307: Cannot find module 'framer-motion' or its corresponding type declarations.
src/components/entities/profile/ProfileList.tsx(9,15): error TS2305: Module '"@/types/entities/profile"' has no exported member 'ProfileExtended'.
src/components/features/file-browser/context-menu/components/entity-submenu.tsx(17,15): error TS2724: '"../types"' has no exported member named 'SubMenuProps'. Did you mean 'SubmenuProps'?
src/components/features/file-browser/context-menu/components/entity-submenu.tsx(195,24): error TS7006: Parameter 'entity' implicitly has an 'any' type.
src/components/features/file-browser/context-menu/components/entity-submenu.tsx(195,32): error TS7006: Parameter 'index' implicitly has an 'any' type.
src/components/features/file-browser/context-menu/components/submenus.tsx(63,25): error TS2339: Property 'id' does not exist on type 'CollectionExtended'.
src/components/features/file-browser/context-menu/components/submenus.tsx(65,73): error TS2339: Property 'id' does not exist on type 'CollectionExtended'.
src/components/features/file-browser/context-menu/components/submenus.tsx(65,104): error TS2339: Property 'name' does not exist on type 'CollectionExtended'.
src/components/features/file-browser/context-menu/components/submenus.tsx(68,21): error TS2339: Property 'name' does not exist on type 'CollectionExtended'.
src/components/features/file-browser/context-menu/components/submenus.tsx(96,58): error TS2339: Property 'core' does not exist on type 'TagStore'.
src/components/features/file-browser/context-menu/components/submenus.tsx(122,14): error TS18046: 'tag' is of type 'unknown'.
src/components/features/file-browser/context-menu/components/submenus.tsx(123,59): error TS18046: 'tag' is of type 'unknown'.
src/components/features/file-browser/context-menu/components/submenus.tsx(123,76): error TS18046: 'tag' is of type 'unknown'.
src/components/features/file-browser/context-menu/components/submenus.tsx(125,10): error TS18046: 'tag' is of type 'unknown'.
src/components/features/file-browser/context-menu/context-action-handler.ts(30,8): error TS2678: Type '"object-create"' is not comparable to type 'ContextMenuAction'.
src/components/features/file-browser/context-menu/context-action-handler.ts(33,8): error TS2678: Type '"object-add"' is not comparable to type 'ContextMenuAction'.
src/components/features/file-browser/context-menu/context-menu.tsx(22,15): error TS2305: Module '"@/types/entities/tag"' has no exported member 'Tag'.
src/components/features/file-browser/context-menu/context-menu.tsx(40,44): error TS2339: Property 'tags' does not exist on type 'TagStore'.
src/components/features/file-browser/context-menu/context-menu.tsx(41,48): error TS2339: Property 'albums' does not exist on type 'AlbumStore'.
src/components/features/file-browser/context-menu/context-menu.tsx(115,5): error TS2322: Type '{ isFavorite: boolean; isRecent: boolean; isSelected?: boolean | undefined; isHovered?: boolean | undefined; isOpen?: boolean | undefined; isLoading?: boolean | undefined; hasError?: boolean | undefined; parsedFilters?: CollectionFilter[] | undefined; imageCount?: number | undefined; totalValue?: number | undefined;...' is not assignable to type 'EnhancedSubmenuItem[]'.
  Type '{ isFavorite: boolean; isRecent: boolean; isSelected?: boolean | undefined; isHovered?: boolean | undefined; isOpen?: boolean | undefined; isLoading?: boolean | undefined; hasError?: boolean | undefined; parsedFilters?: CollectionFilter[] | undefined; imageCount?: number | undefined; totalValue?: number | undefined;...' is missing the following properties from type 'EnhancedSubmenuItem': id, name
src/components/features/file-browser/context-menu/context-menu.tsx(150,24): error TS7006: Parameter 'a' implicitly has an 'any' type.
src/components/features/file-browser/details/details-panel-ai-generation-info.tsx(124,6): error TS2322: Type 'unknown' is not assignable to type 'ReactNode'.
src/components/features/file-browser/details/details-panel-ai-generation-info.tsx(128,24): error TS2769: No overload matches this call.
  Overload 1 of 4, '(value: string | number | Date): Date', gave the following error.
    Argument of type '{}' is not assignable to parameter of type 'string | number | Date'.
  Overload 2 of 4, '(value: string | number): Date', gave the following error.
    Argument of type '{}' is not assignable to parameter of type 'string | number'.
src/components/features/file-browser/details/details-panel-basic-info.tsx(15,34): error TS2339: Property 'dimensions' does not exist on type 'FileMetadata'.
src/components/features/file-browser/details/details-panel-basic-info.tsx(16,26): error TS2339: Property 'dimensions' does not exist on type 'FileMetadata'.
src/components/features/file-browser/details/details-panel-basic-info.tsx(17,27): error TS2339: Property 'dimensions' does not exist on type 'FileMetadata'.
src/components/features/file-browser/details/details-panel-basic-info.tsx(59,34): error TS2322: Type '(id: string, data: { title?: string; description?: string; }) => Promise<{ success: boolean; error?: undefined; } | { success: boolean; error: unknown; }>' is not assignable to type '(id: string, data: { title?: string | undefined; description?: string | undefined; }) => Promise<void>'.
  Type 'Promise<{ success: boolean; error?: undefined; } | { success: boolean; error: unknown; }>' is not assignable to type 'Promise<void>'.
    Type '{ success: boolean; error?: undefined; } | { success: boolean; error: unknown; }' is not assignable to type 'void'.
      Type '{ success: boolean; error?: undefined; }' is not assignable to type 'void'.
src/components/features/file-browser/details/details-panel-basic-info.tsx(75,11): error TS2339: Property 'fileSize' does not exist on type 'ImageItem'.
src/components/features/file-browser/details/details-panel-basic-info.tsx(79,31): error TS2339: Property 'fileSize' does not exist on type 'ImageItem'.
src/components/features/file-browser/details/details-panel-basic-info.tsx(99,16): error TS2339: Property 'colorSpace' does not exist on type 'FileMetadata'.
src/components/features/file-browser/details/details-panel-basic-info.tsx(100,101): error TS2339: Property 'colorSpace' does not exist on type 'FileMetadata'.
src/components/features/file-browser/details/details-panel-basic-info.tsx(104,29): error TS2339: Property 'fileSize' does not exist on type 'ImageItem'.
src/components/features/file-browser/details/details-panel-common.tsx(4,10): error TS2305: Module '"@/lib/utils"' has no exported member 'truncateText'.
src/components/features/file-browser/details/details-panel-image-preview.tsx(26,50): error TS2339: Property 'url' does not exist on type 'FileItem'.
src/components/features/file-browser/details/details-panel-image-preview.tsx(26,69): error TS2339: Property 'url' does not exist on type 'FileItem'.
src/components/features/file-browser/details/details-panel-image-preview.tsx(26,93): error TS2339: Property 'url' does not exist on type 'FileItem'.
src/components/features/file-browser/details/details-panel-image-preview.tsx(139,21): error TS2339: Property 'url' does not exist on type 'FileItem'.
src/components/features/file-browser/details/details-panel-image-preview.tsx(149,45): error TS2339: Property 'url' does not exist on type 'FileItem'.
src/components/features/file-browser/details/details-panel-image-preview.tsx(164,17): error TS2339: Property 'url' does not exist on type 'FileItem'.
src/components/features/file-browser/details/details-panel-metadata-sections.tsx(17,17): error TS2339: Property 'xmp' does not exist on type 'FileMetadata'.
src/components/features/file-browser/details/details-panel-metadata-sections.tsx(21,10): error TS2339: Property 'xmp' does not exist on type 'FileMetadata'.
src/components/features/file-browser/details/details-panel-metadata-sections.tsx(58,25): error TS7006: Parameter 'tag' implicitly has an 'any' type.
src/components/features/file-browser/details/details-panel-metadata-sections.tsx(128,17): error TS2339: Property 'iptc' does not exist on type 'FileMetadata'.
src/components/features/file-browser/details/details-panel-metadata-sections.tsx(132,10): error TS2339: Property 'iptc' does not exist on type 'FileMetadata'.
src/components/features/file-browser/details/details-panel-metadata-sections.tsx(167,27): error TS7006: Parameter 'keyword' implicitly has an 'any' type.
src/components/features/file-browser/details/details-panel-metadata-sections.tsx(194,17): error TS2339: Property 'exif' does not exist on type 'FileMetadata'.
src/components/features/file-browser/details/details-panel-metadata-sections.tsx(198,10): error TS2339: Property 'exif' does not exist on type 'FileMetadata'.
src/components/features/file-browser/details/details-panel-metadata-sections.tsx(316,17): error TS2339: Property 'exif' does not exist on type 'FileMetadata'.
src/components/features/file-browser/details/details-panel-metadata-sections.tsx(320,27): error TS2339: Property 'exif' does not exist on type 'FileMetadata'.
src/components/features/file-browser/details/details-panel-metadata-sections.tsx(399,14): error TS2339: Property 'dimensions' does not exist on type 'FileMetadata'.
src/components/features/file-browser/details/details-panel-metadata-sections.tsx(402,25): error TS2339: Property 'dimensions' does not exist on type 'FileMetadata'.
src/components/features/file-browser/details/details-panel-metadata-sections.tsx(402,56): error TS2339: Property 'dimensions' does not exist on type 'FileMetadata'.
src/components/features/file-browser/details/details-panel-metadata-sections.tsx(419,14): error TS2339: Property 'colorSpace' does not exist on type 'FileMetadata'.
src/components/features/file-browser/details/details-panel-metadata-sections.tsx(422,22): error TS2339: Property 'colorSpace' does not exist on type 'FileMetadata'.
src/components/features/file-browser/details/details-panel-metadata-sections.tsx(427,14): error TS2339: Property 'hasAlpha' does not exist on type 'FileMetadata'.
src/components/features/file-browser/details/details-panel-metadata-sections.tsx(430,22): error TS2339: Property 'hasAlpha' does not exist on type 'FileMetadata'.
src/components/features/file-browser/details/details-panel-metadata-sections.tsx(435,14): error TS2339: Property 'isAnimated' does not exist on type 'FileMetadata'.
src/components/features/file-browser/details/details-panel-metadata-sections.tsx(438,22): error TS2339: Property 'isAnimated' does not exist on type 'FileMetadata'.
src/components/features/file-browser/details/details-panel-metadata-sections.tsx(443,15): error TS2339: Property 'dimensions' does not exist on type 'FileMetadata'.
src/components/features/file-browser/details/details-panel-metadata-sections.tsx(446,15): error TS2339: Property 'colorSpace' does not exist on type 'FileMetadata'.
src/components/features/file-browser/details/details-panel-metadata-sections.tsx(447,14): error TS2339: Property 'hasAlpha' does not exist on type 'FileMetadata'.
src/components/features/file-browser/details/details-panel-metadata-sections.tsx(448,14): error TS2339: Property 'isAnimated' does not exist on type 'FileMetadata'.
src/components/features/file-browser/details/details-panel-related-entities.tsx(15,11): error TS2339: Property 'collections' does not exist on type 'FileItem'.
src/components/features/file-browser/details/details-panel-related-entities.tsx(19,22): error TS2339: Property 'collections' does not exist on type 'FileItem'.
src/components/features/file-browser/details/details-panel-related-entities.tsx(19,49): error TS2339: Property 'collections' does not exist on type 'FileItem'.
src/components/features/file-browser/details/details-panel-related-entities.tsx(22,11): error TS2339: Property 'tags' does not exist on type 'FileItem'.
src/components/features/file-browser/details/details-panel-related-entities.tsx(26,22): error TS2339: Property 'tags' does not exist on type 'FileItem'.
src/components/features/file-browser/details/details-panel-related-entities.tsx(26,42): error TS2339: Property 'tags' does not exist on type 'FileItem'.
src/components/features/file-browser/details/details-panel-related-entities.tsx(29,11): error TS2339: Property 'albums' does not exist on type 'FileItem'.
src/components/features/file-browser/details/details-panel-related-entities.tsx(33,22): error TS2339: Property 'albums' does not exist on type 'FileItem'.
src/components/features/file-browser/details/details-panel-related-entities.tsx(33,44): error TS2339: Property 'albums' does not exist on type 'FileItem'.
src/components/features/file-browser/details/details-panel-related-entities.tsx(36,11): error TS2339: Property 'characters' does not exist on type 'FileItem'.
src/components/features/file-browser/details/details-panel-related-entities.tsx(40,22): error TS2339: Property 'characters' does not exist on type 'FileItem'.
src/components/features/file-browser/details/details-panel-related-entities.tsx(40,48): error TS2339: Property 'characters' does not exist on type 'FileItem'.
src/components/features/file-browser/details/details-panel-related-entities.tsx(43,11): error TS2339: Property 'places' does not exist on type 'FileItem'.
src/components/features/file-browser/details/details-panel-related-entities.tsx(47,22): error TS2339: Property 'places' does not exist on type 'FileItem'.
src/components/features/file-browser/details/details-panel-related-entities.tsx(47,44): error TS2339: Property 'places' does not exist on type 'FileItem'.
src/components/features/file-browser/details/details-panel-related-entities.tsx(50,11): error TS2339: Property 'worldItems' does not exist on type 'FileItem'.
src/components/features/file-browser/details/details-panel-related-entities.tsx(54,22): error TS2339: Property 'worldItems' does not exist on type 'FileItem'.
src/components/features/file-browser/details/details-panel-related-entities.tsx(54,48): error TS2339: Property 'worldItems' does not exist on type 'FileItem'.
src/components/features/file-browser/details/details-panel-utils.ts(100,21): error TS7053: Element implicitly has an 'any' type because expression of type 'string' can't be used to index type '{ type: string; prompt?: string | undefined; negative_prompt?: string | undefined; model?: string | undefined; steps?: number | undefined; cfg_scale?: number | undefined; cfg?: number | undefined; ... 5 more ...; extra_params?: Record<...> | undefined; }'.
  No index signature with a parameter of type 'string' was found on type '{ type: string; prompt?: string | undefined; negative_prompt?: string | undefined; model?: string | undefined; steps?: number | undefined; cfg_scale?: number | undefined; cfg?: number | undefined; ... 5 more ...; extra_params?: Record<...> | undefined; }'.
src/components/features/file-browser/details/details-panel-utils.ts(102,8): error TS7053: Element implicitly has an 'any' type because expression of type 'string' can't be used to index type '{ type: string; prompt?: string | undefined; negative_prompt?: string | undefined; model?: string | undefined; steps?: number | undefined; cfg_scale?: number | undefined; cfg?: number | undefined; ... 5 more ...; extra_params?: Record<...> | undefined; }'.
  No index signature with a parameter of type 'string' was found on type '{ type: string; prompt?: string | undefined; negative_prompt?: string | undefined; model?: string | undefined; steps?: number | undefined; cfg_scale?: number | undefined; cfg?: number | undefined; ... 5 more ...; extra_params?: Record<...> | undefined; }'.
src/components/features/file-browser/details/details-panel-utils.ts(107,21): error TS7053: Element implicitly has an 'any' type because expression of type 'string' can't be used to index type '{ type: string; prompt?: string | undefined; negative_prompt?: string | undefined; model?: string | undefined; steps?: number | undefined; cfg_scale?: number | undefined; cfg?: number | undefined; ... 5 more ...; extra_params?: Record<...> | undefined; }'.
  No index signature with a parameter of type 'string' was found on type '{ type: string; prompt?: string | undefined; negative_prompt?: string | undefined; model?: string | undefined; steps?: number | undefined; cfg_scale?: number | undefined; cfg?: number | undefined; ... 5 more ...; extra_params?: Record<...> | undefined; }'.
src/components/features/file-browser/details/details-panel-utils.ts(109,8): error TS7053: Element implicitly has an 'any' type because expression of type 'string' can't be used to index type '{ type: string; prompt?: string | undefined; negative_prompt?: string | undefined; model?: string | undefined; steps?: number | undefined; cfg_scale?: number | undefined; cfg?: number | undefined; ... 5 more ...; extra_params?: Record<...> | undefined; }'.
  No index signature with a parameter of type 'string' was found on type '{ type: string; prompt?: string | undefined; negative_prompt?: string | undefined; model?: string | undefined; steps?: number | undefined; cfg_scale?: number | undefined; cfg?: number | undefined; ... 5 more ...; extra_params?: Record<...> | undefined; }'.
src/components/features/file-browser/details/details-panel-utils.ts(163,21): error TS7053: Element implicitly has an 'any' type because expression of type 'string' can't be used to index type '{ type: string; prompt?: string | undefined; negative_prompt?: string | undefined; model?: string | undefined; steps?: number | undefined; cfg_scale?: number | undefined; cfg?: number | undefined; ... 5 more ...; extra_params?: Record<...> | undefined; }'.
  No index signature with a parameter of type 'string' was found on type '{ type: string; prompt?: string | undefined; negative_prompt?: string | undefined; model?: string | undefined; steps?: number | undefined; cfg_scale?: number | undefined; cfg?: number | undefined; ... 5 more ...; extra_params?: Record<...> | undefined; }'.
src/components/features/file-browser/details/details-panel-utils.ts(165,8): error TS7053: Element implicitly has an 'any' type because expression of type 'string' can't be used to index type '{ type: string; prompt?: string | undefined; negative_prompt?: string | undefined; model?: string | undefined; steps?: number | undefined; cfg_scale?: number | undefined; cfg?: number | undefined; ... 5 more ...; extra_params?: Record<...> | undefined; }'.
  No index signature with a parameter of type 'string' was found on type '{ type: string; prompt?: string | undefined; negative_prompt?: string | undefined; model?: string | undefined; steps?: number | undefined; cfg_scale?: number | undefined; cfg?: number | undefined; ... 5 more ...; extra_params?: Record<...> | undefined; }'.
src/components/features/file-browser/details/details-panel-utils.ts(170,21): error TS7053: Element implicitly has an 'any' type because expression of type 'string' can't be used to index type '{ type: string; prompt?: string | undefined; negative_prompt?: string | undefined; model?: string | undefined; steps?: number | undefined; cfg_scale?: number | undefined; cfg?: number | undefined; ... 5 more ...; extra_params?: Record<...> | undefined; }'.
  No index signature with a parameter of type 'string' was found on type '{ type: string; prompt?: string | undefined; negative_prompt?: string | undefined; model?: string | undefined; steps?: number | undefined; cfg_scale?: number | undefined; cfg?: number | undefined; ... 5 more ...; extra_params?: Record<...> | undefined; }'.
src/components/features/file-browser/details/details-panel-utils.ts(172,8): error TS7053: Element implicitly has an 'any' type because expression of type 'string' can't be used to index type '{ type: string; prompt?: string | undefined; negative_prompt?: string | undefined; model?: string | undefined; steps?: number | undefined; cfg_scale?: number | undefined; cfg?: number | undefined; ... 5 more ...; extra_params?: Record<...> | undefined; }'.
  No index signature with a parameter of type 'string' was found on type '{ type: string; prompt?: string | undefined; negative_prompt?: string | undefined; model?: string | undefined; steps?: number | undefined; cfg_scale?: number | undefined; cfg?: number | undefined; ... 5 more ...; extra_params?: Record<...> | undefined; }'.
src/components/features/file-browser/details/details-panel.tsx(65,11): error TS2339: Property 'dimensions' does not exist on type 'Partial<FileMetadata>'.
src/components/features/file-browser/details/details-panel.tsx(71,11): error TS2339: Property 'colorSpace' does not exist on type 'Partial<FileMetadata>'.
src/components/features/file-browser/details/details-panel.tsx(74,11): error TS2339: Property 'hasAlpha' does not exist on type 'Partial<FileMetadata>'.
src/components/features/file-browser/details/details-panel.tsx(77,11): error TS2339: Property 'isAnimated' does not exist on type 'Partial<FileMetadata>'.
src/components/features/file-browser/details/details-panel.tsx(82,11): error TS2339: Property 'exif' does not exist on type 'Partial<FileMetadata>'.
src/components/features/file-browser/details/details-panel.tsx(87,11): error TS2339: Property 'xmp' does not exist on type 'Partial<FileMetadata>'.
src/components/features/file-browser/details/details-panel.tsx(92,11): error TS2339: Property 'iptc' does not exist on type 'Partial<FileMetadata>'.
src/components/features/file-browser/details/details-panel.tsx(105,12): error TS2339: Property 'generation' does not exist on type 'Partial<FileMetadata>'.
src/components/features/file-browser/details/details-panel.tsx(239,14): error TS2339: Property 'parsedMetadata' does not exist on type 'ImageItem'.
src/components/features/file-browser/details/details-panel.tsx(240,23): error TS2339: Property 'parsedMetadata' does not exist on type 'ImageItem'.
src/components/features/file-browser/details/details-panel.tsx(250,18): error TS2345: Argument of type 'FileMetadata | FileMetadata' is not assignable to parameter of type 'SetStateAction<FileMetadata | null>'.
  Type 'FileMetadata' is not assignable to type 'SetStateAction<FileMetadata | null>'.
    Type 'FileMetadata' is missing the following properties from type 'FileMetadata': format, fileSize, totalSize, itemCount, lastModified
src/components/features/file-browser/details/details-panel.tsx(343,50): error TS2339: Property 'generation' does not exist on type 'FileMetadata'.
src/components/features/file-browser/details/details-panel.tsx(377,30): error TS2739: Type 'ImageItem' is missing the following properties from type 'FileItem': type, processingStatus
src/components/features/file-browser/details/details-panel.tsx(397,37): error TS2339: Property 'generation' does not exist on type 'FileMetadata'.
src/components/features/file-browser/details/details-panel.tsx(402,56): error TS2339: Property 'generation' does not exist on type 'FileMetadata'.
src/components/features/file-browser/details/editable-metadata.tsx(24,54): error TS2339: Property 'description' does not exist on type 'ImageItem'.
src/components/features/file-browser/details/editable-metadata.tsx(31,23): error TS2339: Property 'description' does not exist on type 'ImageItem'.
src/components/features/file-browser/details/editable-metadata.tsx(46,40): error TS2339: Property 'description' does not exist on type 'ImageItem'.
src/components/features/file-browser/details/editable-metadata.tsx(70,23): error TS2339: Property 'description' does not exist on type 'ImageItem'.
src/components/features/file-browser/details/editable-metadata.tsx(123,12): error TS2339: Property 'description' does not exist on type 'ImageItem'.
src/components/features/file-browser/details/editable-metadata.tsx(123,83): error TS2339: Property 'description' does not exist on type 'ImageItem'.
src/components/features/file-browser/details/editable-metadata.tsx(124,13): error TS2339: Property 'description' does not exist on type 'ImageItem'.
src/components/features/file-browser/details/multiple-selection-info.tsx(54,13): error TS2339: Property 'type' does not exist on type 'ImageItem'.
src/components/features/file-browser/details/multiple-selection-info.tsx(56,20): error TS2339: Property 'type' does not exist on type 'ImageItem'.
src/components/features/file-browser/details/multiple-selection-info.tsx(58,20): error TS2339: Property 'type' does not exist on type 'ImageItem'.
src/components/features/file-browser/details/multiple-selection-info.tsx(65,13): error TS2339: Property 'tags' does not exist on type 'ImageItem'.
src/components/features/file-browser/details/multiple-selection-info.tsx(66,28): error TS2339: Property 'tags' does not exist on type 'ImageItem'.
src/components/features/file-browser/details/multiple-selection-info.tsx(72,13): error TS2339: Property 'collections' does not exist on type 'ImageItem'.
src/components/features/file-browser/details/multiple-selection-info.tsx(73,35): error TS2339: Property 'collections' does not exist on type 'ImageItem'.
src/components/features/file-browser/details/multiple-selection-info.tsx(79,13): error TS2339: Property 'albums' does not exist on type 'ImageItem'.
src/components/features/file-browser/details/multiple-selection-info.tsx(80,30): error TS2339: Property 'albums' does not exist on type 'ImageItem'.
src/components/features/file-browser/details/multiple-selection-info.tsx(86,13): error TS2339: Property 'characters' does not exist on type 'ImageItem'.
src/components/features/file-browser/details/multiple-selection-info.tsx(87,34): error TS2339: Property 'characters' does not exist on type 'ImageItem'.
src/components/features/file-browser/details/multiple-selection-info.tsx(93,13): error TS2339: Property 'places' does not exist on type 'ImageItem'.
src/components/features/file-browser/details/multiple-selection-info.tsx(94,30): error TS2339: Property 'places' does not exist on type 'ImageItem'.
src/components/features/file-browser/details/multiple-selection-info.tsx(100,13): error TS2339: Property 'worldItems' does not exist on type 'ImageItem'.
src/components/features/file-browser/details/multiple-selection-info.tsx(101,34): error TS2339: Property 'worldItems' does not exist on type 'ImageItem'.
src/components/features/file-browser/details/multiple-selection-info.tsx(213,21): error TS2339: Property 'thumbnail' does not exist on type 'ImageItem'.
src/components/features/file-browser/details/multiple-selection-info.tsx(213,39): error TS2339: Property 'url' does not exist on type 'ImageItem'.
src/components/features/file-browser/details/multiple-selection-info.tsx(213,51): error TS2339: Property 'src' does not exist on type 'ImageItem'.
src/components/features/file-browser/entity-preloader.tsx(129,5): error TS4104: The type 'readonly ["collections", "tags", "albums", "characters", "places", "worldItems", "prompts", "notes", "concepts", "groups", "properties", "wildcards"]' is 'readonly' and cannot be assigned to the mutable type 'string[]'.
src/components/features/file-browser/filters/filter-panel.tsx(60,41): error TS2322: Type 'string' is not assignable to type '"contains" | "lt" | "gt" | "startsWith" | "endsWith" | "eq" | "neq"'.
src/components/features/file-browser/filters/filter-panel.tsx(87,9): error TS2322: Type 'string | number | true' is not assignable to type 'string | number | readonly string[] | undefined'.
  Type 'true' is not assignable to type 'string | number | readonly string[] | undefined'.
src/components/features/file-browser/filters/filter-panel.tsx(183,14): error TS2358: The left-hand side of an 'instanceof' expression must be of type 'any', an object type or a type parameter.
src/components/features/file-browser/filters/filter-panel.tsx(185,24): error TS2769: No overload matches this call.
  Overload 1 of 4, '(value: string | number | Date): Date', gave the following error.
    Argument of type 'string | number | true' is not assignable to parameter of type 'string | number | Date'.
      Type 'boolean' is not assignable to type 'string | number | Date'.
  Overload 2 of 4, '(value: string | number): Date', gave the following error.
    Argument of type 'string | number | true' is not assignable to parameter of type 'string | number'.
      Type 'boolean' is not assignable to type 'string | number'.
src/components/features/file-browser/filters/filter-panel.tsx(192,45): error TS2769: No overload matches this call.
  Overload 1 of 4, '(value: string | number | Date): Date', gave the following error.
    Argument of type 'string | number | true' is not assignable to parameter of type 'string | number | Date'.
      Type 'boolean' is not assignable to type 'string | number | Date'.
  Overload 2 of 4, '(value: string | number): Date', gave the following error.
    Argument of type 'string | number | true' is not assignable to parameter of type 'string | number'.
      Type 'boolean' is not assignable to type 'string | number'.
src/components/features/file-browser/hooks/use-entity-loader.ts(7,32): error TS2307: Cannot find module '@/store/entities/folder' or its corresponding type declarations.
src/components/features/file-browser/hooks/use-entity-loader.ts(95,39): error TS2307: Cannot find module '@/app/actions/tags/tag.actions' or its corresponding type declarations.
src/components/features/file-browser/hooks/use-entity-loader.ts(119,14): error TS2339: Property 'getCharacters' does not exist on type 'typeof import("D:/DEV/image-manager/src/app/actions/characters/character.actions")'.
src/components/features/file-browser/hooks/use-entity-loader.ts(200,19): error TS2448: Block-scoped variable 'loadEntityData' used before its declaration.
src/components/features/file-browser/hooks/use-entity-loader.ts(200,19): error TS2454: Variable 'loadEntityData' is used before being assigned.
src/components/features/file-browser/hooks/use-filtered-data.ts(49,23): error TS18047: 'filter.value' is possibly 'null'.
src/components/features/file-browser/hooks/use-filtered-data.ts(51,23): error TS18047: 'filter.value' is possibly 'null'.
src/components/features/file-browser/image-renderer.tsx(58,14): error TS2554: Expected 1 arguments, but got 0.
src/components/features/file-browser/image-renderer.tsx(58,14): error TS7009: 'new' expression, whose target lacks a construct signature, implicitly has an 'any' type.
src/components/features/file-browser/types.tsx(1,36): error TS2307: Cannot find module '@/app/actions/folders/folder-types' or its corresponding type declarations.
src/components/features/file-browser/utils/file-converters.ts(22,3): error TS2353: Object literal may only specify known properties, and 'originalPath' does not exist in type 'ImageItem'.
src/components/features/file-browser/views/cards-view.tsx(75,25): error TS2339: Property 'itemSize' does not exist on type 'FileItem'.
src/components/features/file-browser/views/cards-view.tsx(89,21): error TS2339: Property 'itemSize' does not exist on type 'FileItem'.
src/components/features/file-browser/views/cards-view.tsx(95,21): error TS2345: Argument of type 'KeyboardEvent<Element>' is not assignable to parameter of type 'MouseEvent<Element, MouseEvent>'.
  Type 'KeyboardEvent<Element>' is missing the following properties from type 'MouseEvent<Element, MouseEvent>': button, buttons, clientX, clientY, and 7 more.
src/components/features/file-browser/views/cards-view.tsx(134,10): error TS2339: Property 'isScrolling' does not exist on type 'FileItem'.
src/components/features/file-browser/views/cards-view.tsx(136,31): error TS2339: Property 'isScrolling' does not exist on type 'FileItem'.
src/components/features/file-browser/views/cards-view.tsx(152,6): error TS2322: Type '{ src: string; alt: string; className: string; objectFit: string; priority: boolean; }' is not assignable to type 'IntrinsicAttributes & ImageRendererProps'.
  Property 'objectFit' does not exist on type 'IntrinsicAttributes & ImageRendererProps'.
src/components/features/file-browser/views/cards-view.tsx(167,11): error TS2339: Property 'isPublic' does not exist on type 'FileItem'.
src/components/features/file-browser/views/cards-view.tsx(174,26): error TS2339: Property 'isPublic' does not exist on type 'FileItem'.
src/components/features/file-browser/views/cards-view.tsx(235,13): error TS2339: Property 'tags' does not exist on type 'FileItem'.
src/components/features/file-browser/views/cards-view.tsx(239,11): error TS2339: Property 'tags' does not exist on type 'FileItem'.
src/components/features/file-browser/views/cards-view.tsx(239,33): error TS7006: Parameter 'tag' implicitly has an 'any' type.
src/components/features/file-browser/views/cards-view.tsx(244,11): error TS2339: Property 'tags' does not exist on type 'FileItem'.
src/components/features/file-browser/views/cards-view.tsx(246,14): error TS2339: Property 'tags' does not exist on type 'FileItem'.
src/components/features/file-browser/views/cards-view.tsx(251,11): error TS2339: Property 'tags' does not exist on type 'FileItem'.
src/components/features/file-browser/views/cards-view.tsx(256,11): error TS2339: Property 'collections' does not exist on type 'FileItem'.
src/components/features/file-browser/views/cards-view.tsx(259,19): error TS2339: Property 'collections' does not exist on type 'FileItem'.
src/components/features/file-browser/views/cards-view.tsx(262,11): error TS2339: Property 'albums' does not exist on type 'FileItem'.
src/components/features/file-browser/views/cards-view.tsx(265,19): error TS2339: Property 'albums' does not exist on type 'FileItem'.
src/components/features/file-browser/views/cards-view.tsx(268,11): error TS2339: Property 'characters' does not exist on type 'FileItem'.
src/components/features/file-browser/views/cards-view.tsx(271,19): error TS2339: Property 'characters' does not exist on type 'FileItem'.
src/components/features/file-browser/views/cards-view.tsx(274,11): error TS2339: Property 'places' does not exist on type 'FileItem'.
src/components/features/file-browser/views/cards-view.tsx(277,19): error TS2339: Property 'places' does not exist on type 'FileItem'.
src/components/features/file-browser/views/cards-view.tsx(280,11): error TS2339: Property 'worldItems' does not exist on type 'FileItem'.
src/components/features/file-browser/views/cards-view.tsx(283,19): error TS2339: Property 'worldItems' does not exist on type 'FileItem'.
src/components/features/file-browser/views/cards-view.tsx(289,9): error TS2339: Property 'collections' does not exist on type 'FileItem'.
src/components/features/file-browser/views/cards-view.tsx(290,9): error TS2339: Property 'albums' does not exist on type 'FileItem'.
src/components/features/file-browser/views/cards-view.tsx(291,9): error TS2339: Property 'characters' does not exist on type 'FileItem'.
src/components/features/file-browser/views/cards-view.tsx(292,9): error TS2339: Property 'places' does not exist on type 'FileItem'.
src/components/features/file-browser/views/cards-view.tsx(293,9): error TS2339: Property 'worldItems' does not exist on type 'FileItem'.
src/components/features/file-browser/views/cards-view.tsx(299,4): error TS2322: Type 'RefObject<HTMLButtonElement | null>' is not assignable to type 'Ref<HTMLDivElement> | undefined'.
  Type 'RefObject<HTMLButtonElement | null>' is not assignable to type 'RefObject<HTMLDivElement | null>'.
    Type 'HTMLButtonElement | null' is not assignable to type 'HTMLDivElement | null'.
      Property 'align' is missing in type 'HTMLButtonElement' but required in type 'HTMLDivElement'.
src/components/features/file-browser/views/simple-grid-view.tsx(273,4): error TS2322: Type '{ userSelect: string; WebkitUserSelect: string; MozUserSelect: string; msUserSelect: string; scrollbarWidth: string; scrollbarColor: string; }' is not assignable to type 'Properties<string | number, string & {}>'.
  Types of property 'scrollbarWidth' are incompatible.
    Type 'string' is not assignable to type 'ScrollbarWidth | undefined'.
src/components/features/file-browser/views/virtualizer-wrapper.tsx(266,47): error TS2554: Expected 1 arguments, but got 0.
src/components/folders/diagnostics/folder-diagnostics.tsx(5,35): error TS2307: Cannot find module '@/app/actions/folders/diagnostics.actions' or its corresponding type declarations.
src/components/folders/views/folders-view.tsx(13,32): error TS2307: Cannot find module '@/store/entities/folder' or its corresponding type declarations.
src/components/folders/views/folders-view.tsx(14,15): error TS2305: Module '"@/types/entities/folder"' has no exported member 'Folder'.
src/components/layout/main-layout.tsx(466,6): error TS2322: Type '{ images: { id: EntityId; name: string; path: string; type: FileType; size: number; mimeType: string; metadata: JSONString<MediaMetadata>; processingStatus: FileProcessingStatus; ... 7 more ...; thumbnail: string; }[]; initialIndex: number; isOpen: true; onClose: () => void; }' is not assignable to type 'IntrinsicAttributes & { triggerRef?: RefObject<HTMLElement> | undefined; }'.
  Property 'images' does not exist on type 'IntrinsicAttributes & { triggerRef?: RefObject<HTMLElement> | undefined; }'.
src/components/navigation/actions/navigation.actions.ts(191,33): error TS2339: Property 'totalGroups' does not exist on type 'GeneralStats'.
src/components/navigation/actions/navigation.actions.ts(192,37): error TS2339: Property 'totalProperties' does not exist on type 'GeneralStats'.
src/components/navigation/actions/navigation.actions.ts(193,36): error TS2339: Property 'totalWildcards' does not exist on type 'GeneralStats'.
src/components/navigation/breadcrumbs.tsx(44,2): error TS2353: Object literal may only specify known properties, and 'loading' does not exist in type 'Record<ViewType, BreadcrumbConfig>'.
src/components/navigation/components/nav-main-navigation.tsx(164,7): error TS2322: Type '{ delay: number; duration: number; type: string; stiffness: number; damping: number; }' is not assignable to type 'Transition<any>'.
  Type '{ delay: number; duration: number; type: string; stiffness: number; damping: number; }' is not assignable to type 'ValueAnimationTransition<any>'.
    Types of property 'type' are incompatible.
      Type 'string' is not assignable to type 'AnimationGeneratorType | undefined'.
src/components/navigation/components/nav-main-navigation.tsx(173,10): error TS2322: Type '{ type: string; bounce: number; duration: number; }' is not assignable to type 'Transition<any>'.
  Type '{ type: string; bounce: number; duration: number; }' is not assignable to type 'ValueAnimationTransition<any>'.
    Types of property 'type' are incompatible.
      Type 'string' is not assignable to type 'AnimationGeneratorType | undefined'.
src/components/navigation/hooks/navigation.utils.ts(7,32): error TS2307: Cannot find module '@/store/entities/folder' or its corresponding type declarations.
src/components/navigation/hooks/navigation.utils.ts(13,36): error TS2307: Cannot find module '@/store/navigation.store' or its corresponding type declarations.
src/components/navigation/hooks/navigation.utils.ts(28,21): error TS2339: Property 'selectedTagId' does not exist on type 'TagStore'.
src/components/navigation/hooks/navigation.utils.ts(29,23): error TS2339: Property 'selectedAlbumId' does not exist on type 'AlbumStore'.
src/components/navigation/hooks/navigation.utils.ts(31,10): error TS2339: Property 'selectPlace' does not exist on type 'PlaceStore'.
src/components/navigation/hooks/navigation.utils.ts(31,23): error TS2339: Property 'selectedPlaceId' does not exist on type 'PlaceStore'.
src/components/navigation/hooks/navigation.utils.ts(32,27): error TS2339: Property 'selectedWorldItemId' does not exist on type 'WorldItemStore'.
src/components/navigation/hooks/navigation.utils.ts(33,25): error TS2339: Property 'selectedConceptId' does not exist on type 'ConceptStore'.
src/components/navigation/hooks/navigation.utils.ts(34,24): error TS2339: Property 'selectedPromptId' does not exist on type 'PromptStore'.
src/components/navigation/hooks/navigation.utils.ts(35,22): error TS2339: Property 'selectedNoteId' does not exist on type 'NoteStore'.
src/components/navigation/hooks/navigation.utils.ts(288,35): error TS2339: Property 'getSelectedTag' does not exist on type 'TagStore'.
src/components/navigation/hooks/navigation.utils.ts(290,37): error TS2551: Property 'getSelectedAlbum' does not exist on type 'AlbumStore'. Did you mean 'getSelectedAlbums'?
src/components/navigation/hooks/navigation.utils.ts(292,41): error TS2551: Property 'getSelectedCharacter' does not exist on type 'CharacterStore'. Did you mean 'selectedCharacterId'?
src/components/navigation/hooks/navigation.utils.ts(294,37): error TS2551: Property 'getSelectedPlace' does not exist on type 'PlaceStore'. Did you mean 'selectPlaces'?
src/components/navigation/hooks/navigation.utils.ts(296,41): error TS2551: Property 'getSelectedItem' does not exist on type 'WorldItemStore'. Did you mean 'selectItems'?
src/components/navigation/hooks/navigation.utils.ts(298,39): error TS2551: Property 'getSelectedConcept' does not exist on type 'ConceptStore'. Did you mean 'selectedConcept'?
src/components/navigation/hooks/use-category-handlers.ts(7,32): error TS2307: Cannot find module '@/store/entities/folder' or its corresponding type declarations.
src/components/navigation/hooks/use-category-handlers.ts(31,21): error TS2339: Property 'selectedTagId' does not exist on type 'TagStore'.
src/components/navigation/hooks/use-category-handlers.ts(32,23): error TS2339: Property 'selectedAlbumId' does not exist on type 'AlbumStore'.
src/components/navigation/hooks/use-category-handlers.ts(34,10): error TS2339: Property 'selectPlace' does not exist on type 'PlaceStore'.
src/components/navigation/hooks/use-category-handlers.ts(34,23): error TS2339: Property 'selectedPlaceId' does not exist on type 'PlaceStore'.
src/components/navigation/hooks/use-category-handlers.ts(35,27): error TS2339: Property 'selectedWorldItemId' does not exist on type 'WorldItemStore'.
src/components/navigation/hooks/use-category-handlers.ts(36,25): error TS2339: Property 'selectedConceptId' does not exist on type 'ConceptStore'.
src/components/navigation/hooks/use-category-handlers.ts(37,24): error TS2339: Property 'selectedPromptId' does not exist on type 'PromptStore'.
src/components/navigation/hooks/use-category-handlers.ts(38,22): error TS2339: Property 'selectedNoteId' does not exist on type 'NoteStore'.
src/components/navigation/hooks/use-category-handlers.ts(39,23): error TS2339: Property 'selectedGroupId' does not exist on type 'GroupStore'.
src/components/navigation/hooks/use-category-handlers.ts(40,26): error TS2339: Property 'selectedPropertyId' does not exist on type 'PropertyStore'.
src/components/navigation/hooks/use-category-handlers.ts(41,26): error TS2339: Property 'selectedWildcardId' does not exist on type 'WildcardStore'.
src/components/navigation/hooks/use-category-handlers.ts(58,20): error TS2345: Argument of type 'null' is not assignable to parameter of type 'string'.
src/components/navigation/hooks/use-category-handlers.ts(82,19): error TS2345: Argument of type 'import("D:/DEV/image-manager/src/types/file-item").ViewType' is not assignable to parameter of type 'import("D:/DEV/image-manager/src/components/views/types").ViewType'.
  Type '"loading"' is not assignable to type 'ViewType'.
src/components/navigation/hooks/use-category-stats.ts(140,6): error TS2353: Object literal may only specify known properties, and 'totalFiles' does not exist in type 'CategoryChild'.
src/components/navigation/hooks/use-main-navigation.ts(29,19): error TS2345: Argument of type 'import("D:/DEV/image-manager/src/types/file-item").ViewType' is not assignable to parameter of type 'import("D:/DEV/image-manager/src/components/views/types").ViewType'.
  Type '"loading"' is not assignable to type 'ViewType'.
src/components/navigation/navigation-panel.tsx(78,5): error TS2322: Type '(e: MouseEvent<Element, MouseEvent>) => void' is not assignable to type '(event: KeyboardEvent<Element> | MouseEvent<Element, MouseEvent>) => void'.
  Types of parameters 'e' and 'event' are incompatible.
    Type 'KeyboardEvent<Element> | MouseEvent<Element, MouseEvent>' is not assignable to type 'MouseEvent<Element, MouseEvent>'.
      Type 'KeyboardEvent<Element>' is missing the following properties from type 'MouseEvent<Element, MouseEvent>': button, buttons, clientX, clientY, and 7 more.
src/components/navigation/navigation-panel.tsx(80,5): error TS2322: Type '(mode: "list" | "grid") => void' is not assignable to type '() => void'.
  Target signature provides too few arguments. Expected 1 or more, but got 0.
src/components/navigation/navigation-panel.tsx(132,20): error TS2345: Argument of type 'import("D:/DEV/image-manager/src/components/views/types").ViewType' is not assignable to parameter of type 'import("D:/DEV/image-manager/src/types/file-item").ViewType'.
  Type '"document"' is not assignable to type 'ViewType'.
src/components/navigation/navigation-panel.tsx(261,7): error TS2741: Property 'currentView' is missing in type '{ onNavigate: (id: ViewType) => void; isCollapsed: boolean; }' but required in type 'NavMainNavigationProps'.
src/components/panels/stats/components/general-stats.tsx(145,7): error TS2322: Type '{ title: "Im├ígenes"; value: number; icon: "Image"; color: "text-primary"; key: string; } | { title: "Carpetas"; value: number; icon: "Folder"; color: "text-orange-500"; key: string; } | { title: "Colecciones"; value: number; icon: "Bookmark"; color: "text-blue-500"; key: string; } | ... 9 more ... | { ...; }' is not assignable to type 'IntrinsicAttributes & StatCardProps'.
  Type '{ title: "Documentos"; value: number; icon: "Book"; color: "text-amber-500"; key: string; }' is not assignable to type 'StatCardProps'.
    Types of property 'icon' are incompatible.
      Type '"Book"' is not assignable to type '"Folder" | "Image" | "Album" | "Activity" | "Tag" | "Bookmark" | "Box" | "Download" | "Eye" | "HardDrive" | "MapPin" | "Star" | "Users"'.
src/components/settings/albums/albums-settings.tsx(12,15): error TS2305: Module '"@/types/entities/album"' has no exported member 'Album'.
src/components/settings/albums/albums-settings.tsx(68,53): error TS2339: Property 'id' does not exist on type 'AlbumWithStats'.
src/components/settings/albums/albums-settings.tsx(104,31): error TS2339: Property 'id' does not exist on type 'AlbumWithStats'.
src/components/settings/albums/albums-settings.tsx(188,23): error TS2339: Property 'id' does not exist on type 'AlbumWithStats'.
src/components/settings/albums/albums-settings.tsx(189,163): error TS2339: Property 'id' does not exist on type 'AlbumWithStats'.
src/components/settings/albums/albums-settings.tsx(191,54): error TS2339: Property 'id' does not exist on type 'AlbumWithStats'.
src/components/settings/albums/albums-settings.tsx(194,47): error TS2339: Property 'emoji' does not exist on type 'AlbumWithStats'.
src/components/settings/albums/albums-settings.tsx(196,65): error TS2339: Property 'name' does not exist on type 'AlbumWithStats'.
src/components/settings/albums/albums-settings.tsx(199,21): error TS2339: Property 'category' does not exist on type 'AlbumWithStats'.
src/components/settings/albums/albums-settings.tsx(202,29): error TS2339: Property 'category' does not exist on type 'AlbumWithStats'.
src/components/settings/albums/albums-settings.tsx(214,38): error TS2339: Property 'id' does not exist on type 'AlbumWithStats'.
src/components/settings/albums/create-album-form.tsx(8,15): error TS2305: Module '"@/types/entities/album"' has no exported member 'Album'.
src/components/settings/albums/create-album-form.tsx(53,3): error TS2322: Type 'Resolver<{ name: string; description?: string | undefined; emoji?: string | undefined; color?: string | undefined; filters?: string | undefined; category?: string | null | undefined; sortBy?: string | undefined; rarity?: string | ... 1 more ... | undefined; texture?: string | ... 1 more ... | undefined; }, any, { .....' is not assignable to type 'Resolver<{ name: string; emoji: string; color: string; filters: string; sortBy: string; description?: string | undefined; category?: string | null | undefined; rarity?: string | null | undefined; texture?: string | ... 1 more ... | undefined; }, any, { ...; }>'.
  Types of parameters 'options' and 'options' are incompatible.
    Type 'ResolverOptions<{ name: string; emoji: string; color: string; filters: string; sortBy: string; description?: string | undefined; category?: string | null | undefined; rarity?: string | null | undefined; texture?: string | ... 1 more ... | undefined; }>' is not assignable to type 'ResolverOptions<{ name: string; description?: string | undefined; emoji?: string | undefined; color?: string | undefined; filters?: string | undefined; category?: string | null | undefined; sortBy?: string | undefined; rarity?: string | ... 1 more ... | undefined; texture?: string | ... 1 more ... | undefined; }>'.
      Type 'string | undefined' is not assignable to type 'string'.
        Type 'undefined' is not assignable to type 'string'.
src/components/settings/albums/create-album-form.tsx(102,55): error TS2345: Argument of type '{ name: string; emoji: string; color: string; filters: string; sortBy: string; description?: string | undefined; category?: string | null | undefined; rarity?: string | null | undefined; texture?: string | ... 1 more ... | undefined; }' is not assignable to parameter of type 'Partial<Omit<AlbumBase, "id" | "createdAt" | "updatedAt">>'.
  Types of property 'category' are incompatible.
    Type 'string | null | undefined' is not assignable to type 'string | undefined'.
      Type 'null' is not assignable to type 'string | undefined'.
src/components/settings/albums/create-album-form.tsx(108,41): error TS2345: Argument of type '{ name: string; emoji: string; color: string; filters: string; sortBy: string; description?: string | undefined; category?: string | null | undefined; rarity?: string | null | undefined; texture?: string | ... 1 more ... | undefined; }' is not assignable to parameter of type 'AlbumCreateInput'.
  Types of property 'category' are incompatible.
    Type 'string | null | undefined' is not assignable to type 'string'.
      Type 'undefined' is not assignable to type 'string'.
src/components/settings/albums/create-album-form.tsx(197,4): error TS2322: Type '{ name: string; label: string; render: ({ value, onChange }: any) => Element; }[]' is not assignable to type '{ name: "name"; label: string; render: (props: { value: any; onChange: (v: any) => void; }) => ReactNode; }[]'.
  Type '{ name: string; label: string; render: ({ value, onChange }: any) => JSX.Element; }' is not assignable to type '{ name: "name"; label: string; render: (props: { value: any; onChange: (v: any) => void; }) => ReactNode; }'.
    Types of property 'name' are incompatible.
      Type 'string' is not assignable to type '"name"'.
src/components/settings/albums/create-album-form.tsx(204,41): error TS2345: Argument of type 'Partial<{ name: string; }>' is not assignable to parameter of type 'AlbumCreateInput'.
  Type 'Partial<{ name: string; }>' is missing the following properties from type 'AlbumCreateInput': emoji, color, category
src/components/settings/characters/characters-settings.tsx(15,49): error TS2306: File 'D:/DEV/image-manager/src/types/entities/character/base.ts' is not a module.
src/components/settings/characters/characters-settings.tsx(45,53): error TS7006: Parameter 'character' implicitly has an 'any' type.
src/components/settings/characters/characters-settings.tsx(72,68): error TS2339: Property 'isFavorite' does not exist on type 'CharacterWithStats'.
src/components/settings/characters/characters-settings.tsx(93,18): error TS2339: Property 'name' does not exist on type 'CharacterWithStats'.
src/components/settings/characters/characters-settings.tsx(94,19): error TS2339: Property 'description' does not exist on type 'CharacterWithStats'.
src/components/settings/characters/characters-settings.tsx(100,38): error TS2339: Property 'category' does not exist on type 'CharacterWithStats'.
src/components/settings/characters/characters-settings.tsx(100,87): error TS2339: Property 'category' does not exist on type 'CharacterWithStats'.
src/components/settings/characters/characters-settings.tsx(105,38): error TS2339: Property 'class' does not exist on type 'CharacterWithStats'.
src/components/settings/characters/characters-settings.tsx(105,81): error TS2339: Property 'class' does not exist on type 'CharacterWithStats'.
src/components/settings/characters/characters-settings.tsx(110,39): error TS2339: Property 'isFavorite' does not exist on type 'CharacterWithStats'.
src/components/settings/characters/characters-settings.tsx(121,65): error TS2339: Property 'id' does not exist on type 'CharacterWithStats'.
src/components/settings/characters/characters-settings.tsx(158,15): error TS2339: Property 'id' does not exist on type 'CharacterWithStats'.
src/components/settings/characters/characters-settings.tsx(185,51): error TS2339: Property 'category' does not exist on type 'CharacterWithStats'.
src/components/settings/characters/characters-settings.tsx(187,83): error TS2339: Property 'class' does not exist on type 'CharacterWithStats'.
src/components/settings/characters/characters-settings.tsx(374,27): error TS2339: Property 'id' does not exist on type 'CharacterWithStats'.
src/components/settings/characters/characters-settings.tsx(375,171): error TS2339: Property 'id' does not exist on type 'CharacterWithStats'.
src/components/settings/characters/characters-settings.tsx(378,62): error TS2339: Property 'id' does not exist on type 'CharacterWithStats'.
src/components/settings/characters/characters-settings.tsx(379,54): error TS2339: Property 'name' does not exist on type 'CharacterWithStats'.
src/components/settings/characters/characters-settings.tsx(383,49): error TS2339: Property 'color' does not exist on type 'CharacterWithStats'.
src/components/settings/characters/characters-settings.tsx(385,50): error TS2339: Property 'emoji' does not exist on type 'CharacterWithStats'.
src/components/settings/characters/characters-settings.tsx(385,69): error TS2339: Property 'name' does not exist on type 'CharacterWithStats'.
src/components/settings/characters/characters-settings.tsx(388,69): error TS2339: Property 'name' does not exist on type 'CharacterWithStats'.
src/components/settings/characters/characters-settings.tsx(390,25): error TS2339: Property 'race' does not exist on type 'CharacterWithStats'.
src/components/settings/characters/characters-settings.tsx(390,50): error TS2339: Property 'race' does not exist on type 'CharacterWithStats'.
src/components/settings/characters/characters-settings.tsx(391,25): error TS2339: Property 'class' does not exist on type 'CharacterWithStats'.
src/components/settings/characters/characters-settings.tsx(394,33): error TS2339: Property 'class' does not exist on type 'CharacterWithStats'.
src/components/settings/characters/characters-settings.tsx(397,25): error TS2339: Property 'isFavorite' does not exist on type 'CharacterWithStats'.
src/components/settings/characters/characters-settings.tsx(414,46): error TS2339: Property 'id' does not exist on type 'CharacterWithStats'.
src/components/settings/characters/create-character-form.tsx(8,70): error TS2306: File 'D:/DEV/image-manager/src/types/entities/character/base.ts' is not a module.
src/components/settings/characters/create-character-form.tsx(78,3): error TS2322: Type 'Resolver<{ name: string; emoji: string; color: string; description?: string | undefined; isFavorite?: boolean | undefined; category?: CharacterCategory | undefined; level?: number | undefined; ... 5 more ...; socialProfile?: string | undefined; }, any, { ...; }>' is not assignable to type 'Resolver<{ name: string; emoji: string; color: string; isFavorite: boolean; description?: string | undefined; category?: CharacterCategory | undefined; level?: number | undefined; ... 5 more ...; socialProfile?: string | undefined; }, any, { ...; }>'.
  Types of parameters 'options' and 'options' are incompatible.
    Type 'ResolverOptions<{ name: string; emoji: string; color: string; isFavorite: boolean; description?: string | undefined; category?: CharacterCategory | undefined; level?: number | undefined; ... 5 more ...; socialProfile?: string | undefined; }>' is not assignable to type 'ResolverOptions<{ name: string; emoji: string; color: string; description?: string | undefined; isFavorite?: boolean | undefined; category?: CharacterCategory | undefined; level?: number | undefined; ... 5 more ...; socialProfile?: string | undefined; }>'.
      Type 'boolean | undefined' is not assignable to type 'boolean'.
        Type 'undefined' is not assignable to type 'boolean'.
src/components/settings/characters/create-character-form.tsx(286,4): error TS2322: Type '{ name: string; label: string; render: ({ value, onChange }: any) => Element; }[]' is not assignable to type '{ name: "name"; label: string; render: (props: { value: any; onChange: (v: any) => void; }) => ReactNode; }[]'.
  Type '{ name: string; label: string; render: ({ value, onChange }: any) => JSX.Element; }' is not assignable to type '{ name: "name"; label: string; render: (props: { value: any; onChange: (v: any) => void; }) => ReactNode; }'.
    Types of property 'name' are incompatible.
      Type 'string' is not assignable to type '"name"'.
src/components/settings/characters/create-character-form.tsx(292,44): error TS2345: Argument of type 'Partial<{ name: string; }>' is not assignable to parameter of type 'CharacterCreateInput'.
  Type 'Partial<{ name: string; }>' is missing the following properties from type 'CharacterCreateInput': description, isFavorite, isActive, level, and 4 more.
src/components/settings/collections/collections-settings.tsx(19,51): error TS2306: File 'D:/DEV/image-manager/src/types/entities/collection/base.ts' is not a module.
src/components/settings/collections/collections-settings.tsx(99,37): error TS2339: Property 'platform' does not exist on type 'CollectionWithStats'.
src/components/settings/collections/collections-settings.tsx(99,86): error TS2339: Property 'platform' does not exist on type 'CollectionWithStats'.
src/components/settings/collections/collections-settings.tsx(174,54): error TS2339: Property 'platform' does not exist on type 'CollectionWithStats'.
src/components/settings/collections/collections-settings.tsx(375,155): error TS2339: Property 'id' does not exist on type 'CollectionWithUI'.
src/components/settings/collections/collections-settings.tsx(378,46): error TS2339: Property 'id' does not exist on type 'CollectionWithUI'.
src/components/settings/collections/collections-settings.tsx(383,50): error TS2339: Property 'color' does not exist on type 'CollectionWithStats'.
src/components/settings/collections/collections-settings.tsx(385,25): error TS2339: Property 'emoji' does not exist on type 'CollectionWithStats'.
src/components/settings/collections/collections-settings.tsx(391,26): error TS2339: Property 'platform' does not exist on type 'CollectionWithStats'.
src/components/settings/collections/collections-settings.tsx(394,34): error TS2339: Property 'platform' does not exist on type 'CollectionWithStats'.
src/components/settings/collections/collections-settings.tsx(457,69): error TS2339: Property 'id' does not exist on type 'CollectionWithUI'.
src/components/settings/collections/collections-settings.tsx(476,36): error TS2339: Property 'id' does not exist on type 'CollectionWithUI'.
src/components/settings/collections/collections-settings.tsx(492,82): error TS2339: Property 'color' does not exist on type 'CollectionWithUI'.
src/components/settings/collections/collections-settings.tsx(494,84): error TS2339: Property 'emoji' does not exist on type 'CollectionWithUI'.
src/components/settings/collections/collections-settings.tsx(497,56): error TS2339: Property 'name' does not exist on type 'CollectionWithUI'.
src/components/settings/collections/collections-settings.tsx(500,63): error TS2339: Property 'description' does not exist on type 'CollectionWithUI'.
src/components/settings/collections/collections-settings.tsx(504,61): error TS2339: Property 'category' does not exist on type 'CollectionWithUI'.
src/components/settings/collections/collections-settings.tsx(506,62): error TS2339: Property 'category' does not exist on type 'CollectionWithUI'.
src/components/settings/collections/collections-settings.tsx(509,61): error TS2339: Property 'platform' does not exist on type 'CollectionWithUI'.
src/components/settings/collections/collections-settings.tsx(511,62): error TS2339: Property 'platform' does not exist on type 'CollectionWithUI'.
src/components/settings/collections/collections-settings.tsx(514,63): error TS2339: Property 'isFavorite' does not exist on type 'CollectionWithUI'.
src/components/settings/collections/create-collection-form.tsx(8,73): error TS2306: File 'D:/DEV/image-manager/src/types/entities/collection/base.ts' is not a module.
src/components/settings/collections/create-collection-form.tsx(75,3): error TS2322: Type 'Resolver<{ name: string; emoji: string; color: string; description?: string | undefined; isFavorite?: boolean | undefined; category?: CollectionCategory | undefined; url?: string | undefined; alternativeUrl?: string | undefined; platform?: CollectionPlatform | undefined; price?: number | undefined; rarity?: Collecti...' is not assignable to type 'Resolver<{ name: string; emoji: string; color: string; isFavorite: boolean; description?: string | undefined; category?: CollectionCategory | undefined; url?: string | undefined; alternativeUrl?: string | undefined; platform?: CollectionPlatform | undefined; price?: number | undefined; rarity?: CollectionRarity | un...'.
  Types of parameters 'options' and 'options' are incompatible.
    Type 'ResolverOptions<{ name: string; emoji: string; color: string; isFavorite: boolean; description?: string | undefined; category?: CollectionCategory | undefined; url?: string | undefined; alternativeUrl?: string | undefined; platform?: CollectionPlatform | undefined; price?: number | undefined; rarity?: CollectionRari...' is not assignable to type 'ResolverOptions<{ name: string; emoji: string; color: string; description?: string | undefined; isFavorite?: boolean | undefined; category?: CollectionCategory | undefined; url?: string | undefined; alternativeUrl?: string | undefined; platform?: CollectionPlatform | undefined; price?: number | undefined; rarity?: C...'.
      Type 'boolean | undefined' is not assignable to type 'boolean'.
        Type 'undefined' is not assignable to type 'boolean'.
src/components/settings/collections/create-collection-form.tsx(286,4): error TS2322: Type '{ name: string; label: string; render: ({ value, onChange }: any) => Element; }[]' is not assignable to type '{ name: "name"; label: string; render: (props: { value: any; onChange: (v: any) => void; }) => ReactNode; }[]'.
  Type '{ name: string; label: string; render: ({ value, onChange }: any) => JSX.Element; }' is not assignable to type '{ name: "name"; label: string; render: (props: { value: any; onChange: (v: any) => void; }) => ReactNode; }'.
    Types of property 'name' are incompatible.
      Type 'string' is not assignable to type '"name"'.
src/components/settings/common/dynamic-create-form.tsx(43,55): error TS2345: Argument of type '{ name: ""; }' is not assignable to parameter of type 'Partial<T> | (() => Partial<T>)'.
src/components/settings/common/dynamic-create-form.tsx(78,16): error TS2345: Argument of type '{ name: ""; }' is not assignable to parameter of type 'SetStateAction<Partial<T>>'.
src/components/settings/concepts/concepts-settings.tsx(16,39): error TS2306: File 'D:/DEV/image-manager/src/types/entities/concept/base.ts' is not a module.
src/components/settings/concepts/concepts-settings.tsx(332,56): error TS2304: Cannot find name 'Concept'.
src/components/settings/concepts/create-concept-form.tsx(49,3): error TS2322: Type 'Resolver<{ name: string; emoji: string; color: string; description?: string | undefined; isFavorite?: boolean | undefined; tags?: string | undefined; category?: string | undefined; content?: string | undefined; }, any, { ...; }>' is not assignable to type 'Resolver<{ name: string; emoji: string; color: string; isFavorite: boolean; description?: string | undefined; tags?: string | undefined; category?: string | undefined; content?: string | undefined; }, any, { ...; }>'.
  Types of parameters 'options' and 'options' are incompatible.
    Type 'ResolverOptions<{ name: string; emoji: string; color: string; isFavorite: boolean; description?: string | undefined; tags?: string | undefined; category?: string | undefined; content?: string | undefined; }>' is not assignable to type 'ResolverOptions<{ name: string; emoji: string; color: string; description?: string | undefined; isFavorite?: boolean | undefined; tags?: string | undefined; category?: string | undefined; content?: string | undefined; }>'.
      Type 'boolean | undefined' is not assignable to type 'boolean'.
        Type 'undefined' is not assignable to type 'boolean'.
src/components/settings/concepts/create-concept-form.tsx(82,19): error TS2339: Property 'tags' does not exist on type 'ConceptExtended'.
src/components/settings/concepts/create-concept-form.tsx(155,4): error TS2322: Type '{ name: string; label: string; render: ({ value, onChange }: any) => Element; }[]' is not assignable to type '{ name: "name"; label: string; render: (props: { value: any; onChange: (v: any) => void; }) => ReactNode; }[]'.
  Type '{ name: string; label: string; render: ({ value, onChange }: any) => JSX.Element; }' is not assignable to type '{ name: "name"; label: string; render: (props: { value: any; onChange: (v: any) => void; }) => ReactNode; }'.
    Types of property 'name' are incompatible.
      Type 'string' is not assignable to type '"name"'.
src/components/settings/entities-cards/entities-cards-settings.tsx(72,11): error TS7006: Parameter 'prev' implicitly has an 'any' type.
src/components/settings/folders/folder-card.tsx(15,15): error TS2305: Module '"@/types/process"' has no exported member 'ExtendedProcessStatus'.
src/components/settings/folders/folder-progress-details.tsx(11,15): error TS2305: Module '"@/types/process"' has no exported member 'ExtendedProcessStatus'.
src/components/settings/folders/folder-progress-details.tsx(11,38): error TS2305: Module '"@/types/process"' has no exported member 'ProcessPhase'.
src/components/settings/folders/folder-progress-details.tsx(256,39): error TS7006: Parameter 'error' implicitly has an 'any' type.
src/components/settings/folders/folder-progress-details.tsx(256,46): error TS7006: Parameter 'index' implicitly has an 'any' type.
src/components/settings/folders/folder-types.ts(1,37): error TS2307: Cannot find module '@/app/actions/folders/folder-types.actions' or its corresponding type declarations.
src/components/settings/folders/folder-types.ts(2,15): error TS2305: Module '"@/types/entities/folder"' has no exported member 'FolderStats'.
src/components/settings/folders/folders-stats.tsx(6,15): error TS2305: Module '"@/types/entities/folder"' has no exported member 'FolderStats'.
src/components/settings/folders/hooks/use-folders-events.ts(11,8): error TS2307: Cannot find module '@/app/actions/folders/folder-types' or its corresponding type declarations.
src/components/settings/folders/hooks/use-folders-operations.ts(34,39): error TS2345: Argument of type 'string' is not assignable to parameter of type 'FolderCreateInput'.
src/components/settings/folders/hooks/use-folders-polling.ts(4,36): error TS2307: Cannot find module '@/app/actions/folders/folder-types' or its corresponding type declarations.
src/components/settings/folders/hooks/use-folders-polling.ts(5,43): error TS2307: Cannot find module '@/app/actions/folders/status.actions' or its corresponding type declarations.
src/components/settings/folders/hooks/use-folders-state.ts(6,15): error TS2305: Module '"@/types/entities/folder"' has no exported member 'FolderStats'.
src/components/settings/folders/hooks/use-folders-state.ts(28,44): error TS7006: Parameter 'folder' implicitly has an 'any' type.
src/components/settings/folders/hooks/use-folders-state.ts(39,48): error TS7006: Parameter 'img' implicitly has an 'any' type.
src/components/settings/folders/hooks/use-folders-state.ts(48,50): error TS7006: Parameter 'acc' implicitly has an 'any' type.
src/components/settings/folders/hooks/use-folders-state.ts(48,55): error TS7006: Parameter 'f' implicitly has an 'any' type.
src/components/settings/folders/hooks/use-folders-state.ts(49,49): error TS7006: Parameter 'acc' implicitly has an 'any' type.
src/components/settings/folders/hooks/use-folders-state.ts(49,54): error TS7006: Parameter 'f' implicitly has an 'any' type.
src/components/settings/folders/hooks/use-folders-state.ts(94,13): error TS7006: Parameter 'prevStats' implicitly has an 'any' type.
src/components/settings/folders/hooks/use-folders.ts(11,8): error TS2307: Cannot find module '@/app/actions/folders/folder-types' or its corresponding type declarations.
src/components/settings/folders/hooks/use-folders.ts(82,15): error TS2339: Property 'folderId' does not exist on type 'ExtendedProcessStatus'.
src/components/settings/folders/hooks/use-folders.ts(115,23): error TS2339: Property 'folderId' does not exist on type 'ExtendedProcessStatus'.
src/components/settings/folders/hooks/use-folders.ts(124,32): error TS2339: Property 'folderId' does not exist on type 'ExtendedProcessStatus'.
src/components/settings/folders/hooks/use-folders.ts(195,4): error TS2353: Object literal may only specify known properties, and 'folderId' does not exist in type 'SetStateAction<ExtendedProcessStatus>'.
src/components/settings/folders/hooks/use-folders.ts(286,8): error TS7006: Parameter 'error' implicitly has an 'any' type.
src/components/settings/folders/hooks/use-folders.ts(397,38): error TS2339: Property 'folderId' does not exist on type 'ExtendedProcessStatus'.
src/components/settings/folders/hooks/use-folders.ts(401,34): error TS2339: Property 'folderId' does not exist on type 'ExtendedProcessStatus'.
src/components/settings/groups/components/group-filters.tsx(2,15): error TS2305: Module '"@/types/entities/group/types"' has no exported member 'GroupFilter'.
src/components/settings/groups/components/group-filters.tsx(2,28): error TS2305: Module '"@/types/entities/group/types"' has no exported member 'groupFilterSchema'.
src/components/settings/groups/components/group-stats.tsx(2,15): error TS2305: Module '"@/types/entities/group/types"' has no exported member 'GroupCount'.
src/components/settings/groups/components/group-stats.tsx(9,59): error TS18046: 'acc' is of type 'unknown'.
src/components/settings/groups/components/group-stats.tsx(9,65): error TS18046: 'curr' is of type 'unknown'.
src/components/settings/groups/components/group-stats.tsx(24,45): error TS2322: Type 'unknown' is not assignable to type 'ReactNode'.
src/components/settings/groups/components/group-stats.tsx(29,44): error TS2322: Type 'unknown' is not assignable to type 'ReactNode'.
src/components/settings/groups/create-group-form.tsx(46,3): error TS2322: Type 'Resolver<{ name: string; description?: string | undefined; emoji?: string | undefined; color?: string | undefined; featuredImage?: string | undefined; isFavorite?: boolean | undefined; filters?: string | undefined; shortcut?: string | undefined; category?: "technical" | ... 3 more ... | undefined; sortBy?: string | ...' is not assignable to type 'Resolver<{ name: string; emoji: string; color: string; isFavorite: boolean; filters: string; category: "technical" | "artistic" | "management" | "general"; sortBy: string; description?: string | undefined; featuredImage?: string | undefined; shortcut?: string | undefined; }, any, { ...; }>'.
  Types of parameters 'options' and 'options' are incompatible.
    Type 'ResolverOptions<{ name: string; emoji: string; color: string; isFavorite: boolean; filters: string; category: "technical" | "artistic" | "management" | "general"; sortBy: string; description?: string | undefined; featuredImage?: string | undefined; shortcut?: string | undefined; }>' is not assignable to type 'ResolverOptions<{ name: string; description?: string | undefined; emoji?: string | undefined; color?: string | undefined; featuredImage?: string | undefined; isFavorite?: boolean | undefined; filters?: string | undefined; shortcut?: string | undefined; category?: "technical" | ... 3 more ... | undefined; sortBy?: st...'.
      Type 'string | undefined' is not assignable to type 'string'.
        Type 'undefined' is not assignable to type 'string'.
src/components/settings/groups/create-group-form.tsx(94,4): error TS2322: Type '{ name: string; label: string; render: ({ value, onChange }: any) => Element; }[]' is not assignable to type '{ name: "name"; label: string; render: (props: { value: any; onChange: (v: any) => void; }) => ReactNode; }[]'.
  Type '{ name: string; label: string; render: ({ value, onChange }: any) => JSX.Element; }' is not assignable to type '{ name: "name"; label: string; render: (props: { value: any; onChange: (v: any) => void; }) => ReactNode; }'.
    Types of property 'name' are incompatible.
      Type 'string' is not assignable to type '"name"'.
src/components/settings/groups/group-preview.tsx(3,15): error TS2305: Module '"@/types/entities/group/types"' has no exported member 'Group'.
src/components/settings/groups/group-preview.tsx(3,22): error TS2305: Module '"@/types/entities/group/types"' has no exported member 'GroupCount'.
src/components/settings/groups/groups-settings.tsx(14,15): error TS2305: Module '"@/types/entities/group/types"' has no exported member 'GroupWithStats'.
src/components/settings/groups/groups-settings.tsx(15,10): error TS2305: Module '"@/types/entities/group/types"' has no exported member 'GroupSortCriteria'.
src/components/settings/groups/groups-settings.tsx(41,6): error TS2448: Block-scoped variable 'loadGroups' used before its declaration.
src/components/settings/groups/groups-settings.tsx(41,6): error TS2454: Variable 'loadGroups' is used before being assigned.
src/components/settings/groups/groups-settings.tsx(97,62): error TS18046: 'a' is of type 'unknown'.
src/components/settings/groups/groups-settings.tsx(97,66): error TS18046: 'b' is of type 'unknown'.
src/components/settings/groups/groups-settings.tsx(100,63): error TS18046: 'count' is of type 'unknown'.
src/components/settings/groups/groups-settings.tsx(102,86): error TS18046: 'a' is of type 'unknown'.
src/components/settings/groups/groups-settings.tsx(102,90): error TS18046: 'b' is of type 'unknown'.
src/components/settings/groups/groups-settings.tsx(107,49): error TS2304: Cannot find name 'Group'.
src/components/settings/groups/groups-settings.tsx(121,61): error TS2304: Cannot find name 'Group'.
src/components/settings/groups/groups-settings.tsx(208,14): error TS2322: Type 'unknown' is not assignable to type 'ReactNode'.
src/components/settings/groups/groups-settings.tsx(208,60): error TS18046: 'a' is of type 'unknown'.
src/components/settings/groups/groups-settings.tsx(208,64): error TS18046: 'b' is of type 'unknown'.
src/components/settings/groups/groups-settings.tsx(239,9): error TS2322: Type '{ group: any; onSubmit: (data: any) => Promise<void>; onCancel: () => void; }' is not assignable to type 'IntrinsicAttributes & CreateGroupFormProps'.
  Property 'onSubmit' does not exist on type 'IntrinsicAttributes & CreateGroupFormProps'.
src/components/settings/groups/groups-settings.tsx(239,20): error TS7006: Parameter 'data' implicitly has an 'any' type.
src/components/settings/groups/groups-settings.tsx(256,22): error TS2322: Type '{ onSubmit: (data: Group) => Promise<void>; onCancel: () => void; }' is not assignable to type 'IntrinsicAttributes & CreateGroupFormProps'.
  Property 'onSubmit' does not exist on type 'IntrinsicAttributes & CreateGroupFormProps'.
src/components/settings/notes/create-note-form.tsx(8,27): error TS2307: Cannot find module '@/types/entities/notes' or its corresponding type declarations.
src/components/settings/notes/create-note-form.tsx(57,3): error TS2322: Type 'Resolver<{ emoji: string; color: string; title: string; isFavorite?: boolean | undefined; tags?: string | undefined; category?: NoteCategory | undefined; content?: string | undefined; summary?: string | undefined; }, any, { ...; }>' is not assignable to type 'Resolver<{ emoji: string; color: string; isFavorite: boolean; title: string; tags?: string | undefined; category?: NoteCategory | undefined; content?: string | undefined; summary?: string | undefined; }, any, { ...; }>'.
  Types of parameters 'options' and 'options' are incompatible.
    Type 'ResolverOptions<{ emoji: string; color: string; isFavorite: boolean; title: string; tags?: string | undefined; category?: NoteCategory | undefined; content?: string | undefined; summary?: string | undefined; }>' is not assignable to type 'ResolverOptions<{ emoji: string; color: string; title: string; isFavorite?: boolean | undefined; tags?: string | undefined; category?: NoteCategory | undefined; content?: string | undefined; summary?: string | undefined; }>'.
      Type 'boolean | undefined' is not assignable to type 'boolean'.
        Type 'undefined' is not assignable to type 'boolean'.
src/components/settings/notes/create-note-form.tsx(84,17): error TS2339: Property 'title' does not exist on type 'ExtendedNote'.
src/components/settings/notes/create-note-form.tsx(86,19): error TS2339: Property 'content' does not exist on type 'ExtendedNote'.
src/components/settings/notes/create-note-form.tsx(89,20): error TS2339: Property 'category' does not exist on type 'ExtendedNote'.
src/components/settings/notes/create-note-form.tsx(90,16): error TS2339: Property 'tags' does not exist on type 'ExtendedNote'.
src/components/settings/notes/create-note-form.tsx(91,22): error TS2339: Property 'isFavorite' does not exist on type 'ExtendedNote'.
src/components/settings/notes/create-note-form.tsx(103,47): error TS2339: Property 'id' does not exist on type 'ExtendedNote'.
src/components/settings/notes/create-note-form.tsx(105,15): error TS2339: Property 'id' does not exist on type 'ExtendedNote'.
src/components/settings/notes/create-note-form.tsx(163,4): error TS2322: Type '{ name: string; label: string; render: ({ value, onChange }: any) => Element; }[]' is not assignable to type '{ name: "name"; label: string; render: (props: { value: any; onChange: (v: any) => void; }) => ReactNode; }[]'.
  Type '{ name: string; label: string; render: ({ value, onChange }: any) => JSX.Element; }' is not assignable to type '{ name: "name"; label: string; render: (props: { value: any; onChange: (v: any) => void; }) => ReactNode; }'.
    Types of property 'name' are incompatible.
      Type 'string' is not assignable to type '"name"'.
src/components/settings/notes/create-note-form.tsx(166,28): error TS2339: Property 'id' does not exist on type 'ExtendedNote'.
src/components/settings/notes/notes-settings.tsx(16,27): error TS2307: Cannot find module '@/types/entities/notes' or its corresponding type declarations.
src/components/settings/notes/notes-settings.tsx(72,43): error TS2339: Property 'isFavorite' does not exist on type 'ExtendedNote'.
src/components/settings/notes/notes-settings.tsx(91,12): error TS2339: Property 'title' does not exist on type 'ExtendedNote'.
src/components/settings/notes/notes-settings.tsx(91,66): error TS2339: Property 'content' does not exist on type 'ExtendedNote'.
src/components/settings/notes/notes-settings.tsx(97,31): error TS2339: Property 'category' does not exist on type 'ExtendedNote'.
src/components/settings/notes/notes-settings.tsx(102,33): error TS2339: Property 'isFavorite' does not exist on type 'ExtendedNote'.
src/components/settings/notes/notes-settings.tsx(116,50): error TS2339: Property 'id' does not exist on type 'ExtendedNote'.
src/components/settings/notes/notes-settings.tsx(156,29): error TS2339: Property 'id' does not exist on type 'ExtendedNote'.
src/components/settings/notes/notes-settings.tsx(156,48): error TS2339: Property 'id' does not exist on type 'ExtendedNote'.
src/components/settings/notes/notes-settings.tsx(181,53): error TS2339: Property 'category' does not exist on type 'ExtendedNote'.
src/components/settings/notes/notes-settings.tsx(360,22): error TS2339: Property 'id' does not exist on type 'ExtendedNote'.
src/components/settings/notes/notes-settings.tsx(361,149): error TS2339: Property 'id' does not exist on type 'ExtendedNote'.
src/components/settings/notes/notes-settings.tsx(361,161): error TS2339: Property 'id' does not exist on type 'ExtendedNote'.
src/components/settings/notes/notes-settings.tsx(364,40): error TS2339: Property 'id' does not exist on type 'ExtendedNote'.
src/components/settings/notes/notes-settings.tsx(364,52): error TS2339: Property 'id' does not exist on type 'ExtendedNote'.
src/components/settings/notes/notes-settings.tsx(375,64): error TS2339: Property 'title' does not exist on type 'ExtendedNote'.
src/components/settings/notes/notes-settings.tsx(377,33): error TS2304: Cannot find name 'formatDate'.
src/components/settings/notes/notes-settings.tsx(377,49): error TS2339: Property 'updatedAt' does not exist on type 'ExtendedNote'.
src/components/settings/notes/notes-settings.tsx(378,20): error TS2339: Property 'tags' does not exist on type 'ExtendedNote'.
src/components/settings/notes/notes-settings.tsx(381,28): error TS2339: Property 'tags' does not exist on type 'ExtendedNote'.
src/components/settings/notes/notes-settings.tsx(386,39): error TS2339: Property 'id' does not exist on type 'ExtendedNote'.
src/components/settings/notes/notes-settings.tsx(419,57): error TS2339: Property 'id' does not exist on type 'ExtendedNote'.
src/components/settings/notes/notes-settings.tsx(438,30): error TS2339: Property 'id' does not exist on type 'ExtendedNote'.
src/components/settings/notes/notes-settings.tsx(463,53): error TS2339: Property 'title' does not exist on type 'ExtendedNote'.
src/components/settings/notes/notes-settings.tsx(465,56): error TS2339: Property 'category' does not exist on type 'ExtendedNote'.
src/components/settings/notes/notes-settings.tsx(467,57): error TS2339: Property 'category' does not exist on type 'ExtendedNote'.
src/components/settings/notes/notes-settings.tsx(482,30): error TS2339: Property 'content' does not exist on type 'ExtendedNote'.
src/components/settings/notes/notes-settings.tsx(488,57): error TS2339: Property 'isFavorite' does not exist on type 'ExtendedNote'.
src/components/settings/places/create-place-form.tsx(17,26): error TS2307: Cannot find module '@/hooks/use-toast' or its corresponding type declarations.
src/components/settings/places/create-place-form.tsx(19,71): error TS2307: Cannot find module '@/types/entities/place/enums' or its corresponding type declarations.
src/components/settings/places/create-place-form.tsx(51,3): error TS2322: Type 'Resolver<{ name: string; emoji: string; color: string; description?: string | null | undefined; isFavorite?: boolean | undefined; category?: string | null | undefined; type?: string | null | undefined; ... 5 more ...; history?: string | ... 1 more ... | undefined; }, any, { ...; }>' is not assignable to type 'Resolver<{ name: string; emoji: string; color: string; isFavorite: boolean; description?: string | null | undefined; category?: string | null | undefined; type?: string | null | undefined; region?: string | ... 1 more ... | undefined; ... 4 more ...; history?: string | ... 1 more ... | undefined; }, any, { ...; }>'.
  Types of parameters 'options' and 'options' are incompatible.
    Type 'ResolverOptions<{ name: string; emoji: string; color: string; isFavorite: boolean; description?: string | null | undefined; category?: string | null | undefined; type?: string | null | undefined; region?: string | ... 1 more ... | undefined; ... 4 more ...; history?: string | ... 1 more ... | undefined; }>' is not assignable to type 'ResolverOptions<{ name: string; emoji: string; color: string; description?: string | null | undefined; isFavorite?: boolean | undefined; category?: string | null | undefined; type?: string | null | undefined; ... 5 more ...; history?: string | ... 1 more ... | undefined; }>'.
      Type 'boolean | undefined' is not assignable to type 'boolean'.
        Type 'undefined' is not assignable to type 'boolean'.
src/components/settings/places/create-place-form.tsx(77,10): error TS2739: Type '{ dangers: never[]; resources: never[]; stats: {}; name: string; emoji: string; color: string; isFavorite: boolean; description?: string | null | undefined; category?: string | null | undefined; type?: string | ... 1 more ... | undefined; ... 5 more ...; history?: string | ... 1 more ... | undefined; }' is missing the following properties from type 'PlaceCreateInput': featuredImage, shortcut
src/components/settings/places/create-place-form.tsx(106,38): error TS2345: Argument of type '(values: PlaceFormValues) => Promise<void>' is not assignable to parameter of type 'SubmitHandler<TFieldValues>'.
  Types of parameters 'values' and 'data' are incompatible.
    Type 'TFieldValues' is not assignable to type '{ name: string; emoji: string; color: string; isFavorite: boolean; description?: string | null | undefined; category?: string | null | undefined; type?: string | null | undefined; region?: string | ... 1 more ... | undefined; ... 4 more ...; history?: string | ... 1 more ... | undefined; }'.
      Type 'FieldValues' is missing the following properties from type '{ name: string; emoji: string; color: string; isFavorite: boolean; description?: string | null | undefined; category?: string | null | undefined; type?: string | null | undefined; region?: string | ... 1 more ... | undefined; ... 4 more ...; history?: string | ... 1 more ... | undefined; }': name, emoji, color, isFavorite
src/components/settings/places/create-place-form.tsx(111,8): error TS2322: Type 'Control<{ name: string; emoji: string; color: string; isFavorite: boolean; description?: string | null | undefined; category?: string | null | undefined; type?: string | null | undefined; region?: string | ... 1 more ... | undefined; ... 4 more ...; history?: string | ... 1 more ... | undefined; }, any, TFieldValues>' is not assignable to type 'Control<{ name: string; emoji: string; color: string; isFavorite: boolean; description?: string | null | undefined; category?: string | null | undefined; type?: string | null | undefined; region?: string | ... 1 more ... | undefined; ... 4 more ...; history?: string | ... 1 more ... | undefined; }, any, { ...; }>'.
  The types of '_options.resolver' are incompatible between these types.
    Type 'Resolver<{ name: string; emoji: string; color: string; isFavorite: boolean; description?: string | null | undefined; category?: string | null | undefined; type?: string | null | undefined; region?: string | ... 1 more ... | undefined; ... 4 more ...; history?: string | ... 1 more ... | undefined; }, any, TFieldValue...' is not assignable to type 'Resolver<{ name: string; emoji: string; color: string; isFavorite: boolean; description?: string | null | undefined; category?: string | null | undefined; type?: string | null | undefined; region?: string | ... 1 more ... | undefined; ... 4 more ...; history?: string | ... 1 more ... | undefined; }, any, { ...; }> |...'.
      Type 'Resolver<{ name: string; emoji: string; color: string; isFavorite: boolean; description?: string | null | undefined; category?: string | null | undefined; type?: string | null | undefined; region?: string | ... 1 more ... | undefined; ... 4 more ...; history?: string | ... 1 more ... | undefined; }, any, TFieldValues>' is not assignable to type 'Resolver<{ name: string; emoji: string; color: string; isFavorite: boolean; description?: string | null | undefined; category?: string | null | undefined; type?: string | null | undefined; region?: string | ... 1 more ... | undefined; ... 4 more ...; history?: string | ... 1 more ... | undefined; }, any, { ...; }>'.
        Type 'TFieldValues' is not assignable to type '{ name: string; emoji: string; color: string; isFavorite: boolean; description?: string | null | undefined; category?: string | null | undefined; type?: string | null | undefined; region?: string | ... 1 more ... | undefined; ... 4 more ...; history?: string | ... 1 more ... | undefined; }'.
          Type 'FieldValues' is missing the following properties from type '{ name: string; emoji: string; color: string; isFavorite: boolean; description?: string | null | undefined; category?: string | null | undefined; type?: string | null | undefined; region?: string | ... 1 more ... | undefined; ... 4 more ...; history?: string | ... 1 more ... | undefined; }': name, emoji, color, isFavorite
src/components/settings/places/create-place-form.tsx(127,8): error TS2322: Type 'Control<{ name: string; emoji: string; color: string; isFavorite: boolean; description?: string | null | undefined; category?: string | null | undefined; type?: string | null | undefined; region?: string | ... 1 more ... | undefined; ... 4 more ...; history?: string | ... 1 more ... | undefined; }, any, TFieldValues>' is not assignable to type 'Control<{ name: string; emoji: string; color: string; isFavorite: boolean; description?: string | null | undefined; category?: string | null | undefined; type?: string | null | undefined; region?: string | ... 1 more ... | undefined; ... 4 more ...; history?: string | ... 1 more ... | undefined; }, any, { ...; }>'.
  The types of '_options.resolver' are incompatible between these types.
    Type 'Resolver<{ name: string; emoji: string; color: string; isFavorite: boolean; description?: string | null | undefined; category?: string | null | undefined; type?: string | null | undefined; region?: string | ... 1 more ... | undefined; ... 4 more ...; history?: string | ... 1 more ... | undefined; }, any, TFieldValue...' is not assignable to type 'Resolver<{ name: string; emoji: string; color: string; isFavorite: boolean; description?: string | null | undefined; category?: string | null | undefined; type?: string | null | undefined; region?: string | ... 1 more ... | undefined; ... 4 more ...; history?: string | ... 1 more ... | undefined; }, any, { ...; }> |...'.
      Type 'Resolver<{ name: string; emoji: string; color: string; isFavorite: boolean; description?: string | null | undefined; category?: string | null | undefined; type?: string | null | undefined; region?: string | ... 1 more ... | undefined; ... 4 more ...; history?: string | ... 1 more ... | undefined; }, any, TFieldValues>' is not assignable to type 'Resolver<{ name: string; emoji: string; color: string; isFavorite: boolean; description?: string | null | undefined; category?: string | null | undefined; type?: string | null | undefined; region?: string | ... 1 more ... | undefined; ... 4 more ...; history?: string | ... 1 more ... | undefined; }, any, { ...; }>'.
        Type 'TFieldValues' is not assignable to type '{ name: string; emoji: string; color: string; isFavorite: boolean; description?: string | null | undefined; category?: string | null | undefined; type?: string | null | undefined; region?: string | ... 1 more ... | undefined; ... 4 more ...; history?: string | ... 1 more ... | undefined; }'.
          Type 'FieldValues' is missing the following properties from type '{ name: string; emoji: string; color: string; isFavorite: boolean; description?: string | null | undefined; category?: string | null | undefined; type?: string | null | undefined; region?: string | ... 1 more ... | undefined; ... 4 more ...; history?: string | ... 1 more ... | undefined; }': name, emoji, color, isFavorite
src/components/settings/places/create-place-form.tsx(150,8): error TS2322: Type 'Control<{ name: string; emoji: string; color: string; isFavorite: boolean; description?: string | null | undefined; category?: string | null | undefined; type?: string | null | undefined; region?: string | ... 1 more ... | undefined; ... 4 more ...; history?: string | ... 1 more ... | undefined; }, any, TFieldValues>' is not assignable to type 'Control<{ name: string; emoji: string; color: string; isFavorite: boolean; description?: string | null | undefined; category?: string | null | undefined; type?: string | null | undefined; region?: string | ... 1 more ... | undefined; ... 4 more ...; history?: string | ... 1 more ... | undefined; }, any, { ...; }>'.
  The types of '_options.resolver' are incompatible between these types.
    Type 'Resolver<{ name: string; emoji: string; color: string; isFavorite: boolean; description?: string | null | undefined; category?: string | null | undefined; type?: string | null | undefined; region?: string | ... 1 more ... | undefined; ... 4 more ...; history?: string | ... 1 more ... | undefined; }, any, TFieldValue...' is not assignable to type 'Resolver<{ name: string; emoji: string; color: string; isFavorite: boolean; description?: string | null | undefined; category?: string | null | undefined; type?: string | null | undefined; region?: string | ... 1 more ... | undefined; ... 4 more ...; history?: string | ... 1 more ... | undefined; }, any, { ...; }> |...'.
      Type 'Resolver<{ name: string; emoji: string; color: string; isFavorite: boolean; description?: string | null | undefined; category?: string | null | undefined; type?: string | null | undefined; region?: string | ... 1 more ... | undefined; ... 4 more ...; history?: string | ... 1 more ... | undefined; }, any, TFieldValues>' is not assignable to type 'Resolver<{ name: string; emoji: string; color: string; isFavorite: boolean; description?: string | null | undefined; category?: string | null | undefined; type?: string | null | undefined; region?: string | ... 1 more ... | undefined; ... 4 more ...; history?: string | ... 1 more ... | undefined; }, any, { ...; }>'.
        Type 'TFieldValues' is not assignable to type '{ name: string; emoji: string; color: string; isFavorite: boolean; description?: string | null | undefined; category?: string | null | undefined; type?: string | null | undefined; region?: string | ... 1 more ... | undefined; ... 4 more ...; history?: string | ... 1 more ... | undefined; }'.
          Type 'FieldValues' is missing the following properties from type '{ name: string; emoji: string; color: string; isFavorite: boolean; description?: string | null | undefined; category?: string | null | undefined; type?: string | null | undefined; region?: string | ... 1 more ... | undefined; ... 4 more ...; history?: string | ... 1 more ... | undefined; }': name, emoji, color, isFavorite
src/components/settings/places/create-place-form.tsx(166,8): error TS2322: Type 'Control<{ name: string; emoji: string; color: string; isFavorite: boolean; description?: string | null | undefined; category?: string | null | undefined; type?: string | null | undefined; region?: string | ... 1 more ... | undefined; ... 4 more ...; history?: string | ... 1 more ... | undefined; }, any, TFieldValues>' is not assignable to type 'Control<{ name: string; emoji: string; color: string; isFavorite: boolean; description?: string | null | undefined; category?: string | null | undefined; type?: string | null | undefined; region?: string | ... 1 more ... | undefined; ... 4 more ...; history?: string | ... 1 more ... | undefined; }, any, { ...; }>'.
  The types of '_options.resolver' are incompatible between these types.
    Type 'Resolver<{ name: string; emoji: string; color: string; isFavorite: boolean; description?: string | null | undefined; category?: string | null | undefined; type?: string | null | undefined; region?: string | ... 1 more ... | undefined; ... 4 more ...; history?: string | ... 1 more ... | undefined; }, any, TFieldValue...' is not assignable to type 'Resolver<{ name: string; emoji: string; color: string; isFavorite: boolean; description?: string | null | undefined; category?: string | null | undefined; type?: string | null | undefined; region?: string | ... 1 more ... | undefined; ... 4 more ...; history?: string | ... 1 more ... | undefined; }, any, { ...; }> |...'.
      Type 'Resolver<{ name: string; emoji: string; color: string; isFavorite: boolean; description?: string | null | undefined; category?: string | null | undefined; type?: string | null | undefined; region?: string | ... 1 more ... | undefined; ... 4 more ...; history?: string | ... 1 more ... | undefined; }, any, TFieldValues>' is not assignable to type 'Resolver<{ name: string; emoji: string; color: string; isFavorite: boolean; description?: string | null | undefined; category?: string | null | undefined; type?: string | null | undefined; region?: string | ... 1 more ... | undefined; ... 4 more ...; history?: string | ... 1 more ... | undefined; }, any, { ...; }>'.
        Type 'TFieldValues' is not assignable to type '{ name: string; emoji: string; color: string; isFavorite: boolean; description?: string | null | undefined; category?: string | null | undefined; type?: string | null | undefined; region?: string | ... 1 more ... | undefined; ... 4 more ...; history?: string | ... 1 more ... | undefined; }'.
          Type 'FieldValues' is missing the following properties from type '{ name: string; emoji: string; color: string; isFavorite: boolean; description?: string | null | undefined; category?: string | null | undefined; type?: string | null | undefined; region?: string | ... 1 more ... | undefined; ... 4 more ...; history?: string | ... 1 more ... | undefined; }': name, emoji, color, isFavorite
src/components/settings/places/create-place-form.tsx(181,7): error TS2304: Cannot find name 'Separator'.
src/components/settings/places/create-place-form.tsx(186,8): error TS2322: Type 'Control<{ name: string; emoji: string; color: string; isFavorite: boolean; description?: string | null | undefined; category?: string | null | undefined; type?: string | null | undefined; region?: string | ... 1 more ... | undefined; ... 4 more ...; history?: string | ... 1 more ... | undefined; }, any, TFieldValues>' is not assignable to type 'Control<{ name: string; emoji: string; color: string; isFavorite: boolean; description?: string | null | undefined; category?: string | null | undefined; type?: string | null | undefined; region?: string | ... 1 more ... | undefined; ... 4 more ...; history?: string | ... 1 more ... | undefined; }, any, { ...; }>'.
  The types of '_options.resolver' are incompatible between these types.
    Type 'Resolver<{ name: string; emoji: string; color: string; isFavorite: boolean; description?: string | null | undefined; category?: string | null | undefined; type?: string | null | undefined; region?: string | ... 1 more ... | undefined; ... 4 more ...; history?: string | ... 1 more ... | undefined; }, any, TFieldValue...' is not assignable to type 'Resolver<{ name: string; emoji: string; color: string; isFavorite: boolean; description?: string | null | undefined; category?: string | null | undefined; type?: string | null | undefined; region?: string | ... 1 more ... | undefined; ... 4 more ...; history?: string | ... 1 more ... | undefined; }, any, { ...; }> |...'.
      Type 'Resolver<{ name: string; emoji: string; color: string; isFavorite: boolean; description?: string | null | undefined; category?: string | null | undefined; type?: string | null | undefined; region?: string | ... 1 more ... | undefined; ... 4 more ...; history?: string | ... 1 more ... | undefined; }, any, TFieldValues>' is not assignable to type 'Resolver<{ name: string; emoji: string; color: string; isFavorite: boolean; description?: string | null | undefined; category?: string | null | undefined; type?: string | null | undefined; region?: string | ... 1 more ... | undefined; ... 4 more ...; history?: string | ... 1 more ... | undefined; }, any, { ...; }>'.
        Type 'TFieldValues' is not assignable to type '{ name: string; emoji: string; color: string; isFavorite: boolean; description?: string | null | undefined; category?: string | null | undefined; type?: string | null | undefined; region?: string | ... 1 more ... | undefined; ... 4 more ...; history?: string | ... 1 more ... | undefined; }'.
          Type 'FieldValues' is missing the following properties from type '{ name: string; emoji: string; color: string; isFavorite: boolean; description?: string | null | undefined; category?: string | null | undefined; type?: string | null | undefined; region?: string | ... 1 more ... | undefined; ... 4 more ...; history?: string | ... 1 more ... | undefined; }': name, emoji, color, isFavorite
src/components/settings/places/create-place-form.tsx(199,25): error TS2322: Type 'unknown' is not assignable to type 'Key | null | undefined'.
src/components/settings/places/create-place-form.tsx(199,36): error TS2322: Type 'unknown' is not assignable to type 'string'.
src/components/settings/places/create-place-form.tsx(200,14): error TS2322: Type 'unknown' is not assignable to type 'ReactNode'.
src/components/settings/places/create-place-form.tsx(213,8): error TS2322: Type 'Control<{ name: string; emoji: string; color: string; isFavorite: boolean; description?: string | null | undefined; category?: string | null | undefined; type?: string | null | undefined; region?: string | ... 1 more ... | undefined; ... 4 more ...; history?: string | ... 1 more ... | undefined; }, any, TFieldValues>' is not assignable to type 'Control<{ name: string; emoji: string; color: string; isFavorite: boolean; description?: string | null | undefined; category?: string | null | undefined; type?: string | null | undefined; region?: string | ... 1 more ... | undefined; ... 4 more ...; history?: string | ... 1 more ... | undefined; }, any, { ...; }>'.
  The types of '_options.resolver' are incompatible between these types.
    Type 'Resolver<{ name: string; emoji: string; color: string; isFavorite: boolean; description?: string | null | undefined; category?: string | null | undefined; type?: string | null | undefined; region?: string | ... 1 more ... | undefined; ... 4 more ...; history?: string | ... 1 more ... | undefined; }, any, TFieldValue...' is not assignable to type 'Resolver<{ name: string; emoji: string; color: string; isFavorite: boolean; description?: string | null | undefined; category?: string | null | undefined; type?: string | null | undefined; region?: string | ... 1 more ... | undefined; ... 4 more ...; history?: string | ... 1 more ... | undefined; }, any, { ...; }> |...'.
      Type 'Resolver<{ name: string; emoji: string; color: string; isFavorite: boolean; description?: string | null | undefined; category?: string | null | undefined; type?: string | null | undefined; region?: string | ... 1 more ... | undefined; ... 4 more ...; history?: string | ... 1 more ... | undefined; }, any, TFieldValues>' is not assignable to type 'Resolver<{ name: string; emoji: string; color: string; isFavorite: boolean; description?: string | null | undefined; category?: string | null | undefined; type?: string | null | undefined; region?: string | ... 1 more ... | undefined; ... 4 more ...; history?: string | ... 1 more ... | undefined; }, any, { ...; }>'.
        Type 'TFieldValues' is not assignable to type '{ name: string; emoji: string; color: string; isFavorite: boolean; description?: string | null | undefined; category?: string | null | undefined; type?: string | null | undefined; region?: string | ... 1 more ... | undefined; ... 4 more ...; history?: string | ... 1 more ... | undefined; }'.
          Type 'FieldValues' is missing the following properties from type '{ name: string; emoji: string; color: string; isFavorite: boolean; description?: string | null | undefined; category?: string | null | undefined; type?: string | null | undefined; region?: string | ... 1 more ... | undefined; ... 4 more ...; history?: string | ... 1 more ... | undefined; }': name, emoji, color, isFavorite
src/components/settings/places/create-place-form.tsx(226,25): error TS2322: Type 'unknown' is not assignable to type 'Key | null | undefined'.
src/components/settings/places/create-place-form.tsx(226,40): error TS2322: Type 'unknown' is not assignable to type 'string'.
src/components/settings/places/create-place-form.tsx(227,14): error TS2322: Type 'unknown' is not assignable to type 'ReactNode'.
src/components/settings/places/create-place-form.tsx(242,8): error TS2322: Type 'Control<{ name: string; emoji: string; color: string; isFavorite: boolean; description?: string | null | undefined; category?: string | null | undefined; type?: string | null | undefined; region?: string | ... 1 more ... | undefined; ... 4 more ...; history?: string | ... 1 more ... | undefined; }, any, TFieldValues>' is not assignable to type 'Control<{ name: string; emoji: string; color: string; isFavorite: boolean; description?: string | null | undefined; category?: string | null | undefined; type?: string | null | undefined; region?: string | ... 1 more ... | undefined; ... 4 more ...; history?: string | ... 1 more ... | undefined; }, any, { ...; }>'.
  The types of '_options.resolver' are incompatible between these types.
    Type 'Resolver<{ name: string; emoji: string; color: string; isFavorite: boolean; description?: string | null | undefined; category?: string | null | undefined; type?: string | null | undefined; region?: string | ... 1 more ... | undefined; ... 4 more ...; history?: string | ... 1 more ... | undefined; }, any, TFieldValue...' is not assignable to type 'Resolver<{ name: string; emoji: string; color: string; isFavorite: boolean; description?: string | null | undefined; category?: string | null | undefined; type?: string | null | undefined; region?: string | ... 1 more ... | undefined; ... 4 more ...; history?: string | ... 1 more ... | undefined; }, any, { ...; }> |...'.
      Type 'Resolver<{ name: string; emoji: string; color: string; isFavorite: boolean; description?: string | null | undefined; category?: string | null | undefined; type?: string | null | undefined; region?: string | ... 1 more ... | undefined; ... 4 more ...; history?: string | ... 1 more ... | undefined; }, any, TFieldValues>' is not assignable to type 'Resolver<{ name: string; emoji: string; color: string; isFavorite: boolean; description?: string | null | undefined; category?: string | null | undefined; type?: string | null | undefined; region?: string | ... 1 more ... | undefined; ... 4 more ...; history?: string | ... 1 more ... | undefined; }, any, { ...; }>'.
        Type 'TFieldValues' is not assignable to type '{ name: string; emoji: string; color: string; isFavorite: boolean; description?: string | null | undefined; category?: string | null | undefined; type?: string | null | undefined; region?: string | ... 1 more ... | undefined; ... 4 more ...; history?: string | ... 1 more ... | undefined; }'.
          Type 'FieldValues' is missing the following properties from type '{ name: string; emoji: string; color: string; isFavorite: boolean; description?: string | null | undefined; category?: string | null | undefined; type?: string | null | undefined; region?: string | ... 1 more ... | undefined; ... 4 more ...; history?: string | ... 1 more ... | undefined; }': name, emoji, color, isFavorite
src/components/settings/places/create-place-form.tsx(258,8): error TS2322: Type 'Control<{ name: string; emoji: string; color: string; isFavorite: boolean; description?: string | null | undefined; category?: string | null | undefined; type?: string | null | undefined; region?: string | ... 1 more ... | undefined; ... 4 more ...; history?: string | ... 1 more ... | undefined; }, any, TFieldValues>' is not assignable to type 'Control<{ name: string; emoji: string; color: string; isFavorite: boolean; description?: string | null | undefined; category?: string | null | undefined; type?: string | null | undefined; region?: string | ... 1 more ... | undefined; ... 4 more ...; history?: string | ... 1 more ... | undefined; }, any, { ...; }>'.
  The types of '_options.resolver' are incompatible between these types.
    Type 'Resolver<{ name: string; emoji: string; color: string; isFavorite: boolean; description?: string | null | undefined; category?: string | null | undefined; type?: string | null | undefined; region?: string | ... 1 more ... | undefined; ... 4 more ...; history?: string | ... 1 more ... | undefined; }, any, TFieldValue...' is not assignable to type 'Resolver<{ name: string; emoji: string; color: string; isFavorite: boolean; description?: string | null | undefined; category?: string | null | undefined; type?: string | null | undefined; region?: string | ... 1 more ... | undefined; ... 4 more ...; history?: string | ... 1 more ... | undefined; }, any, { ...; }> |...'.
      Type 'Resolver<{ name: string; emoji: string; color: string; isFavorite: boolean; description?: string | null | undefined; category?: string | null | undefined; type?: string | null | undefined; region?: string | ... 1 more ... | undefined; ... 4 more ...; history?: string | ... 1 more ... | undefined; }, any, TFieldValues>' is not assignable to type 'Resolver<{ name: string; emoji: string; color: string; isFavorite: boolean; description?: string | null | undefined; category?: string | null | undefined; type?: string | null | undefined; region?: string | ... 1 more ... | undefined; ... 4 more ...; history?: string | ... 1 more ... | undefined; }, any, { ...; }>'.
        Type 'TFieldValues' is not assignable to type '{ name: string; emoji: string; color: string; isFavorite: boolean; description?: string | null | undefined; category?: string | null | undefined; type?: string | null | undefined; region?: string | ... 1 more ... | undefined; ... 4 more ...; history?: string | ... 1 more ... | undefined; }'.
          Type 'FieldValues' is missing the following properties from type '{ name: string; emoji: string; color: string; isFavorite: boolean; description?: string | null | undefined; category?: string | null | undefined; type?: string | null | undefined; region?: string | ... 1 more ... | undefined; ... 4 more ...; history?: string | ... 1 more ... | undefined; }': name, emoji, color, isFavorite
src/components/settings/places/create-place-form.tsx(285,8): error TS2322: Type 'Control<{ name: string; emoji: string; color: string; isFavorite: boolean; description?: string | null | undefined; category?: string | null | undefined; type?: string | null | undefined; region?: string | ... 1 more ... | undefined; ... 4 more ...; history?: string | ... 1 more ... | undefined; }, any, TFieldValues>' is not assignable to type 'Control<{ name: string; emoji: string; color: string; isFavorite: boolean; description?: string | null | undefined; category?: string | null | undefined; type?: string | null | undefined; region?: string | ... 1 more ... | undefined; ... 4 more ...; history?: string | ... 1 more ... | undefined; }, any, { ...; }>'.
  The types of '_options.resolver' are incompatible between these types.
    Type 'Resolver<{ name: string; emoji: string; color: string; isFavorite: boolean; description?: string | null | undefined; category?: string | null | undefined; type?: string | null | undefined; region?: string | ... 1 more ... | undefined; ... 4 more ...; history?: string | ... 1 more ... | undefined; }, any, TFieldValue...' is not assignable to type 'Resolver<{ name: string; emoji: string; color: string; isFavorite: boolean; description?: string | null | undefined; category?: string | null | undefined; type?: string | null | undefined; region?: string | ... 1 more ... | undefined; ... 4 more ...; history?: string | ... 1 more ... | undefined; }, any, { ...; }> |...'.
      Type 'Resolver<{ name: string; emoji: string; color: string; isFavorite: boolean; description?: string | null | undefined; category?: string | null | undefined; type?: string | null | undefined; region?: string | ... 1 more ... | undefined; ... 4 more ...; history?: string | ... 1 more ... | undefined; }, any, TFieldValues>' is not assignable to type 'Resolver<{ name: string; emoji: string; color: string; isFavorite: boolean; description?: string | null | undefined; category?: string | null | undefined; type?: string | null | undefined; region?: string | ... 1 more ... | undefined; ... 4 more ...; history?: string | ... 1 more ... | undefined; }, any, { ...; }>'.
        Type 'TFieldValues' is not assignable to type '{ name: string; emoji: string; color: string; isFavorite: boolean; description?: string | null | undefined; category?: string | null | undefined; type?: string | null | undefined; region?: string | ... 1 more ... | undefined; ... 4 more ...; history?: string | ... 1 more ... | undefined; }'.
          Type 'FieldValues' is missing the following properties from type '{ name: string; emoji: string; color: string; isFavorite: boolean; description?: string | null | undefined; category?: string | null | undefined; type?: string | null | undefined; region?: string | ... 1 more ... | undefined; ... 4 more ...; history?: string | ... 1 more ... | undefined; }': name, emoji, color, isFavorite
src/components/settings/places/create-place-form.tsx(298,25): error TS2322: Type 'unknown' is not assignable to type 'Key | null | undefined'.
src/components/settings/places/create-place-form.tsx(298,39): error TS2322: Type 'unknown' is not assignable to type 'string'.
src/components/settings/places/create-place-form.tsx(299,14): error TS2322: Type 'unknown' is not assignable to type 'ReactNode'.
src/components/settings/places/create-place-form.tsx(312,8): error TS2322: Type 'Control<{ name: string; emoji: string; color: string; isFavorite: boolean; description?: string | null | undefined; category?: string | null | undefined; type?: string | null | undefined; region?: string | ... 1 more ... | undefined; ... 4 more ...; history?: string | ... 1 more ... | undefined; }, any, TFieldValues>' is not assignable to type 'Control<{ name: string; emoji: string; color: string; isFavorite: boolean; description?: string | null | undefined; category?: string | null | undefined; type?: string | null | undefined; region?: string | ... 1 more ... | undefined; ... 4 more ...; history?: string | ... 1 more ... | undefined; }, any, { ...; }>'.
  The types of '_options.resolver' are incompatible between these types.
    Type 'Resolver<{ name: string; emoji: string; color: string; isFavorite: boolean; description?: string | null | undefined; category?: string | null | undefined; type?: string | null | undefined; region?: string | ... 1 more ... | undefined; ... 4 more ...; history?: string | ... 1 more ... | undefined; }, any, TFieldValue...' is not assignable to type 'Resolver<{ name: string; emoji: string; color: string; isFavorite: boolean; description?: string | null | undefined; category?: string | null | undefined; type?: string | null | undefined; region?: string | ... 1 more ... | undefined; ... 4 more ...; history?: string | ... 1 more ... | undefined; }, any, { ...; }> |...'.
      Type 'Resolver<{ name: string; emoji: string; color: string; isFavorite: boolean; description?: string | null | undefined; category?: string | null | undefined; type?: string | null | undefined; region?: string | ... 1 more ... | undefined; ... 4 more ...; history?: string | ... 1 more ... | undefined; }, any, TFieldValues>' is not assignable to type 'Resolver<{ name: string; emoji: string; color: string; isFavorite: boolean; description?: string | null | undefined; category?: string | null | undefined; type?: string | null | undefined; region?: string | ... 1 more ... | undefined; ... 4 more ...; history?: string | ... 1 more ... | undefined; }, any, { ...; }>'.
        Type 'TFieldValues' is not assignable to type '{ name: string; emoji: string; color: string; isFavorite: boolean; description?: string | null | undefined; category?: string | null | undefined; type?: string | null | undefined; region?: string | ... 1 more ... | undefined; ... 4 more ...; history?: string | ... 1 more ... | undefined; }'.
          Type 'FieldValues' is missing the following properties from type '{ name: string; emoji: string; color: string; isFavorite: boolean; description?: string | null | undefined; category?: string | null | undefined; type?: string | null | undefined; region?: string | ... 1 more ... | undefined; ... 4 more ...; history?: string | ... 1 more ... | undefined; }': name, emoji, color, isFavorite
src/components/settings/places/create-place-form.tsx(325,25): error TS2322: Type 'unknown' is not assignable to type 'Key | null | undefined'.
src/components/settings/places/create-place-form.tsx(325,42): error TS2322: Type 'unknown' is not assignable to type 'string'.
src/components/settings/places/create-place-form.tsx(326,14): error TS2322: Type 'unknown' is not assignable to type 'ReactNode'.
src/components/settings/places/create-place-form.tsx(338,7): error TS2304: Cannot find name 'Separator'.
src/components/settings/places/create-place-form.tsx(343,8): error TS2322: Type 'Control<{ name: string; emoji: string; color: string; isFavorite: boolean; description?: string | null | undefined; category?: string | null | undefined; type?: string | null | undefined; region?: string | ... 1 more ... | undefined; ... 4 more ...; history?: string | ... 1 more ... | undefined; }, any, TFieldValues>' is not assignable to type 'Control<{ name: string; emoji: string; color: string; isFavorite: boolean; description?: string | null | undefined; category?: string | null | undefined; type?: string | null | undefined; region?: string | ... 1 more ... | undefined; ... 4 more ...; history?: string | ... 1 more ... | undefined; }, any, { ...; }>'.
  The types of '_options.resolver' are incompatible between these types.
    Type 'Resolver<{ name: string; emoji: string; color: string; isFavorite: boolean; description?: string | null | undefined; category?: string | null | undefined; type?: string | null | undefined; region?: string | ... 1 more ... | undefined; ... 4 more ...; history?: string | ... 1 more ... | undefined; }, any, TFieldValue...' is not assignable to type 'Resolver<{ name: string; emoji: string; color: string; isFavorite: boolean; description?: string | null | undefined; category?: string | null | undefined; type?: string | null | undefined; region?: string | ... 1 more ... | undefined; ... 4 more ...; history?: string | ... 1 more ... | undefined; }, any, { ...; }> |...'.
      Type 'Resolver<{ name: string; emoji: string; color: string; isFavorite: boolean; description?: string | null | undefined; category?: string | null | undefined; type?: string | null | undefined; region?: string | ... 1 more ... | undefined; ... 4 more ...; history?: string | ... 1 more ... | undefined; }, any, TFieldValues>' is not assignable to type 'Resolver<{ name: string; emoji: string; color: string; isFavorite: boolean; description?: string | null | undefined; category?: string | null | undefined; type?: string | null | undefined; region?: string | ... 1 more ... | undefined; ... 4 more ...; history?: string | ... 1 more ... | undefined; }, any, { ...; }>'.
        Type 'TFieldValues' is not assignable to type '{ name: string; emoji: string; color: string; isFavorite: boolean; description?: string | null | undefined; category?: string | null | undefined; type?: string | null | undefined; region?: string | ... 1 more ... | undefined; ... 4 more ...; history?: string | ... 1 more ... | undefined; }'.
          Type 'FieldValues' is missing the following properties from type '{ name: string; emoji: string; color: string; isFavorite: boolean; description?: string | null | undefined; category?: string | null | undefined; type?: string | null | undefined; region?: string | ... 1 more ... | undefined; ... 4 more ...; history?: string | ... 1 more ... | undefined; }': name, emoji, color, isFavorite
src/components/settings/places/create-place-form.tsx(364,8): error TS2322: Type 'Control<{ name: string; emoji: string; color: string; isFavorite: boolean; description?: string | null | undefined; category?: string | null | undefined; type?: string | null | undefined; region?: string | ... 1 more ... | undefined; ... 4 more ...; history?: string | ... 1 more ... | undefined; }, any, TFieldValues>' is not assignable to type 'Control<{ name: string; emoji: string; color: string; isFavorite: boolean; description?: string | null | undefined; category?: string | null | undefined; type?: string | null | undefined; region?: string | ... 1 more ... | undefined; ... 4 more ...; history?: string | ... 1 more ... | undefined; }, any, { ...; }>'.
  The types of '_options.resolver' are incompatible between these types.
    Type 'Resolver<{ name: string; emoji: string; color: string; isFavorite: boolean; description?: string | null | undefined; category?: string | null | undefined; type?: string | null | undefined; region?: string | ... 1 more ... | undefined; ... 4 more ...; history?: string | ... 1 more ... | undefined; }, any, TFieldValue...' is not assignable to type 'Resolver<{ name: string; emoji: string; color: string; isFavorite: boolean; description?: string | null | undefined; category?: string | null | undefined; type?: string | null | undefined; region?: string | ... 1 more ... | undefined; ... 4 more ...; history?: string | ... 1 more ... | undefined; }, any, { ...; }> |...'.
      Type 'Resolver<{ name: string; emoji: string; color: string; isFavorite: boolean; description?: string | null | undefined; category?: string | null | undefined; type?: string | null | undefined; region?: string | ... 1 more ... | undefined; ... 4 more ...; history?: string | ... 1 more ... | undefined; }, any, TFieldValues>' is not assignable to type 'Resolver<{ name: string; emoji: string; color: string; isFavorite: boolean; description?: string | null | undefined; category?: string | null | undefined; type?: string | null | undefined; region?: string | ... 1 more ... | undefined; ... 4 more ...; history?: string | ... 1 more ... | undefined; }, any, { ...; }>'.
        Type 'TFieldValues' is not assignable to type '{ name: string; emoji: string; color: string; isFavorite: boolean; description?: string | null | undefined; category?: string | null | undefined; type?: string | null | undefined; region?: string | ... 1 more ... | undefined; ... 4 more ...; history?: string | ... 1 more ... | undefined; }'.
          Type 'FieldValues' is missing the following properties from type '{ name: string; emoji: string; color: string; isFavorite: boolean; description?: string | null | undefined; category?: string | null | undefined; type?: string | null | undefined; region?: string | ... 1 more ... | undefined; ... 4 more ...; history?: string | ... 1 more ... | undefined; }': name, emoji, color, isFavorite
src/components/settings/places/create-place-form.tsx(387,8): error TS2322: Type 'Control<{ name: string; emoji: string; color: string; isFavorite: boolean; description?: string | null | undefined; category?: string | null | undefined; type?: string | null | undefined; region?: string | ... 1 more ... | undefined; ... 4 more ...; history?: string | ... 1 more ... | undefined; }, any, TFieldValues>' is not assignable to type 'Control<{ name: string; emoji: string; color: string; isFavorite: boolean; description?: string | null | undefined; category?: string | null | undefined; type?: string | null | undefined; region?: string | ... 1 more ... | undefined; ... 4 more ...; history?: string | ... 1 more ... | undefined; }, any, { ...; }>'.
  The types of '_options.resolver' are incompatible between these types.
    Type 'Resolver<{ name: string; emoji: string; color: string; isFavorite: boolean; description?: string | null | undefined; category?: string | null | undefined; type?: string | null | undefined; region?: string | ... 1 more ... | undefined; ... 4 more ...; history?: string | ... 1 more ... | undefined; }, any, TFieldValue...' is not assignable to type 'Resolver<{ name: string; emoji: string; color: string; isFavorite: boolean; description?: string | null | undefined; category?: string | null | undefined; type?: string | null | undefined; region?: string | ... 1 more ... | undefined; ... 4 more ...; history?: string | ... 1 more ... | undefined; }, any, { ...; }> |...'.
      Type 'Resolver<{ name: string; emoji: string; color: string; isFavorite: boolean; description?: string | null | undefined; category?: string | null | undefined; type?: string | null | undefined; region?: string | ... 1 more ... | undefined; ... 4 more ...; history?: string | ... 1 more ... | undefined; }, any, TFieldValues>' is not assignable to type 'Resolver<{ name: string; emoji: string; color: string; isFavorite: boolean; description?: string | null | undefined; category?: string | null | undefined; type?: string | null | undefined; region?: string | ... 1 more ... | undefined; ... 4 more ...; history?: string | ... 1 more ... | undefined; }, any, { ...; }>'.
        Type 'TFieldValues' is not assignable to type '{ name: string; emoji: string; color: string; isFavorite: boolean; description?: string | null | undefined; category?: string | null | undefined; type?: string | null | undefined; region?: string | ... 1 more ... | undefined; ... 4 more ...; history?: string | ... 1 more ... | undefined; }'.
          Type 'FieldValues' is missing the following properties from type '{ name: string; emoji: string; color: string; isFavorite: boolean; description?: string | null | undefined; category?: string | null | undefined; type?: string | null | undefined; region?: string | ... 1 more ... | undefined; ... 4 more ...; history?: string | ... 1 more ... | undefined; }': name, emoji, color, isFavorite
src/components/settings/places/create-place-form.tsx(407,7): error TS2304: Cannot find name 'Separator'.
src/components/settings/places/create-place-form.tsx(411,7): error TS2322: Type 'Control<{ name: string; emoji: string; color: string; isFavorite: boolean; description?: string | null | undefined; category?: string | null | undefined; type?: string | null | undefined; region?: string | ... 1 more ... | undefined; ... 4 more ...; history?: string | ... 1 more ... | undefined; }, any, TFieldValues>' is not assignable to type 'Control<{ name: string; emoji: string; color: string; isFavorite: boolean; description?: string | null | undefined; category?: string | null | undefined; type?: string | null | undefined; region?: string | ... 1 more ... | undefined; ... 4 more ...; history?: string | ... 1 more ... | undefined; }, any, { ...; }>'.
  The types of '_options.resolver' are incompatible between these types.
    Type 'Resolver<{ name: string; emoji: string; color: string; isFavorite: boolean; description?: string | null | undefined; category?: string | null | undefined; type?: string | null | undefined; region?: string | ... 1 more ... | undefined; ... 4 more ...; history?: string | ... 1 more ... | undefined; }, any, TFieldValue...' is not assignable to type 'Resolver<{ name: string; emoji: string; color: string; isFavorite: boolean; description?: string | null | undefined; category?: string | null | undefined; type?: string | null | undefined; region?: string | ... 1 more ... | undefined; ... 4 more ...; history?: string | ... 1 more ... | undefined; }, any, { ...; }> |...'.
      Type 'Resolver<{ name: string; emoji: string; color: string; isFavorite: boolean; description?: string | null | undefined; category?: string | null | undefined; type?: string | null | undefined; region?: string | ... 1 more ... | undefined; ... 4 more ...; history?: string | ... 1 more ... | undefined; }, any, TFieldValues>' is not assignable to type 'Resolver<{ name: string; emoji: string; color: string; isFavorite: boolean; description?: string | null | undefined; category?: string | null | undefined; type?: string | null | undefined; region?: string | ... 1 more ... | undefined; ... 4 more ...; history?: string | ... 1 more ... | undefined; }, any, { ...; }>'.
        Type 'TFieldValues' is not assignable to type '{ name: string; emoji: string; color: string; isFavorite: boolean; description?: string | null | undefined; category?: string | null | undefined; type?: string | null | undefined; region?: string | ... 1 more ... | undefined; ... 4 more ...; history?: string | ... 1 more ... | undefined; }'.
          Type 'FieldValues' is missing the following properties from type '{ name: string; emoji: string; color: string; isFavorite: boolean; description?: string | null | undefined; category?: string | null | undefined; type?: string | null | undefined; region?: string | ... 1 more ... | undefined; ... 4 more ...; history?: string | ... 1 more ... | undefined; }': name, emoji, color, isFavorite
src/components/settings/places/places-settings.tsx(15,15): error TS2305: Module '"@/types/entities/place"' has no exported member 'Place'.
src/components/settings/places/places-settings.tsx(16,40): error TS2307: Cannot find module '@/types/entities/place/enums' or its corresponding type declarations.
src/components/settings/places/places-settings.tsx(433,11): error TS2322: Type '{ key: any; place: any; isEditing: boolean; onCreated: (newPlace: Place) => void; onUpdated: (updatedPlace: Place) => void; onCancel: () => void; onPreview: (data: any) => void; }' is not assignable to type 'IntrinsicAttributes & CreatePlaceFormProps'.
  Property 'isEditing' does not exist on type 'IntrinsicAttributes & CreatePlaceFormProps'.
src/components/settings/profiles/profiles-settings.tsx(13,15): error TS2614: Module '"@/services/profile-service-export"' has no exported member 'ProfileUpdate'. Did you mean to use 'import ProfileUpdate from "@/services/profile-service-export"' instead?
src/components/settings/prompts/create-prompt-form.tsx(8,33): error TS2307: Cannot find module '@/types/entities/prompt/base' or its corresponding type declarations.
src/components/settings/prompts/create-prompt-form.tsx(61,3): error TS2322: Type 'Resolver<{ name: string; emoji: string; color: string; content: string; description?: string | undefined; isFavorite?: boolean | undefined; category?: PromptCategory | undefined; model?: PromptModel | undefined; parameters?: string | undefined; }, any, { ...; }>' is not assignable to type 'Resolver<{ name: string; emoji: string; color: string; isFavorite: boolean; content: string; description?: string | undefined; category?: PromptCategory | undefined; model?: PromptModel | undefined; parameters?: string | undefined; }, any, { ...; }>'.
  Types of parameters 'options' and 'options' are incompatible.
    Type 'ResolverOptions<{ name: string; emoji: string; color: string; isFavorite: boolean; content: string; description?: string | undefined; category?: PromptCategory | undefined; model?: PromptModel | undefined; parameters?: string | undefined; }>' is not assignable to type 'ResolverOptions<{ name: string; emoji: string; color: string; content: string; description?: string | undefined; isFavorite?: boolean | undefined; category?: PromptCategory | undefined; model?: PromptModel | undefined; parameters?: string | undefined; }>'.
      Type 'boolean | undefined' is not assignable to type 'boolean'.
        Type 'undefined' is not assignable to type 'boolean'.
src/components/settings/prompts/create-prompt-form.tsx(195,4): error TS2322: Type '{ name: string; label: string; render: ({ value, onChange }: any) => Element; }[]' is not assignable to type '{ name: "name"; label: string; render: (props: { value: any; onChange: (v: any) => void; }) => ReactNode; }[]'.
  Type '{ name: string; label: string; render: ({ value, onChange }: any) => JSX.Element; }' is not assignable to type '{ name: "name"; label: string; render: (props: { value: any; onChange: (v: any) => void; }) => ReactNode; }'.
    Types of property 'name' are incompatible.
      Type 'string' is not assignable to type '"name"'.
src/components/settings/prompts/prompts-settings.tsx(20,33): error TS2307: Cannot find module '@/types/entities/prompt/base' or its corresponding type declarations.
src/components/settings/properties/create-property-form.tsx(34,3): error TS2322: Type 'Resolver<{ name: string; description?: string | undefined; emoji?: string | undefined; color?: string | undefined; featuredImage?: string | undefined; isFavorite?: boolean | undefined; shortcut?: string | undefined; category?: "technical" | ... 3 more ... | undefined; }, any, { ...; }>' is not assignable to type 'Resolver<{ name: string; emoji: string; color: string; isFavorite: boolean; category: "technical" | "artistic" | "management" | "general"; description?: string | undefined; featuredImage?: string | undefined; shortcut?: string | undefined; }, any, { ...; }>'.
  Types of parameters 'options' and 'options' are incompatible.
    Type 'ResolverOptions<{ name: string; emoji: string; color: string; isFavorite: boolean; category: "technical" | "artistic" | "management" | "general"; description?: string | undefined; featuredImage?: string | undefined; shortcut?: string | undefined; }>' is not assignable to type 'ResolverOptions<{ name: string; description?: string | undefined; emoji?: string | undefined; color?: string | undefined; featuredImage?: string | undefined; isFavorite?: boolean | undefined; shortcut?: string | undefined; category?: "technical" | ... 3 more ... | undefined; }>'.
      Type 'string | undefined' is not assignable to type 'string'.
        Type 'undefined' is not assignable to type 'string'.
src/components/settings/properties/create-property-form.tsx(48,3): error TS2304: Cannot find name 'onSubmit'.
src/components/settings/properties/create-property-form.tsx(89,5): error TS2322: Type '{ name: string; label: string; render: ({ value, onChange }: any) => Element; }[]' is not assignable to type '{ name: "name"; label: string; render: (props: { value: any; onChange: (v: any) => void; }) => ReactNode; }[]'.
  Type '{ name: string; label: string; render: ({ value, onChange }: any) => JSX.Element; }' is not assignable to type '{ name: "name"; label: string; render: (props: { value: any; onChange: (v: any) => void; }) => ReactNode; }'.
    Types of property 'name' are incompatible.
      Type 'string' is not assignable to type '"name"'.
src/components/settings/properties/create-property-form.tsx(92,13): error TS2304: Cannot find name 'updateProperty'.
src/components/settings/properties/create-property-form.tsx(95,29): error TS2304: Cannot find name 'createProperty'.
src/components/settings/properties/properties-settings.tsx(73,6): error TS2448: Block-scoped variable 'loadProperties' used before its declaration.
src/components/settings/properties/properties-settings.tsx(73,6): error TS2454: Variable 'loadProperties' is used before being assigned.
src/components/settings/properties/properties-settings.tsx(356,9): error TS2322: Type '{ property: PropertyWithStats; onSubmit: (data: any) => Promise<void>; onCancel: () => void; }' is not assignable to type 'IntrinsicAttributes & CreatePropertyFormProps'.
  Property 'onSubmit' does not exist on type 'IntrinsicAttributes & CreatePropertyFormProps'.
src/components/settings/properties/properties-settings.tsx(356,20): error TS7006: Parameter 'data' implicitly has an 'any' type.
src/components/settings/properties/properties-settings.tsx(383,25): error TS2322: Type '{ onSubmit: (data: { name: string; emoji: string; color: string; isFavorite: boolean; category: "technical" | "artistic" | "management" | "general"; description?: string | undefined; featuredImage?: string | undefined; shortcut?: string | undefined; }) => Promise<...>; onCancel: () => void; }' is not assignable to type 'IntrinsicAttributes & CreatePropertyFormProps'.
  Property 'onSubmit' does not exist on type 'IntrinsicAttributes & CreatePropertyFormProps'.
src/components/settings/tags/create-tag-form.tsx(9,15): error TS2305: Module '"@/types/entities/tag"' has no exported member 'TagUpdate'.
src/components/settings/tags/create-tag-form.tsx(67,3): error TS2322: Type 'Resolver<{ name: string; emoji: string; color: string; description?: string | undefined; isFavorite?: boolean | undefined; category?: TagCategory | undefined; }, any, { name: string; ... 4 more ...; category?: TagCategory | undefined; }>' is not assignable to type 'Resolver<{ name: string; emoji: string; color: string; isFavorite: boolean; description?: string | undefined; category?: TagCategory | undefined; }, any, { name: string; emoji: string; color: string; isFavorite: boolean; description?: string | undefined; category?: TagCategory | undefined; }>'.
  Types of parameters 'options' and 'options' are incompatible.
    Type 'ResolverOptions<{ name: string; emoji: string; color: string; isFavorite: boolean; description?: string | undefined; category?: TagCategory | undefined; }>' is not assignable to type 'ResolverOptions<{ name: string; emoji: string; color: string; description?: string | undefined; isFavorite?: boolean | undefined; category?: TagCategory | undefined; }>'.
      Type 'boolean | undefined' is not assignable to type 'boolean'.
        Type 'undefined' is not assignable to type 'boolean'.
src/components/settings/tags/create-tag-form.tsx(218,4): error TS2322: Type '{ name: string; label: string; render: ({ value, onChange }: any) => Element; }[]' is not assignable to type '{ name: "name"; label: string; render: (props: { value: any; onChange: (v: any) => void; }) => ReactNode; }[]'.
  Type '{ name: string; label: string; render: ({ value, onChange }: any) => JSX.Element; }' is not assignable to type '{ name: "name"; label: string; render: (props: { value: any; onChange: (v: any) => void; }) => ReactNode; }'.
    Types of property 'name' are incompatible.
      Type 'string' is not assignable to type '"name"'.
src/components/settings/tags/tags-settings.tsx(3,47): error TS2305: Module '"@/app/actions/tags"' has no exported member 'TagWithStats'.
src/components/settings/tags/tags-settings.tsx(15,51): error TS2305: Module '"lucide-react"' has no exported member 'TagBase'.
src/components/settings/tags/tags-settings.tsx(151,4): error TS2322: Type 'string | undefined' is not assignable to type 'string'.
  Type 'undefined' is not assignable to type 'string'.
src/components/settings/tags/tags-settings.tsx(511,59): error TS2339: Property '_count' does not exist on type 'TagBase'.
src/components/settings/tags/tags-settings.tsx(513,60): error TS2339: Property '_count' does not exist on type 'TagBase'.
src/components/settings/tags/tags-settings.tsx(537,20): error TS2339: Property 'CHARACTER' does not exist on type 'typeof TagCategory'.
src/components/settings/tags/tags-settings.tsx(539,20): error TS2339: Property 'LOCATION' does not exist on type 'typeof TagCategory'.
src/components/settings/tags/tags-settings.tsx(541,20): error TS2339: Property 'OBJECT' does not exist on type 'typeof TagCategory'.
src/components/settings/tags/tags-settings.tsx(543,20): error TS2339: Property 'CONCEPT' does not exist on type 'typeof TagCategory'.
src/components/settings/tags/tags-settings.tsx(545,20): error TS2339: Property 'EVENT' does not exist on type 'typeof TagCategory'.
src/components/settings/thumbnails/thumbnails-settings.tsx(25,15): error TS2305: Module '"@/types/thumbnails"' has no exported member 'LastProcessedThumbnail'.
src/components/settings/thumbnails/thumbnails-settings.tsx(25,39): error TS2305: Module '"@/types/thumbnails"' has no exported member 'ThumbnailCallbacks'.
src/components/settings/thumbnails/thumbnails-settings.tsx(159,18): error TS7006: Parameter 'status' implicitly has an 'any' type.
src/components/settings/thumbnails/thumbnails-settings.tsx(174,18): error TS7006: Parameter 'data' implicitly has an 'any' type.
src/components/settings/thumbnails/thumbnails-settings.tsx(477,37): error TS7006: Parameter 'error' implicitly has an 'any' type.
src/components/settings/wildcards/create-wildcard-form.tsx(55,3): error TS2322: Type 'Resolver<{ name: string; description?: string | undefined; emoji?: string | undefined; color?: string | undefined; featuredImage?: string | undefined; isFavorite?: boolean | undefined; parentId?: string | ... 1 more ... | undefined; children?: string[] | undefined; shortcut?: string | undefined; category?: string | ...' is not assignable to type 'Resolver<FormValues, any, FormValues>'.
  Types of parameters 'options' and 'options' are incompatible.
    Type 'ResolverOptions<FormValues>' is not assignable to type 'ResolverOptions<{ name: string; description?: string | undefined; emoji?: string | undefined; color?: string | undefined; featuredImage?: string | undefined; isFavorite?: boolean | undefined; parentId?: string | ... 1 more ... | undefined; children?: string[] | undefined; shortcut?: string | undefined; category?: st...'.
      Type 'string | undefined' is not assignable to type 'string'.
        Type 'undefined' is not assignable to type 'string'.
src/components/settings/wildcards/create-wildcard-form.tsx(72,3): error TS2322: Type 'Control<FormValues, any, TFieldValues>' is not assignable to type 'Control<FormValues, any, FormValues>'.
  The types of '_options.resolver' are incompatible between these types.
    Type 'Resolver<FormValues, any, TFieldValues> | undefined' is not assignable to type 'Resolver<FormValues, any, FormValues> | undefined'.
      Type 'Resolver<FormValues, any, TFieldValues>' is not assignable to type 'Resolver<FormValues, any, FormValues>'.
        Type 'TFieldValues' is not assignable to type 'FormValues'.
          Type 'FieldValues' is missing the following properties from type 'FormValues': name, emoji, color, category, and 2 more.
src/components/settings/wildcards/create-wildcard-form.tsx(73,3): error TS2322: Type 'string' is not assignable to type 'never'.
src/components/settings/wildcards/create-wildcard-form.tsx(94,39): error TS2345: Argument of type '(data: FormValues) => void' is not assignable to parameter of type 'SubmitHandler<TFieldValues>'.
  Types of parameters 'data' and 'data' are incompatible.
    Type 'TFieldValues' is not assignable to type 'FormValues'.
      Type 'FieldValues' is missing the following properties from type 'FormValues': name, emoji, color, category, and 2 more.
src/components/settings/wildcards/create-wildcard-form.tsx(98,8): error TS2322: Type 'Control<FormValues, any, TFieldValues>' is not assignable to type 'Control<FormValues, any, FormValues>'.
  The types of '_options.resolver' are incompatible between these types.
    Type 'Resolver<FormValues, any, TFieldValues> | undefined' is not assignable to type 'Resolver<FormValues, any, FormValues> | undefined'.
      Type 'Resolver<FormValues, any, TFieldValues>' is not assignable to type 'Resolver<FormValues, any, FormValues>'.
        Type 'TFieldValues' is not assignable to type 'FormValues'.
          Type 'FieldValues' is missing the following properties from type 'FormValues': name, emoji, color, category, and 2 more.
src/components/settings/wildcards/create-wildcard-form.tsx(114,9): error TS2322: Type 'Control<FormValues, any, TFieldValues>' is not assignable to type 'Control<FormValues, any, FormValues>'.
  The types of '_options.resolver' are incompatible between these types.
    Type 'Resolver<FormValues, any, TFieldValues> | undefined' is not assignable to type 'Resolver<FormValues, any, FormValues> | undefined'.
      Type 'Resolver<FormValues, any, TFieldValues>' is not assignable to type 'Resolver<FormValues, any, FormValues>'.
        Type 'TFieldValues' is not assignable to type 'FormValues'.
          Type 'FieldValues' is missing the following properties from type 'FormValues': name, emoji, color, category, and 2 more.
src/components/settings/wildcards/create-wildcard-form.tsx(127,9): error TS2322: Type 'Control<FormValues, any, TFieldValues>' is not assignable to type 'Control<FormValues, any, FormValues>'.
  The types of '_options.resolver' are incompatible between these types.
    Type 'Resolver<FormValues, any, TFieldValues> | undefined' is not assignable to type 'Resolver<FormValues, any, FormValues> | undefined'.
      Type 'Resolver<FormValues, any, TFieldValues>' is not assignable to type 'Resolver<FormValues, any, FormValues>'.
        Type 'TFieldValues' is not assignable to type 'FormValues'.
          Type 'FieldValues' is missing the following properties from type 'FormValues': name, emoji, color, category, and 2 more.
src/components/settings/wildcards/create-wildcard-form.tsx(142,8): error TS2322: Type 'Control<FormValues, any, TFieldValues>' is not assignable to type 'Control<FormValues, any, FormValues>'.
  The types of '_options.resolver' are incompatible between these types.
    Type 'Resolver<FormValues, any, TFieldValues> | undefined' is not assignable to type 'Resolver<FormValues, any, FormValues> | undefined'.
      Type 'Resolver<FormValues, any, TFieldValues>' is not assignable to type 'Resolver<FormValues, any, FormValues>'.
        Type 'TFieldValues' is not assignable to type 'FormValues'.
          Type 'FieldValues' is missing the following properties from type 'FormValues': name, emoji, color, category, and 2 more.
src/components/settings/wildcards/create-wildcard-form.tsx(156,8): error TS2322: Type 'Control<FormValues, any, TFieldValues>' is not assignable to type 'Control<FormValues, any, FormValues>'.
  The types of '_options.resolver' are incompatible between these types.
    Type 'Resolver<FormValues, any, TFieldValues> | undefined' is not assignable to type 'Resolver<FormValues, any, FormValues> | undefined'.
      Type 'Resolver<FormValues, any, TFieldValues>' is not assignable to type 'Resolver<FormValues, any, FormValues>'.
        Type 'TFieldValues' is not assignable to type 'FormValues'.
          Type 'FieldValues' is missing the following properties from type 'FormValues': name, emoji, color, category, and 2 more.
src/components/settings/wildcards/create-wildcard-form.tsx(170,8): error TS2322: Type 'Control<FormValues, any, TFieldValues>' is not assignable to type 'Control<FormValues, any, FormValues>'.
  The types of '_options.resolver' are incompatible between these types.
    Type 'Resolver<FormValues, any, TFieldValues> | undefined' is not assignable to type 'Resolver<FormValues, any, FormValues> | undefined'.
      Type 'Resolver<FormValues, any, TFieldValues>' is not assignable to type 'Resolver<FormValues, any, FormValues>'.
        Type 'TFieldValues' is not assignable to type 'FormValues'.
          Type 'FieldValues' is missing the following properties from type 'FormValues': name, emoji, color, category, and 2 more.
src/components/settings/wildcards/create-wildcard-form.tsx(195,8): error TS2322: Type 'Control<FormValues, any, TFieldValues>' is not assignable to type 'Control<FormValues, any, FormValues>'.
  The types of '_options.resolver' are incompatible between these types.
    Type 'Resolver<FormValues, any, TFieldValues> | undefined' is not assignable to type 'Resolver<FormValues, any, FormValues> | undefined'.
      Type 'Resolver<FormValues, any, TFieldValues>' is not assignable to type 'Resolver<FormValues, any, FormValues>'.
        Type 'TFieldValues' is not assignable to type 'FormValues'.
          Type 'FieldValues' is missing the following properties from type 'FormValues': name, emoji, color, category, and 2 more.
src/components/settings/wildcards/create-wildcard-form.tsx(231,11): error TS2322: Type 'Control<FormValues, any, TFieldValues>' is not assignable to type 'Control<FormValues, any, FormValues>'.
  The types of '_options.resolver' are incompatible between these types.
    Type 'Resolver<FormValues, any, TFieldValues> | undefined' is not assignable to type 'Resolver<FormValues, any, FormValues> | undefined'.
      Type 'Resolver<FormValues, any, TFieldValues>' is not assignable to type 'Resolver<FormValues, any, FormValues>'.
        Type 'TFieldValues' is not assignable to type 'FormValues'.
          Type 'FieldValues' is missing the following properties from type 'FormValues': name, emoji, color, category, and 2 more.
src/components/settings/wildcards/create-wildcard-form.tsx(247,97): error TS2345: Argument of type 'string' is not assignable to parameter of type 'FieldArray<FormValues, FieldArrayPath<TFieldValues>> | FieldArray<FormValues, FieldArrayPath<TFieldValues>>[]'.
src/components/settings/wildcards/create-wildcard-form.tsx(255,8): error TS2322: Type 'Control<FormValues, any, TFieldValues>' is not assignable to type 'Control<FormValues, any, FormValues>'.
  The types of '_options.resolver' are incompatible between these types.
    Type 'Resolver<FormValues, any, TFieldValues> | undefined' is not assignable to type 'Resolver<FormValues, any, FormValues> | undefined'.
      Type 'Resolver<FormValues, any, TFieldValues>' is not assignable to type 'Resolver<FormValues, any, FormValues>'.
        Type 'TFieldValues' is not assignable to type 'FormValues'.
          Type 'FieldValues' is missing the following properties from type 'FormValues': name, emoji, color, category, and 2 more.
src/components/settings/wildcards/create-wildcard-form.tsx(269,8): error TS2322: Type 'Control<FormValues, any, TFieldValues>' is not assignable to type 'Control<FormValues, any, FormValues>'.
  The types of '_options.resolver' are incompatible between these types.
    Type 'Resolver<FormValues, any, TFieldValues> | undefined' is not assignable to type 'Resolver<FormValues, any, FormValues> | undefined'.
      Type 'Resolver<FormValues, any, TFieldValues>' is not assignable to type 'Resolver<FormValues, any, FormValues>'.
        Type 'TFieldValues' is not assignable to type 'FormValues'.
          Type 'FieldValues' is missing the following properties from type 'FormValues': name, emoji, color, category, and 2 more.
src/components/settings/wildcards/wildcards-settings.tsx(103,30): error TS2352: Conversion of type '{ _count: { albums: number; collections: number; tags: number; characters: number; places: number; worldItems: number; concepts: number; prompts: number; notes: number; properties: number; images: number; videos: number; childWildcards: number; }; ... 13 more ...; lastUpdated: Date; }[]' to type 'WildcardWithRelations[]' may be a mistake because neither type sufficiently overlaps with the other. If this was intentional, convert the expression to 'unknown' first.
  Property 'featuredImage' is missing in type '{ _count: { albums: number; collections: number; tags: number; characters: number; places: number; worldItems: number; concepts: number; prompts: number; notes: number; properties: number; images: number; videos: number; childWildcards: number; }; ... 13 more ...; lastUpdated: Date; }' but required in type 'WildcardWithRelations'.
src/components/settings/world-items/create-world-item-form.tsx(237,18): error TS2345: Argument of type '{ name: string; description: string | null; shortcut: string | null; category: string; type: string; rarity: string; size: string; origin: string; attributes: string | string[] | WorldItemAttribute[]; ... 21 more ...; updatedAt?: Date | undefined; }' is not assignable to parameter of type 'WorldItemExtended'.
  Types of property 'stats' are incompatible.
    Type 'string | WorldItemStat[] | WorldItemStats' is not assignable to type 'WorldItemStats'.
      Type 'string' is not assignable to type 'WorldItemStats'.
src/components/settings/world-items/world-items-settings.tsx(40,19): error TS2345: Argument of type '(WorldItemExtended & { totalSize: number; imageCount?: number | undefined; recentImages?: string[] | undefined; })[]' is not assignable to parameter of type 'SetStateAction<WorldItemWithStats[]>'.
  Type '(WorldItemExtended & { totalSize: number; imageCount?: number | undefined; recentImages?: string[] | undefined; })[]' is not assignable to type 'WorldItemWithStats[]'.
    Type 'WorldItemExtended & { totalSize: number; imageCount?: number | undefined; recentImages?: string[] | undefined; }' is missing the following properties from type 'WorldItemWithStats': _count, lastUpdated
src/components/settings/world-items/world-items-settings.tsx(159,54): error TS2352: Conversion of type '{ stats: WorldItemStats; attributes: string[]; effects: WorldItemEffect[]; properties: WorldItemProperty[]; ... 29 more ...; recentImages: string[]; }' to type 'WorldItemWithStats' may be a mistake because neither type sufficiently overlaps with the other. If this was intentional, convert the expression to 'unknown' first.
  Types of property 'attributes' are incompatible.
    Type 'string[]' is not comparable to type 'string'.
src/components/toolbar/main-toolbar.tsx(475,6): error TS2741: Property 'currentView' is missing in type '{}' but required in type 'BreadcrumbsProps'.
src/components/ui/card-3d.tsx(70,44): error TS2363: The right-hand side of an arithmetic operation must be of type 'any', 'number', 'bigint' or an enum type.
src/components/ui/entity-card.tsx(6,10): error TS2305: Module '"@/components/ui/shine-border"' has no exported member 'ShineButton'.
src/components/ui/entity-card.tsx(136,4): error TS2322: Type '{ children: (false | Element)[]; className: string; primaryColor: string; secondaryColor: string; tcgMode: boolean; }' is not assignable to type 'IntrinsicAttributes & CardContainerProps & RefAttributes<HTMLDivElement>'.
  Property 'tcgMode' does not exist on type 'IntrinsicAttributes & CardContainerProps & RefAttributes<HTMLDivElement>'.
src/components/ui/entity-header.tsx(232,9): error TS2686: 'React' refers to a UMD global, but the current file is a module. Consider adding an import instead.
src/components/ui/entity-header.tsx(241,10): error TS2686: 'React' refers to a UMD global, but the current file is a module. Consider adding an import instead.
src/components/ui/log-viewer.tsx(116,94): error TS2322: Type '{ id: string; checked: boolean; onCheckedChange: Dispatch<SetStateAction<boolean>>; size: string; }' is not assignable to type 'IntrinsicAttributes & SwitchProps & RefAttributes<HTMLButtonElement>'.
  Property 'size' does not exist on type 'IntrinsicAttributes & SwitchProps & RefAttributes<HTMLButtonElement>'.
src/components/ui/log-viewer.tsx(171,10): error TS2322: Type 'unknown' is not assignable to type 'ReactNode'.
src/components/ui/particles.tsx(94,24): error TS2554: Expected 1 arguments, but got 0.
src/components/ui/particles.tsx(123,6): error TS2448: Block-scoped variable 'animate' used before its declaration.
src/components/ui/particles.tsx(123,6): error TS2454: Variable 'animate' is used before being assigned.
src/components/ui/particles.tsx(123,15): error TS2448: Block-scoped variable 'initCanvas' used before its declaration.
src/components/ui/particles.tsx(123,15): error TS2454: Variable 'initCanvas' is used before being assigned.
src/components/ui/particles.tsx(127,6): error TS2448: Block-scoped variable 'onMouseMove' used before its declaration.
src/components/ui/particles.tsx(127,6): error TS2454: Variable 'onMouseMove' is used before being assigned.
src/components/ui/particles.tsx(131,6): error TS2448: Block-scoped variable 'initCanvas' used before its declaration.
src/components/ui/particles.tsx(131,6): error TS2454: Variable 'initCanvas' is used before being assigned.
src/components/views/albums/album-content-view.tsx(5,10): error TS2305: Module '"@/app/actions/albums/album.actions"' has no exported member 'getAlbumImages'.
src/components/views/albums/albums-view.tsx(7,15): error TS2305: Module '"@/app/actions/albums/album.actions"' has no exported member 'AlbumWithStats'.
src/components/views/all-images/all-images-view.tsx(101,41): error TS2322: Type '{ items: any; onItemClick: any; }' is not assignable to type 'IntrinsicAttributes & FileBrowserProps'.
  Property 'onItemClick' does not exist on type 'IntrinsicAttributes & FileBrowserProps'.
src/components/views/characters/character-content-view.tsx(16,31): error TS2339: Property 'getSelectedCharacter' does not exist on type 'CharacterStore'.
src/components/views/characters/characters-view.tsx(21,34): error TS2304: Cannot find name 'CardOptions'.
src/components/views/characters/characters-view.tsx(32,52): error TS2304: Cannot find name 'CardOptions'.
src/components/views/characters/characters-view.tsx(76,57): error TS2339: Property 'name' does not exist on type 'CharacterWithStats'.
src/components/views/characters/characters-view.tsx(78,30): error TS2339: Property 'id' does not exist on type 'CharacterWithStats'.
src/components/views/characters/characters-view.tsx(111,23): error TS2339: Property 'id' does not exist on type 'CharacterWithStats'.
src/components/views/characters/characters-view.tsx(116,23): error TS2740: Type 'CharacterWithStats' is missing the following properties from type 'CharacterCardData': id, name, description, level, and 13 more.
src/components/views/collections/collection-content-view.tsx(15,55): error TS2339: Property 'addImageToCollection' does not exist on type 'CollectionStore'.
src/components/views/collections/collection-content-view.tsx(88,37): error TS2339: Property 'name' does not exist on type 'CollectionExtended'.
src/components/views/collections/collection-content-view.tsx(89,3): error TS2322: Type '(id: string) => void' is not assignable to type '(id: string) => Promise<void>'.
  Type 'void' is not assignable to type 'Promise<void>'.
src/components/views/collections/collection-content-view.tsx(100,58): error TS2339: Property 'name' does not exist on type 'CollectionExtended'.
src/components/views/collections/collections-view.tsx(15,33): error TS2307: Cannot find module '@/types/entities/collections' or its corresponding type declarations.
src/components/views/collections/collections-view.tsx(35,25): error TS2339: Property 'id' does not exist on type 'CollectionWithDetails'.
src/components/views/collections/collections-view.tsx(35,53): error TS2339: Property 'id' does not exist on type 'CollectionWithDetails'.
src/components/views/collections/collections-view.tsx(36,25): error TS2339: Property 'updatedAt' does not exist on type 'CollectionWithDetails'.
src/components/views/collections/collections-view.tsx(36,60): error TS2339: Property 'updatedAt' does not exist on type 'CollectionWithDetails'.
src/components/views/collections/collections-view.tsx(63,30): error TS2339: Property 'recentImages' does not exist on type 'CollectionExtended'.
src/components/views/collections/collections-view.tsx(74,3): error TS2448: Block-scoped variable 'loadCollections' used before its declaration.
src/components/views/collections/collections-view.tsx(74,3): error TS2454: Variable 'loadCollections' is used before being assigned.
src/components/views/collections/collections-view.tsx(90,6): error TS2353: Object literal may only specify known properties, and 'id' does not exist in type 'CollectionWithDetails'.
src/components/views/collections/collections-view.tsx(132,58): error TS2339: Property 'name' does not exist on type 'CollectionWithDetails'.
src/components/views/collections/collections-view.tsx(134,32): error TS2339: Property 'id' does not exist on type 'CollectionWithDetails'.
src/components/views/collections/collections-view.tsx(167,24): error TS2339: Property 'id' does not exist on type 'CollectionWithDetails'.
src/components/views/collections/collections-view.tsx(172,20): error TS2339: Property 'id' does not exist on type 'CollectionWithDetails'.
src/components/views/concepts/concept-content-view.tsx(30,13): error TS2345: Argument of type '{ images: any[]; }' is not assignable to parameter of type 'SetStateAction<never[]>'.
src/components/views/concepts/concept-content-view.tsx(31,32): error TS2339: Property 'length' does not exist on type '{ images: any[]; }'.
src/components/views/concepts/concept-content-view.tsx(36,13): error TS2345: Argument of type 'string' is not assignable to parameter of type 'SetStateAction<null>'.
src/components/views/concepts/concept-content-view.tsx(46,43): error TS7006: Parameter 'item' implicitly has an 'any' type.
src/components/views/concepts/concept-content-view.tsx(58,3): error TS2322: Type '() => void' is not assignable to type '(id: string) => Promise<void>'.
  Type 'void' is not assignable to type 'Promise<void>'.
src/components/views/concepts/concepts-view.tsx(7,15): error TS2305: Module '"@/app/actions/concepts/concept.actions"' has no exported member 'ConceptWithStats'.
src/components/views/development/debug-console.tsx(17,71): error TS2345: Argument of type '(level: LogEntry["level"], message: string, context?: string, data?: unknown) => void' is not assignable to parameter of type '(log: LogEntry) => void'.
  Target signature provides too few arguments. Expected 2 or more, but got 1.
src/components/views/development/development-view.tsx(5,27): error TS2307: Cannot find module 'react-markdown' or its corresponding type declarations.
src/components/views/development/server-stats.tsx(92,19): error TS2345: Argument of type 'SystemStats' is not assignable to parameter of type 'SetStateAction<SystemStats | null>'.
  Property 'nodeVersion' is missing in type 'SystemStats' but required in type 'SystemStats'.
src/components/views/development/server-stats.tsx(96,16): error TS2345: Argument of type 'AppStats' is not assignable to parameter of type 'SetStateAction<AppStats | null>'.
  Type 'AppStats' is not assignable to type 'AppStats'. Two different types with this name exist, but they are unrelated.
    The types of 'performance.avgResponseTime' are incompatible between these types.
      Type 'number' is not assignable to type 'string'.
src/components/views/documents/documents-view.tsx(17,34): error TS2304: Cannot find name 'useState'.
src/components/views/documents/documents-view.tsx(18,32): error TS2304: Cannot find name 'useState'.
src/components/views/documents/documents-view.tsx(28,64): error TS7006: Parameter 'v' implicitly has an 'any' type.
src/components/views/documents/md-editor.tsx(21,29): error TS2769: No overload matches this call.
  Overload 1 of 2, '(props: MDEditorProps & RefAttributes<RefMDEditor>, context?: any): string | number | bigint | boolean | ReactElement<unknown, string | JSXElementConstructor<any>> | ... 4 more ... | undefined', gave the following error.
    Type 'Dispatch<SetStateAction<string>>' is not assignable to type '(value?: string | undefined, event?: ChangeEvent<HTMLTextAreaElement> | undefined, state?: ContextStore | undefined) => void'.
      Types of parameters 'value' and 'value' are incompatible.
        Type 'string | undefined' is not assignable to type 'SetStateAction<string>'.
          Type 'undefined' is not assignable to type 'SetStateAction<string>'.
  Overload 2 of 2, '(props: MDEditorProps & RefAttributes<RefMDEditor>): string | number | bigint | boolean | ReactElement<unknown, string | JSXElementConstructor<any>> | ... 4 more ... | undefined', gave the following error.
    Type 'Dispatch<SetStateAction<string>>' is not assignable to type '(value?: string | undefined, event?: ChangeEvent<HTMLTextAreaElement> | undefined, state?: ContextStore | undefined) => void'.
      Types of parameters 'value' and 'value' are incompatible.
        Type 'string | undefined' is not assignable to type 'SetStateAction<string>'.
          Type 'undefined' is not assignable to type 'SetStateAction<string>'.
src/components/views/favorites/favorites-view.tsx(23,3): error TS2339: Property 'setCurrentItems' does not exist on type 'UnifiedFileManagerState'.
src/components/views/favorites/favorites-view.tsx(39,10): error TS2339: Property 'image' does not exist on type 'FavoriteBase'.
src/components/views/groups/group-card.tsx(3,15): error TS2459: Module '"@/app/actions/groups/group.actions"' declares 'GroupWithStats' locally, but it is not exported.
src/components/views/groups/groups-view.tsx(7,15): error TS2459: Module '"@/app/actions/groups/group.actions"' declares 'GroupWithStats' locally, but it is not exported.
src/components/views/json-files/json-files-viewer.tsx(1,1): error TS2349: This expression is not callable.
  Type 'String' has no call signatures.
src/components/views/notes/note-content-view.tsx(30,13): error TS2345: Argument of type 'FileItem[]' is not assignable to parameter of type 'SetStateAction<never[]>'.
  Type 'FileItem[]' is not assignable to type 'never[]'.
    Type 'FileItem' is not assignable to type 'never'.
src/components/views/notes/note-content-view.tsx(36,13): error TS2345: Argument of type 'string' is not assignable to parameter of type 'SetStateAction<null>'.
src/components/views/notes/note-content-view.tsx(46,43): error TS7006: Parameter 'item' implicitly has an 'any' type.
src/components/views/notes/note-content-view.tsx(58,3): error TS2322: Type '() => void' is not assignable to type '(id: string) => Promise<void>'.
  Type 'void' is not assignable to type 'Promise<void>'.
src/components/views/notes/notes-view.tsx(7,15): error TS2459: Module '"@/app/actions/notes/note.actions"' declares 'NoteWithStats' locally, but it is not exported.
src/components/views/places/place-content-view.tsx(13,57): error TS2551: Property 'selectedPlaceId' does not exist on type 'PlaceStore'. Did you mean 'selectPlaces'?
src/components/views/places/places-view.tsx(21,30): error TS2304: Cannot find name 'CardOptions'.
src/components/views/places/places-view.tsx(28,10): error TS2339: Property 'selectPlace' does not exist on type 'PlaceStore'.
src/components/views/places/places-view.tsx(32,52): error TS2304: Cannot find name 'CardOptions'.
src/components/views/places/places-view.tsx(123,27): error TS2322: Type 'PlaceWithStats' is not assignable to type 'PlaceCardData'.
  Types of property '_count' are incompatible.
    Type '{ images: number; groups: number; properties: number; wildcards: number; }' is missing the following properties from type '{ images: number; videos: number; collections: number; tags: number; characters: number; worldItems: number; concepts: number; prompts: number; notes: number; wildcards: number; properties: number; groups: number; }': videos, collections, tags, characters, and 4 more.
src/components/views/prompts/prompt-content-view.tsx(30,13): error TS2345: Argument of type '{ images: FileItem[]; }' is not assignable to parameter of type 'SetStateAction<never[]>'.
src/components/views/prompts/prompt-content-view.tsx(31,32): error TS2339: Property 'length' does not exist on type '{ images: FileItem[]; }'.
src/components/views/prompts/prompt-content-view.tsx(36,13): error TS2345: Argument of type 'string' is not assignable to parameter of type 'SetStateAction<null>'.
src/components/views/prompts/prompt-content-view.tsx(46,43): error TS7006: Parameter 'item' implicitly has an 'any' type.
src/components/views/prompts/prompt-content-view.tsx(58,3): error TS2322: Type '() => void' is not assignable to type '(id: string) => Promise<void>'.
  Type 'void' is not assignable to type 'Promise<void>'.
src/components/views/prompts/prompts-view.tsx(17,38): error TS2307: Cannot find module '@/types/entities/prompt/base' or its corresponding type declarations.
src/components/views/properties/properties-view.tsx(93,18): error TS2345: Argument of type '{ totalAssociations: number; _count: { images: number; videos: number; albums: number; collections: number; tags: number; characters: number; places: number; worldItems: number; concepts: number; prompts: number; notes: number; wildcards: number; groups: number; }; ... 10 more ...; category: string | null; }[]' is not assignable to parameter of type 'SetStateAction<PropertyWithStats[]>'.
  Type '{ totalAssociations: number; _count: { images: number; videos: number; albums: number; collections: number; tags: number; characters: number; places: number; worldItems: number; concepts: number; prompts: number; notes: number; wildcards: number; groups: number; }; ... 10 more ...; category: string | null; }[]' is not assignable to type 'PropertyWithStats[]'.
    Type '{ totalAssociations: number; _count: { images: number; videos: number; albums: number; collections: number; tags: number; characters: number; places: number; worldItems: number; concepts: number; prompts: number; notes: number; wildcards: number; groups: number; }; ... 10 more ...; category: string | null; }' is missing the following properties from type 'PropertyWithStats': key, type, defaultValue, required, and 2 more.
src/components/views/properties/properties-view.tsx(114,19): error TS2345: Argument of type '"property-detail"' is not assignable to parameter of type 'ViewType'.
src/components/views/properties/properties-view.tsx(116,16): error TS2345: Argument of type 'PropertyWithStats' is not assignable to parameter of type 'PropertyBase'.
  Type 'PropertyWithStats' is missing the following properties from type 'PropertyBase': emoji, color, isFavorite
src/components/views/search/search-view.tsx(47,16): error TS2339: Property 'files' does not exist on type 'object'.
src/components/views/search/search-view.tsx(48,30): error TS2339: Property 'toggleFileSelection' does not exist on type 'object'.
src/components/views/search/search-view.tsx(49,23): error TS2339: Property 'setLoading' does not exist on type 'object'.
src/components/views/search/search-view.tsx(50,20): error TS2339: Property 'isLoading' does not exist on type 'object'.
src/components/views/search/search-view.tsx(81,46): error TS7006: Parameter 'i' implicitly has an 'any' type.
src/components/views/search/search-view.tsx(87,28): error TS7006: Parameter 'i' implicitly has an 'any' type.
src/components/views/search/search-view.tsx(131,33): error TS2322: Type '{ items: any; onItemClick: (item: FileItem) => void; onItemDoubleClick: (item: FileItem) => void; }' is not assignable to type 'IntrinsicAttributes & FileBrowserProps'.
  Property 'onItemClick' does not exist on type 'IntrinsicAttributes & FileBrowserProps'.
src/components/views/tags/tags-view.tsx(7,24): error TS2305: Module '"@/components/cards/tag-card"' has no exported member 'TagWithStats'.
src/components/views/tags/tags-view.tsx(41,40): error TS2551: Property 'setSelectedId' does not exist on type 'TagStore'. Did you mean 'selectedId'?
src/components/views/tags/tags-view.tsx(92,58): error TS2554: Expected 1-2 arguments, but got 3.
src/components/views/uploaded-images/uploaded-images-view.tsx(40,15): error TS2724: '"@/types/entities/uploaded-image/types"' has no exported member named 'UploadedImageType'. Did you mean 'UploadedFileType'?
src/components/views/wildcards/wildcards-view.tsx(74,42): error TS2339: Property 'prompts' does not exist on type '{ images: number; videos: number; childWildcards: number; }'.
src/components/views/wildcards/wildcards-view.tsx(81,17): error TS2345: Argument of type '{ usageCount: any; id: string; name: string; description: string | null; emoji: string; color: string; category: string | null; shortcut: string | null; isFavorite: boolean; children: string; ... 5 more ...; lastUpdated: Date; }[]' is not assignable to parameter of type 'SetStateAction<WildcardWithStats[]>'.
  Type '{ usageCount: any; id: string; name: string; description: string | null; emoji: string; color: string; category: string | null; shortcut: string | null; isFavorite: boolean; children: string; ... 5 more ...; lastUpdated: Date; }[]' is not assignable to type 'WildcardWithStats[]'.
    Type '{ usageCount: any; id: string; name: string; description: string | null; emoji: string; color: string; category: string | null; shortcut: string | null; isFavorite: boolean; children: string; ... 5 more ...; lastUpdated: Date; }' is missing the following properties from type 'WildcardWithStats': pattern, values
src/components/views/wildcards/wildcards-view.tsx(102,19): error TS2345: Argument of type '"wildcard-detail"' is not assignable to parameter of type 'ViewType'.
src/components/views/wildcards/wildcards-view.tsx(104,16): error TS2345: Argument of type 'WildcardWithStats' is not assignable to parameter of type 'WildcardBase'.
  Type 'WildcardWithStats' is missing the following properties from type 'WildcardBase': emoji, color, children, isFavorite
src/components/views/world-items/world-item-content-view.tsx(17,56): error TS2339: Property 'ui' does not exist on type 'WorldItemStore'.
src/components/views/world-items/world-items-view.tsx(22,35): error TS2304: Cannot find name 'CardOptions'.
src/components/views/world-items/world-items-view.tsx(33,52): error TS2304: Cannot find name 'CardOptions'.
src/components/views/world-items/world-items-view.tsx(43,18): error TS2345: Argument of type '(WorldItemExtended & { totalSize: number; imageCount?: number | undefined; recentImages?: string[] | undefined; })[]' is not assignable to parameter of type 'SetStateAction<WorldItemWithStats[]>'.
  Type '(WorldItemExtended & { totalSize: number; imageCount?: number | undefined; recentImages?: string[] | undefined; })[]' is not assignable to type 'WorldItemWithStats[]'.
    Type 'WorldItemExtended & { totalSize: number; imageCount?: number | undefined; recentImages?: string[] | undefined; }' is missing the following properties from type 'WorldItemWithStats': _count, lastUpdated
src/components/views/world-items/world-items-view.tsx(126,45): error TS2322: Type '(worldItem: WorldItemWithStats) => void' is not assignable to type '() => void'.
  Target signature provides too few arguments. Expected 1 or more, but got 0.
src/hooks/entities/concept/use-concept-actions.ts(3,34): error TS2306: File 'D:/DEV/image-manager/src/types/entities/concept/base.ts' is not a module.
src/hooks/entities/concept/use-concept-ui.ts(3,39): error TS2306: File 'D:/DEV/image-manager/src/types/entities/concept/base.ts' is not a module.
src/hooks/entities/concept/use-concepts.ts(3,10): error TS2305: Module '"@/transformers/concept/mappers"' has no exported member 'processConcepts'.
src/hooks/entities/concept/use-concepts.ts(4,34): error TS2306: File 'D:/DEV/image-manager/src/types/entities/concept/base.ts' is not a module.
src/hooks/entities/note/useNoteRelations.ts(13,10): error TS2339: Property 'addNoteToEntity' does not exist on type 'unknown'.
src/hooks/entities/note/useNoteRelations.ts(13,27): error TS2339: Property 'removeNoteFromEntity' does not exist on type 'unknown'.
src/hooks/entities/note/useNoteRelations.ts(13,49): error TS2339: Property 'isLoading' does not exist on type 'unknown'.
src/hooks/entities/note/useNoteRelations.ts(13,60): error TS2339: Property 'error' does not exist on type 'unknown'.
src/hooks/entities/note/useNoteRelations.ts(20,3): error TS2554: Expected 0-1 arguments, but got 2.
src/hooks/entities/note/useNotes.ts(11,26): error TS2307: Cannot find module '@/hooks/use-toast' or its corresponding type declarations.
src/hooks/folder/use-folder.ts(23,8): error TS2307: Cannot find module '@/store/entities/folder' or its corresponding type declarations.
src/hooks/use-folder-images.ts(85,38): error TS7006: Parameter 'img' implicitly has an 'any' type.
src/hooks/use-folder-images.ts(85,43): error TS7006: Parameter 'idx' implicitly has an 'any' type.
src/hooks/use-group-filters.ts(2,15): error TS2305: Module '"@/types/entities/group/types"' has no exported member 'GroupWithStats'.
src/hooks/use-profile-theme.tsx(18,33): error TS2339: Property 'theme' does not exist on type 'ProfileBase'.
src/hooks/use-profile-theme.tsx(19,15): error TS2339: Property 'theme' does not exist on type 'ProfileBase'.
src/hooks/use-profile-theme.tsx(33,15): error TS2339: Property 'theme' does not exist on type 'ProfileBase'.
src/hooks/use-profile-theme.tsx(35,22): error TS2339: Property 'theme' does not exist on type 'ProfileBase'.
src/hooks/use-profile-theme.tsx(43,19): error TS2339: Property 'theme' does not exist on type 'ProfileBase'.
src/hooks/use-settings.ts(15,3): error TS2339: Property 'settings' does not exist on type '{ (): object; <U>(selector: (state: object) => U): U; } & StoreApi<object> & {}'.
src/hooks/use-settings.ts(16,3): error TS2339: Property 'isLoading' does not exist on type '{ (): object; <U>(selector: (state: object) => U): U; } & StoreApi<object> & {}'.
src/hooks/use-settings.ts(17,3): error TS2339: Property 'isSaving' does not exist on type '{ (): object; <U>(selector: (state: object) => U): U; } & StoreApi<object> & {}'.
src/hooks/use-settings.ts(18,3): error TS2339: Property 'error' does not exist on type '{ (): object; <U>(selector: (state: object) => U): U; } & StoreApi<object> & {}'.
src/hooks/use-settings.ts(19,3): error TS2339: Property 'isInitialized' does not exist on type '{ (): object; <U>(selector: (state: object) => U): U; } & StoreApi<object> & {}'.
src/hooks/use-settings.ts(20,3): error TS2339: Property 'activeProfileId' does not exist on type '{ (): object; <U>(selector: (state: object) => U): U; } & StoreApi<object> & {}'.
src/hooks/use-settings.ts(21,3): error TS2339: Property 'initialize' does not exist on type '{ (): object; <U>(selector: (state: object) => U): U; } & StoreApi<object> & {}'.
src/hooks/use-settings.ts(22,3): error TS2339: Property 'loadSystemSettings' does not exist on type '{ (): object; <U>(selector: (state: object) => U): U; } & StoreApi<object> & {}'.
src/hooks/use-settings.ts(23,3): error TS2339: Property 'loadProfileSettings' does not exist on type '{ (): object; <U>(selector: (state: object) => U): U; } & StoreApi<object> & {}'.
src/hooks/use-settings.ts(24,3): error TS2339: Property 'updateSettings' does not exist on type '{ (): object; <U>(selector: (state: object) => U): U; } & StoreApi<object> & {}'.
src/hooks/use-settings.ts(25,3): error TS2339: Property 'resetSettings' does not exist on type '{ (): object; <U>(selector: (state: object) => U): U; } & StoreApi<object> & {}'.
src/hooks/use-settings.ts(26,3): error TS2339: Property 'setActiveProfile' does not exist on type '{ (): object; <U>(selector: (state: object) => U): U; } & StoreApi<object> & {}'.
src/hooks/use-settings.ts(27,3): error TS2339: Property 'setError' does not exist on type '{ (): object; <U>(selector: (state: object) => U): U; } & StoreApi<object> & {}'.
src/hooks/useFilteredData.ts(43,23): error TS18047: 'filter.value' is possibly 'null'.
src/hooks/useFilteredData.ts(45,23): error TS18047: 'filter.value' is possibly 'null'.
src/lib/__tests__/object-utils.test.ts(10,37): error TS2345: Argument of type '{ b: { d: number; }; e: number; }' is not assignable to parameter of type 'Partial<{ a: number; b: { c: number; }; }>'.
  Types of property 'b' are incompatible.
    Property 'c' is missing in type '{ d: number; }' but required in type '{ c: number; }'.
src/lib/cache.ts(1,15): error TS2305: Module '"@/types/metadata"' has no exported member 'FileMetadata'.
src/lib/contexts/settings-context.tsx(5,15): error TS2614: Module '"@/services/profile-service-export"' has no exported member 'ProfileCreate'. Did you mean to use 'import ProfileCreate from "@/services/profile-service-export"' instead?
src/lib/contexts/settings-context.tsx(5,35): error TS2614: Module '"@/services/profile-service-export"' has no exported member 'ProfileUpdate'. Did you mean to use 'import ProfileUpdate from "@/services/profile-service-export"' instead?
src/lib/contexts/settings-context.tsx(5,55): error TS2614: Module '"@/services/profile-service-export"' has no exported member 'ProfileWithStats'. Did you mean to use 'import ProfileWithStats from "@/services/profile-service-export"' instead?
src/lib/db-utils.ts(82,5): error TS2322: Type 'null' is not assignable to type '(Without<FolderScalarRelationFilter, FolderWhereInput> & FolderWhereInput) | (Without<FolderWhereInput, FolderScalarRelationFilter> & FolderScalarRelationFilter) | undefined'.
src/lib/db-utils.ts(89,5): error TS2322: Type 'null' is not assignable to type '(Without<ImageScalarRelationFilter, ImageWhereInput> & ImageWhereInput) | (Without<ImageWhereInput, ImageScalarRelationFilter> & ImageScalarRelationFilter) | undefined'.
src/lib/hooks/use-selection.ts(40,72): error TS2339: Property 'folderId' does not exist on type 'FileItem'.
src/lib/logger/migration.ts(20,4): error TS2322: Type '{}' is not assignable to type 'string'.
src/lib/logger/migration.ts(35,4): error TS2353: Object literal may only specify known properties, and 'timestamp' does not exist in type '{ context?: string | undefined; }'.
src/lib/logger/migration.ts(35,35): error TS2339: Property 'timestamp' does not exist on type 'EnhancedLogger'.
src/lib/logger/migration.ts(36,31): error TS2339: Property 'level' does not exist on type 'EnhancedLogger'.
src/lib/logger/migration.ts(37,35): error TS2339: Property 'useColors' does not exist on type 'EnhancedLogger'.
src/lib/logger/migration.ts(38,34): error TS2339: Property 'useIcons' does not exist on type 'EnhancedLogger'.
src/lib/logger/migration.ts(39,37): error TS2339: Property 'showContext' does not exist on type 'EnhancedLogger'.
src/lib/logger/migration.ts(48,4): error TS2322: Type '{}' is not assignable to type 'string'.
src/lib/logger/migration.ts(48,52): error TS2341: Property 'context' is private and only accessible within class 'EnhancedLogger'.
src/lib/logger/migration.ts(49,89): error TS2339: Property 'timestamp' does not exist on type 'EnhancedLogger'.
src/lib/logger/migration.ts(50,48): error TS2339: Property 'level' does not exist on type 'EnhancedLogger'.
src/lib/logger/migration.ts(51,89): error TS2339: Property 'useColors' does not exist on type 'EnhancedLogger'.
src/lib/logger/migration.ts(52,86): error TS2339: Property 'useIcons' does not exist on type 'EnhancedLogger'.
src/lib/logger/migration.ts(53,95): error TS2339: Property 'showContext' does not exist on type 'EnhancedLogger'.
src/lib/server/action-logger.ts(105,7): error TS2322: Type 'unknown' is not assignable to type 'ReturnType<T>'.
src/lib/server/events.server.ts(103,3): error TS2698: Spread types may only be created from object types.
src/lib/server/events.server.ts(104,21): error TS2339: Property 'timestamp' does not exist on type 'ProcessStatus'.
src/lib/settings.ts(2,15): error TS2724: '"@/types/settings"' has no exported member named 'AppSettings'. Did you mean 'Settings'?
src/lib/settings.ts(2,28): error TS2305: Module '"@/types/settings"' has no exported member 'DEFAULT_SETTINGS'.
src/lib/thumbnail.ts(285,21): error TS2339: Property 'effort' does not exist on type 'ThumbnailQualityConfig'.
src/lib/thumbnail.ts(293,9): error TS2678: Type '"jpg"' is not comparable to type 'ImageFormat'.
src/lib/thumbnail.ts(302,9): error TS2678: Type '"avif"' is not comparable to type 'ImageFormat'.
src/lib/thumbnail.ts(305,21): error TS2339: Property 'effort' does not exist on type 'ThumbnailQualityConfig'.
src/lib/utils/entity.utils.ts(20,16): error TS2339: Property 'name' does not exist on type 'T'.
src/lib/utils/entity.utils.ts(21,23): error TS2339: Property 'description' does not exist on type 'T'.
src/lib/utils/entity.utils.ts(28,9): error TS2352: Conversion of type '{ shortcut?: string | undefined; emoji?: string | undefined; name: string; description: string | null; id?: string | undefined; }' to type 'Partial<T>' may be a mistake because neither type sufficiently overlaps with the other. If this was intentional, convert the expression to 'unknown' first.
src/lib/utils/entity.utils.ts(105,14): error TS2339: Property 'name' does not exist on type 'T'.
src/lib/utils/object-utils.ts(17,6): error TS2862: Type 'T' is generic and can only be indexed for reading.
src/lib/utils/object-utils.ts(42,32): error TS2769: No overload matches this call.
  Overload 1 of 3, '(callbackfn: (previousValue: string, currentValue: string, currentIndex: number, array: string[]) => string, initialValue: string): string', gave the following error.
    Argument of type '(prev: Record<string, unknown>, curr: string) => unknown' is not assignable to parameter of type '(previousValue: string, currentValue: string, currentIndex: number, array: string[]) => string'.
      Types of parameters 'prev' and 'previousValue' are incompatible.
        Type 'string' is not assignable to type 'Record<string, unknown>'.
  Overload 2 of 3, '(callbackfn: (previousValue: Record<string, unknown>, currentValue: string, currentIndex: number, array: string[]) => Record<string, unknown>, initialValue: Record<string, unknown>): Record<...>', gave the following error.
    Argument of type '(prev: Record<string, unknown>, curr: string) => unknown' is not assignable to parameter of type '(previousValue: Record<string, unknown>, currentValue: string, currentIndex: number, array: string[]) => Record<string, unknown>'.
      Type 'unknown' is not assignable to type 'Record<string, unknown>'.
src/lib/utils/object-utils.ts(58,4): error TS2862: Type 'T' is generic and can only be indexed for reading.
src/lib/utils/object-utils.ts(60,3): error TS2322: Type 'Record<string, unknown>' is not assignable to type 'T'.
  'Record<string, unknown>' is assignable to the constraint of type 'T', but 'T' could be instantiated with a different subtype of constraint 'Record<string, unknown>'.
src/lib/utils/object-utils.ts(63,2): error TS2862: Type 'T' is generic and can only be indexed for reading.
src/lib/utils/profile/profile-utils.ts(6,7): error TS2305: Module '"@/types/entities/profile/types"' has no exported member 'PaginatedProfiles'.
src/lib/utils/profile/profile-utils.ts(7,7): error TS2305: Module '"@/types/entities/profile/types"' has no exported member 'ProfileFilters'.
src/lib/utils/profile/profile-utils.ts(8,7): error TS2305: Module '"@/types/entities/profile/types"' has no exported member 'ProfilePaginationOptions'.
src/lib/utils/profile/profile-utils.ts(9,7): error TS2305: Module '"@/types/entities/profile/types"' has no exported member 'ProfilePreferences'.
src/lib/utils/profile/profile-utils.ts(168,4): error TS2353: Object literal may only specify known properties, and 'theme' does not exist in type '(Without<ProfileCreateInput, ProfileUncheckedCreateInput> & ProfileUncheckedCreateInput) | (Without<...> & ProfileCreateInput)'.
src/lib/validations.ts(28,22): error TS7053: Element implicitly has an 'any' type because expression of type 'string' can't be used to index type 'Database'.
  No index signature with a parameter of type 'string' was found on type 'Database'.
src/middleware.ts(43,15): error TS2339: Property 'ip' does not exist on type 'NextRequest'.
src/providers/profile-provider.tsx(60,17): error TS1362: 'ThemeMode' cannot be used as a value because it was exported using 'export type'.
src/providers/profile-provider.tsx(63,24): error TS1362: 'ThemeMode' cannot be used as a value because it was exported using 'export type'.
src/providers/profile-provider.tsx(115,49): error TS1362: 'ThemeMode' cannot be used as a value because it was exported using 'export type'.
src/server/actions/profile-actions.ts(5,7): error TS2305: Module '"@/types/entities/profile/types"' has no exported member 'CreateProfileInput'.
src/server/actions/profile-actions.ts(7,7): error TS2305: Module '"@/types/entities/profile/types"' has no exported member 'ProfileFilters'.
src/server/actions/profile-actions.ts(8,7): error TS2305: Module '"@/types/entities/profile/types"' has no exported member 'ProfilePaginationOptions'.
src/server/actions/profile-actions.ts(10,7): error TS2305: Module '"@/types/entities/profile/types"' has no exported member 'UpdateProfileInput'.
src/server/actions/profile-actions.ts(349,6): error TS2353: Object literal may only specify known properties, and 'theme' does not exist in type '(Without<ProfileCreateInput, ProfileUncheckedCreateInput> & ProfileUncheckedCreateInput) | (Without<...> & ProfileCreateInput)'.
src/services/__tests__/folder.service.functional.test.ts(10,8): error TS2307: Cannot find module '@/app/actions/folders/folder-types' or its corresponding type declarations.
src/services/__tests__/folder.service.functional.test.ts(12,28): error TS2307: Cannot find module '@/app/actions/folders/get.actions' or its corresponding type declarations.
src/services/activity/activity.service.ts(9,64): error TS2305: Module '"@/types/entities/activity"' has no exported member 'CreateActivityData'.
src/services/activity/activity.service.ts(133,59): error TS2345: Argument of type '{ where: Record<string, any>; take: number; skip: number; orderBy: { createdAt: string; }; include: { image: { select: { id: boolean; name: boolean; path: boolean; }; }; }; }' is not assignable to parameter of type '{ select?: ActivitySelect<DefaultArgs> | null | undefined; omit?: ActivityOmit<DefaultArgs> | null | undefined; include?: ActivityInclude<...> | ... 1 more ... | undefined; ... 5 more ...; distinct?: ActivityScalarFieldEnum | ... 1 more ... | undefined; }'.
  Types of property 'orderBy' are incompatible.
    Type '{ createdAt: string; }' is not assignable to type 'ActivityOrderByWithRelationInput | ActivityOrderByWithRelationInput[] | undefined'.
      Type '{ createdAt: string; }' is not assignable to type 'ActivityOrderByWithRelationInput'.
        Types of property 'createdAt' are incompatible.
          Type 'string' is not assignable to type 'SortOrder | undefined'.
src/services/album-service-export.ts(20,8): error TS2307: Cannot find module './album.service' or its corresponding type declarations.
src/services/album/album.service.ts(12,2): error TS2305: Module '"@/transformers/album"' has no exported member 'createAlbum'.
src/services/album/album.service.ts(13,2): error TS2305: Module '"@/transformers/album"' has no exported member 'deleteAlbum'.
src/services/album/album.service.ts(15,2): error TS2305: Module '"@/transformers/album"' has no exported member 'getAlbumById'.
src/services/album/album.service.ts(16,2): error TS2305: Module '"@/transformers/album"' has no exported member 'searchAlbums'.
src/services/album/album.service.ts(17,2): error TS2305: Module '"@/transformers/album"' has no exported member 'updateAlbum'.
src/services/album/album.service.ts(20,2): error TS2305: Module '"@/types/entities/album"' has no exported member 'Album'.
src/services/album/album.service.ts(23,2): error TS2305: Module '"@/types/entities/album"' has no exported member 'AlbumSearchOptions'.
src/services/album/album.service.ts(24,2): error TS2305: Module '"@/types/entities/album"' has no exported member 'AlbumSearchResult'.
src/services/album/album.service.ts(92,3): error TS2322: Type 'string' is not assignable to type 'EventType'.
src/services/album/album.service.ts(119,53): error TS18046: 'error' is of type 'unknown'.
src/services/album/album.service.ts(134,54): error TS18046: 'error' is of type 'unknown'.
src/services/album/album.service.ts(167,7): error TS18046: 'error' is of type 'unknown'.
src/services/album/album.service.ts(171,51): error TS18046: 'error' is of type 'unknown'.
src/services/album/album.service.ts(202,7): error TS18046: 'error' is of type 'unknown'.
src/services/album/album.service.ts(206,56): error TS18046: 'error' is of type 'unknown'.
src/services/album/album.service.ts(236,7): error TS18046: 'error' is of type 'unknown'.
src/services/album/album.service.ts(240,54): error TS18046: 'error' is of type 'unknown'.
src/services/album/album.service.ts(299,33): error TS2345: Argument of type '{ _count: { images: number; videos: number; characters: number; places: number; worldItems: number; concepts: number; }; } & { id: string; createdAt: Date; updatedAt: Date; name: string; ... 8 more ...; sortBy: string; }' is not assignable to parameter of type '({ images: { id: string; createdAt: Date; updatedAt: Date; name: string; description: string | null; path: string; isFavorite: boolean; metadata: string | null; hash: string; size: number; ... 12 more ...; noteId: string | null; }[]; _count: { ...; }; } & { ...; }) | null'.
  Type '{ _count: { images: number; videos: number; characters: number; places: number; worldItems: number; concepts: number; }; } & { id: string; createdAt: Date; updatedAt: Date; name: string; ... 8 more ...; sortBy: string; }' is not assignable to type '{ images: { id: string; createdAt: Date; updatedAt: Date; name: string; description: string | null; path: string; isFavorite: boolean; metadata: string | null; hash: string; size: number; ... 12 more ...; noteId: string | null; }[]; _count: { ...; }; } & { ...; }'.
    Property 'images' is missing in type '{ _count: { images: number; videos: number; characters: number; places: number; worldItems: number; concepts: number; }; } & { id: string; createdAt: Date; updatedAt: Date; name: string; ... 8 more ...; sortBy: string; }' but required in type '{ images: { id: string; createdAt: Date; updatedAt: Date; name: string; description: string | null; path: string; isFavorite: boolean; metadata: string | null; hash: string; size: number; ... 12 more ...; noteId: string | null; }[]; _count: { ...; }; }'.
src/services/album/album.service.ts(313,34): error TS2339: Property 'lastAccessedAt' does not exist on type '{ _count: { images: number; videos: number; characters: number; places: number; worldItems: number; concepts: number; }; } & { id: string; createdAt: Date; updatedAt: Date; name: string; ... 8 more ...; sortBy: string; }'.
src/services/album/album.service.ts(333,4): error TS2322: Type '"album:stats:updated"' is not assignable to type 'EventType'.
src/services/album/album.service.ts(340,4): error TS2353: Object literal may only specify known properties, and 'stats' does not exist in type 'AlbumWithStats'.
src/services/album/album.service.ts(345,7): error TS18046: 'error' is of type 'unknown'.
src/services/album/album.service.ts(349,60): error TS18046: 'error' is of type 'unknown'.
src/services/album/album.service.ts(396,7): error TS18046: 'error' is of type 'unknown'.
src/services/album/album.service.ts(400,62): error TS18046: 'error' is of type 'unknown'.
src/services/album/album.service.ts(438,7): error TS18046: 'error' is of type 'unknown'.
src/services/album/album.service.ts(443,43): error TS18046: 'error' is of type 'unknown'.
src/services/base.service.ts(3,15): error TS2305: Module '"@/types/common/transformer"' has no exported member 'Transformer'.
src/services/base.service.ts(76,52): error TS2345: Argument of type '{ by: "id"[]; where: { [x: string]: { some: { id: { in: string[]; }; }; }; }; _sum: { size: true; }; }' is not assignable to parameter of type '{ by: "id"[]; where: { [x: string]: { some: { id: { in: string[]; }; }; }; }; _sum: { size: true; }; } & { orderBy?: ImageOrderByWithAggregationInput | ImageOrderByWithAggregationInput[] | undefined; } & { ...; }[]'.
  Type '{ by: "id"[]; where: { [x: string]: { some: { id: { in: string[]; }; }; }; }; _sum: { size: true; }; }' is missing the following properties from type '{ id: string; _sum: { size: number | null; }; }[]': length, pop, push, concat, and 35 more.
src/services/base.service.ts(222,84): error TS2352: Conversion of type '{ albums: { id: string; name: string; emoji: string; color: string; }[]; collections: { id: string; name: string; emoji: string; color: string; }[]; tags: { id: string; name: string; color: string; }[]; characters: { ...; }[]; places: { ...; }[]; worldItems: { ...; }[]; } & { ...; }' to type 'ServerImage' may be a mistake because neither type sufficiently overlaps with the other. If this was intentional, convert the expression to 'unknown' first.
  Property 'isPublic' is missing in type '{ albums: { id: string; name: string; emoji: string; color: string; }[]; collections: { id: string; name: string; emoji: string; color: string; }[]; tags: { id: string; name: string; color: string; }[]; characters: { ...; }[]; places: { ...; }[]; worldItems: { ...; }[]; } & { ...; }' but required in type 'ServerImage'.
src/services/collection/collection.service.ts(22,2): error TS2305: Module '"@/types/entities/collection"' has no exported member 'CollectionComplete'.
src/services/collection/collection.service.ts(24,2): error TS2305: Module '"@/types/entities/collection"' has no exported member 'CreateCollectionData'.
src/services/collection/collection.service.ts(25,2): error TS2305: Module '"@/types/entities/collection"' has no exported member 'UpdateCollectionData'.
src/services/collection/collection.service.ts(89,3): error TS2322: Type 'string' is not assignable to type 'EventType'.
src/services/collection/collection.service.ts(129,53): error TS2339: Property 'name' does not exist on type 'CollectionExtended'.
src/services/collection/collection.service.ts(155,49): error TS2339: Property 'name' does not exist on type 'CollectionExtended'.
src/services/collection/collection.service.ts(155,74): error TS2339: Property 'id' does not exist on type 'CollectionExtended'.
src/services/collection/collection.service.ts(182,54): error TS2339: Property 'name' does not exist on type 'CollectionExtended'.
src/services/concept.service.ts(2,15): error TS2305: Module '"@/app/actions/concepts/concept.actions"' has no exported member 'ConceptCreate'.
src/services/file/file.service.ts(7,10): error TS2724: '"@/transformers/file"' has no exported member named 'transformFile'. Did you mean 'transformFiles'?
src/services/file/file.service.ts(15,8): error TS2306: File 'D:/DEV/image-manager/src/types/entities/file/base.ts' is not a module.
src/services/file/file.service.ts(16,10): error TS2305: Module '"@/types/entities/file/extended"' has no exported member 'EnhancedFile'.
src/services/folder/folder.service.ts(7,15): error TS2305: Module '"@/types/entities/folder"' has no exported member 'FolderStats'.
src/services/folder/folder.service.ts(205,25): error TS2304: Cannot find name 'EventType'.
src/services/folder/folder.service.ts(296,43): error TS2307: Cannot find module '@/app/actions/folders/get.actions' or its corresponding type declarations.
src/services/folder/folder.service.ts(333,45): error TS2345: Argument of type 'string' is not assignable to parameter of type 'FolderCreateInput'.
src/services/folder/folder.service.ts(405,42): error TS2307: Cannot find module '@/app/actions/folders/process.actions' or its corresponding type declarations.
src/services/folder/folder.service.ts(409,20): error TS7006: Parameter 'status' implicitly has an 'any' type.
src/services/folder/folder.service.ts(510,44): error TS2307: Cannot find module '@/app/actions/folders/process.actions' or its corresponding type declarations.
src/services/folder/folder.service.ts(517,21): error TS7006: Parameter 'status' implicitly has an 'any' type.
src/services/folder/folder.service.ts(702,21): error TS7006: Parameter 'status' implicitly has an 'any' type.
src/services/folder/folder.service.ts(731,18): error TS7006: Parameter 'error' implicitly has an 'any' type.
src/services/folder/folder.service.ts(738,21): error TS7006: Parameter 'result' implicitly has an 'any' type.
src/services/group-service-export.ts(15,2): error TS2339: Property 'getGroups' does not exist on type '{ get: (id: string) => Promise<any>; getMany: (ids: string[]) => Promise<GroupComplete[]>; create: (data: GroupCreateInput) => Promise<GroupComplete>; update: (id: string, data: Partial<...>) => Promise<...>; ... 4 more ...; getStats: (id: string) => Promise<...>; }'.
src/services/group-service-export.ts(16,2): error TS2339: Property 'getGroupById' does not exist on type '{ get: (id: string) => Promise<any>; getMany: (ids: string[]) => Promise<GroupComplete[]>; create: (data: GroupCreateInput) => Promise<GroupComplete>; update: (id: string, data: Partial<...>) => Promise<...>; ... 4 more ...; getStats: (id: string) => Promise<...>; }'.
src/services/group-service-export.ts(17,2): error TS2339: Property 'createGroup' does not exist on type '{ get: (id: string) => Promise<any>; getMany: (ids: string[]) => Promise<GroupComplete[]>; create: (data: GroupCreateInput) => Promise<GroupComplete>; update: (id: string, data: Partial<...>) => Promise<...>; ... 4 more ...; getStats: (id: string) => Promise<...>; }'.
src/services/group-service-export.ts(18,2): error TS2339: Property 'updateGroup' does not exist on type '{ get: (id: string) => Promise<any>; getMany: (ids: string[]) => Promise<GroupComplete[]>; create: (data: GroupCreateInput) => Promise<GroupComplete>; update: (id: string, data: Partial<...>) => Promise<...>; ... 4 more ...; getStats: (id: string) => Promise<...>; }'.
src/services/group-service-export.ts(19,2): error TS2339: Property 'deleteGroup' does not exist on type '{ get: (id: string) => Promise<any>; getMany: (ids: string[]) => Promise<GroupComplete[]>; create: (data: GroupCreateInput) => Promise<GroupComplete>; update: (id: string, data: Partial<...>) => Promise<...>; ... 4 more ...; getStats: (id: string) => Promise<...>; }'.
src/services/group-service-export.ts(20,2): error TS2339: Property 'addItemToGroup' does not exist on type '{ get: (id: string) => Promise<any>; getMany: (ids: string[]) => Promise<GroupComplete[]>; create: (data: GroupCreateInput) => Promise<GroupComplete>; update: (id: string, data: Partial<...>) => Promise<...>; ... 4 more ...; getStats: (id: string) => Promise<...>; }'.
src/services/group-service-export.ts(21,2): error TS2339: Property 'removeItemFromGroup' does not exist on type '{ get: (id: string) => Promise<any>; getMany: (ids: string[]) => Promise<GroupComplete[]>; create: (data: GroupCreateInput) => Promise<GroupComplete>; update: (id: string, data: Partial<...>) => Promise<...>; ... 4 more ...; getStats: (id: string) => Promise<...>; }'.
src/services/group-service-export.ts(22,2): error TS2339: Property 'getGroupItems' does not exist on type '{ get: (id: string) => Promise<any>; getMany: (ids: string[]) => Promise<GroupComplete[]>; create: (data: GroupCreateInput) => Promise<GroupComplete>; update: (id: string, data: Partial<...>) => Promise<...>; ... 4 more ...; getStats: (id: string) => Promise<...>; }'.
src/services/group-service-export.ts(23,2): error TS2339: Property 'getGroupStats' does not exist on type '{ get: (id: string) => Promise<any>; getMany: (ids: string[]) => Promise<GroupComplete[]>; create: (data: GroupCreateInput) => Promise<GroupComplete>; update: (id: string, data: Partial<...>) => Promise<...>; ... 4 more ...; getStats: (id: string) => Promise<...>; }'.
src/services/group-service-export.ts(24,2): error TS2339: Property 'searchGroups' does not exist on type '{ get: (id: string) => Promise<any>; getMany: (ids: string[]) => Promise<GroupComplete[]>; create: (data: GroupCreateInput) => Promise<GroupComplete>; update: (id: string, data: Partial<...>) => Promise<...>; ... 4 more ...; getStats: (id: string) => Promise<...>; }'.
src/services/group/group.service.ts(19,2): error TS2305: Module '"@/types/entities/group"' has no exported member 'GroupComplete'.
src/services/group/group.service.ts(21,2): error TS2305: Module '"@/types/entities/group"' has no exported member 'GroupRelations'.
src/services/group/group.service.ts(22,2): error TS2305: Module '"@/types/entities/group"' has no exported member 'GroupSearchResult'.
src/services/group/group.service.ts(24,2): error TS2305: Module '"@/types/entities/group"' has no exported member 'GroupWithStats'.
src/services/group/group.service.ts(405,62): error TS2731: Implicit conversion of a 'symbol' to a 'string' will fail at runtime. Consider wrapping this expression in 'String(...)'.
src/services/group/group.service.ts(490,62): error TS2731: Implicit conversion of a 'symbol' to a 'string' will fail at runtime. Consider wrapping this expression in 'String(...)'.
src/services/image-converter.service.ts(133,4): error TS2322: Type 'string' is not assignable to type 'EntityId'.
  Type 'string' is not assignable to type '{ _brand: "EntityId"; }'.
src/services/image-converter.service.ts(136,4): error TS2322: Type '"image"' is not assignable to type 'FileType'.
src/services/image-converter.service.ts(140,4): error TS2322: Type 'string | null' is not assignable to type 'JSONString<MediaMetadata>'.
  Type 'null' is not assignable to type 'JSONString<MediaMetadata>'.
    Type 'null' is not assignable to type 'string'.
src/services/image-converter.service.ts(141,4): error TS2322: Type 'string | null' is not assignable to type 'string | undefined'.
  Type 'null' is not assignable to type 'string | undefined'.
src/services/index.ts(18,15): error TS2307: Cannot find module './favorite.service' or its corresponding type declarations.
src/services/index.ts(19,15): error TS2307: Cannot find module './favorites.service' or its corresponding type declarations.
src/services/metadata/metadata.service.ts(6,10): error TS2305: Module '"@/lib/prisma"' has no exported member 'db'.
src/services/metadata/metadata.service.ts(13,30): error TS2306: File 'D:/DEV/image-manager/src/types/entities/metadata/base.ts' is not a module.
src/services/note.service.ts(2,15): error TS2305: Module '"@/app/actions/notes/note.actions"' has no exported member 'NoteCreate'.
src/services/note.service.ts(145,5): error TS2339: Property 'tags' does not exist on type 'NoteFilters'.
src/services/profile-service-export.ts(15,2): error TS2305: Module '"@/types/entities/profile/types"' has no exported member 'CreateProfileInput'.
src/services/profile-service-export.ts(16,2): error TS2305: Module '"@/types/entities/profile/types"' has no exported member 'ProfileExtended'.
src/services/profile-service-export.ts(17,2): error TS2305: Module '"@/types/entities/profile/types"' has no exported member 'ProfileFilters'.
src/services/profile-service-export.ts(18,2): error TS2305: Module '"@/types/entities/profile/types"' has no exported member 'ProfilePaginationOptions'.
src/services/profile-service-export.ts(19,2): error TS2305: Module '"@/types/entities/profile/types"' has no exported member 'UpdateProfileInput'.
src/services/profile/client.ts(19,2): error TS2305: Module '"@/types/entities/profile/types"' has no exported member 'CreateProfileInput'.
src/services/profile/client.ts(20,2): error TS2305: Module '"@/types/entities/profile/types"' has no exported member 'ProfileExtended'.
src/services/profile/client.ts(21,2): error TS2305: Module '"@/types/entities/profile/types"' has no exported member 'ProfileFilters'.
src/services/profile/client.ts(22,2): error TS2305: Module '"@/types/entities/profile/types"' has no exported member 'ProfilePaginationOptions'.
src/services/profile/client.ts(23,2): error TS2305: Module '"@/types/entities/profile/types"' has no exported member 'UpdateProfileInput'.
src/services/profile/profile.service.ts(10,7): error TS2305: Module '"@/types/entities/profile"' has no exported member 'CreateProfileInput'.
src/services/profile/profile.service.ts(12,7): error TS2305: Module '"@/types/entities/profile"' has no exported member 'ProfileExtended'.
src/services/profile/profile.service.ts(13,7): error TS2305: Module '"@/types/entities/profile"' has no exported member 'ProfileFilters'.
src/services/profile/profile.service.ts(14,7): error TS2305: Module '"@/types/entities/profile"' has no exported member 'ProfilePaginationOptions'.
src/services/profile/profile.service.ts(17,7): error TS2305: Module '"@/types/entities/profile"' has no exported member 'UpdateProfileInput'.
src/services/profile/profile.service.ts(33,9): error TS2345: Argument of type 'ProfileDelegate<DefaultArgs, PrismaClientOptions>' is not assignable to parameter of type 'PrismaModelOperations'.
  Types of property 'findMany' are incompatible.
    Type '<T extends ProfileFindManyArgs>(args?: SelectSubset<T, ProfileFindManyArgs<DefaultArgs>> | undefined) => PrismaPromise<GetFindResult<$ProfilePayload<DefaultArgs>, T, PrismaClientOptions>[]>' is not assignable to type '(args: Record<string, unknown>) => Promise<unknown[]>'.
      Types of parameters 'args' and 'args' are incompatible.
        Type 'Record<string, unknown>' is not assignable to type '{ [x: string]: never; }'.
          'string' index signatures are incompatible.
            Type 'unknown' is not assignable to type 'never'.
src/services/profile/profile.service.ts(36,15): error TS7006: Parameter 'entity' implicitly has an 'any' type.
src/services/profile/profile.service.ts(37,16): error TS7006: Parameter 'entities' implicitly has an 'any' type.
src/services/profile/profile.service.ts(98,37): error TS2339: Property 'create' does not exist on type 'PrismaModelOperations'.
src/services/profile/profile.service.ts(115,37): error TS2339: Property 'update' does not exist on type 'PrismaModelOperations'.
src/services/profile/profile.service.ts(135,21): error TS2339: Property 'updateMany' does not exist on type 'PrismaModelOperations'.
src/services/profile/profile.service.ts(141,21): error TS2339: Property 'update' does not exist on type 'PrismaModelOperations'.
src/services/profile/profile.service.ts(159,37): error TS2339: Property 'findFirst' does not exist on type 'PrismaModelOperations'.
src/services/prompt.service.ts(2,15): error TS2305: Module '"@/app/actions/prompts/prompt.actions"' has no exported member 'PromptCreate'.
src/services/queue-job/queue-job.service.ts(20,35): error TS2307: Cannot find module '@/utils/pagination' or its corresponding type declarations.
src/services/queue-job/queue-job.service.ts(287,5): error TS2698: Spread types may only be created from object types.
src/services/queue-job/queue-job.service.ts(294,5): error TS2698: Spread types may only be created from object types.
src/services/queue-job/queue-job.service.ts(500,53): error TS2749: 'QueueJobStatus' refers to a value, but is being used as a type here. Did you mean 'typeof QueueJobStatus'?
src/services/settings-service-export.ts(8,44): error TS2307: Cannot find module './settings.service' or its corresponding type declarations.
src/services/settings-service-export.ts(11,15): error TS2307: Cannot find module './settings.service' or its corresponding type declarations.
src/services/tag/tag.service.ts(9,2): error TS2305: Module '"@/app/actions/tags"' has no exported member 'createTag'.
src/services/tag/tag.service.ts(10,2): error TS2305: Module '"@/app/actions/tags"' has no exported member 'deleteTag'.
src/services/tag/tag.service.ts(11,2): error TS2305: Module '"@/app/actions/tags"' has no exported member 'getTags'.
src/services/tag/tag.service.ts(12,2): error TS2305: Module '"@/app/actions/tags"' has no exported member 'updateTag'.
src/services/tag/tag.service.ts(16,10): error TS2305: Module '"@/transformers/tag"' has no exported member 'transformTag'.
src/services/tag/tag.service.ts(121,6): error TS2322: Type 'string' is not assignable to type 'EventType'.
src/services/task.service.ts(7,10): error TS2305: Module '"@/app/actions/tasks/process.actions"' has no exported member 'cancelTask'.
src/services/task.service.ts(7,22): error TS2305: Module '"@/app/actions/tasks/process.actions"' has no exported member 'executeTask'.
src/services/task.service.ts(8,10): error TS2305: Module '"@/app/actions/tasks/query.actions"' has no exported member 'getTaskById'.
src/services/task.service.ts(8,33): error TS2305: Module '"@/app/actions/tasks/query.actions"' has no exported member 'getTasksByStatus'.
src/services/task.service.ts(12,10): error TS2305: Module '"@/types/entities/task"' has no exported member 'TaskCreateInput'.
src/services/task.service.ts(12,27): error TS2305: Module '"@/types/entities/task"' has no exported member 'TaskPriority'.
src/services/task.service.ts(12,41): error TS2305: Module '"@/types/entities/task"' has no exported member 'TaskStatus'.
src/services/task.service.ts(12,53): error TS2305: Module '"@/types/entities/task"' has no exported member 'TaskType'.
src/services/task.service.ts(15,29): error TS2339: Property 'child' does not exist on type 'ServerLogger'.
src/services/task.service.ts(29,36): error TS2345: Argument of type '{ status?: TaskStatus[] | undefined; type?: TaskType[] | undefined; priority?: TaskPriority[] | undefined; search?: string | undefined; } | undefined' is not assignable to parameter of type '{ type?: TaskType | undefined; status?: TaskStatus | undefined; priority?: string | undefined; tags?: string[] | undefined; } | undefined'.
  Type '{ status?: TaskStatus[] | undefined; type?: TaskType[] | undefined; priority?: TaskPriority[] | undefined; search?: string | undefined; }' is not assignable to type '{ type?: TaskType | undefined; status?: TaskStatus | undefined; priority?: string | undefined; tags?: string[] | undefined; }'.
    Types of property 'type' are incompatible.
      Type 'TaskType[] | undefined' is not assignable to type 'TaskType | undefined'.
        Type 'TaskType[]' is not assignable to type 'TaskType | undefined'.
src/services/task.service.ts(102,58): error TS2339: Property 'id' does not exist on type 'TaskExtended'.
src/services/task.service.ts(120,63): error TS2339: Property 'id' does not exist on type 'TaskExtended'.
src/services/task.service.ts(155,60): error TS2339: Property 'id' does not exist on type 'TaskExtended'.
src/services/task.service.ts(173,59): error TS2339: Property 'id' does not exist on type 'TaskExtended'.
src/services/task.service.ts(191,61): error TS2339: Property 'id' does not exist on type 'TaskExtended'.
src/services/task.service.ts(209,61): error TS2339: Property 'id' does not exist on type 'TaskExtended'.
src/services/thumbnail.service.ts(99,24): error TS2304: Cannot find name 'EventType'.
src/services/thumbnail.service.ts(371,20): error TS2551: Property 'thumbnail' does not exist on type 'ThumbnailResponse'. Did you mean 'thumbnailUrl'?
src/services/uploaded-images.service.ts(6,15): error TS2724: '"@/types/entities/uploaded-image"' has no exported member named 'UploadedImageType'. Did you mean 'UploadedFileType'?
src/services/uploaded-images.service.ts(99,5): error TS2322: Type '{ name: string; path: string; type: EntityUploadedImageType; category: string; size: number; width: number; height: number; metadata: string | null; }' is not assignable to type '(Without<UploadedImageCreateInput, UploadedImageUncheckedCreateInput> & UploadedImageUncheckedCreateInput) | (Without<...> & UploadedImageCreateInput)'.
  Type '{ name: string; path: string; type: EntityUploadedImageType; category: string; size: number; width: number; height: number; metadata: string | null; }' is not assignable to type 'Without<UploadedImageUncheckedCreateInput, UploadedImageCreateInput> & UploadedImageCreateInput'.
    Type '{ name: string; path: string; type: EntityUploadedImageType; category: string; size: number; width: number; height: number; metadata: string | null; }' is missing the following properties from type 'UploadedImageCreateInput': hash, image
src/services/uploaded-images.service.ts(113,42): error TS2345: Argument of type 'UploadedImageBase' is not assignable to parameter of type 'UploadedImageDBRecord'.
  Types of property 'metadata' are incompatible.
    Type 'string | null | undefined' is not assignable to type 'string | null'.
      Type 'undefined' is not assignable to type 'string | null'.
src/services/uploaded-images.service.ts(119,4): error TS2322: Type 'UploadedImageExtended' is not assignable to type 'UploadedImageResult'.
  Types of property 'metadata' are incompatible.
    Type 'string | null | undefined' is not assignable to type 'UploadedImageMetadata | null'.
      Type 'undefined' is not assignable to type 'UploadedImageMetadata | null'.
src/services/uploaded-images.service.ts(201,42): error TS2345: Argument of type 'UploadedImageBase' is not assignable to parameter of type 'UploadedImageDBRecord'.
  Types of property 'metadata' are incompatible.
    Type 'string | null | undefined' is not assignable to type 'string | null'.
      Type 'undefined' is not assignable to type 'string | null'.
src/services/uploaded-images.service.ts(207,4): error TS2322: Type 'UploadedImageExtended' is not assignable to type 'UploadedImageResult'.
  Types of property 'metadata' are incompatible.
    Type 'string | null | undefined' is not assignable to type 'UploadedImageMetadata | null'.
      Type 'undefined' is not assignable to type 'UploadedImageMetadata | null'.
src/services/uploaded-images.service.ts(341,35): error TS2345: Argument of type 'UploadedImageBase' is not assignable to parameter of type 'UploadedImageDBRecord'.
  Types of property 'metadata' are incompatible.
    Type 'string | null | undefined' is not assignable to type 'string | null'.
      Type 'undefined' is not assignable to type 'string | null'.
src/services/uploaded-images.service.ts(348,5): error TS2322: Type 'UploadedImageExtended[]' is not assignable to type 'UploadedImageResult[]'.
  Type 'UploadedImageExtended' is not assignable to type 'UploadedImageResult'.
    Types of property 'metadata' are incompatible.
      Type 'string | null | undefined' is not assignable to type 'UploadedImageMetadata | null'.
        Type 'undefined' is not assignable to type 'UploadedImageMetadata | null'.
src/services/uploaded-images/uploaded-images.service.ts(6,15): error TS2724: '"@/types/entities/uploaded-image"' has no exported member named 'UploadedImageType'. Did you mean 'UploadedFileType'?
src/services/uploaded-images/uploaded-images.service.ts(99,5): error TS2322: Type '{ name: string; path: string; type: EntityUploadedImageType; category: string; size: number; width: number; height: number; metadata: string | null; }' is not assignable to type '(Without<UploadedImageCreateInput, UploadedImageUncheckedCreateInput> & UploadedImageUncheckedCreateInput) | (Without<...> & UploadedImageCreateInput)'.
  Type '{ name: string; path: string; type: EntityUploadedImageType; category: string; size: number; width: number; height: number; metadata: string | null; }' is not assignable to type 'Without<UploadedImageUncheckedCreateInput, UploadedImageCreateInput> & UploadedImageCreateInput'.
    Type '{ name: string; path: string; type: EntityUploadedImageType; category: string; size: number; width: number; height: number; metadata: string | null; }' is missing the following properties from type 'UploadedImageCreateInput': hash, image
src/services/uploaded-images/uploaded-images.service.ts(113,42): error TS2345: Argument of type 'UploadedImageBase' is not assignable to parameter of type 'UploadedImageDBRecord'.
  Types of property 'metadata' are incompatible.
    Type 'string | null | undefined' is not assignable to type 'string | null'.
      Type 'undefined' is not assignable to type 'string | null'.
src/services/uploaded-images/uploaded-images.service.ts(119,4): error TS2322: Type 'UploadedImageExtended' is not assignable to type 'UploadedImageResult'.
  Types of property 'metadata' are incompatible.
    Type 'string | null | undefined' is not assignable to type 'UploadedImageMetadata | null'.
      Type 'undefined' is not assignable to type 'UploadedImageMetadata | null'.
src/services/uploaded-images/uploaded-images.service.ts(201,42): error TS2345: Argument of type 'UploadedImageBase' is not assignable to parameter of type 'UploadedImageDBRecord'.
  Types of property 'metadata' are incompatible.
    Type 'string | null | undefined' is not assignable to type 'string | null'.
      Type 'undefined' is not assignable to type 'string | null'.
src/services/uploaded-images/uploaded-images.service.ts(207,4): error TS2322: Type 'UploadedImageExtended' is not assignable to type 'UploadedImageResult'.
  Types of property 'metadata' are incompatible.
    Type 'string | null | undefined' is not assignable to type 'UploadedImageMetadata | null'.
      Type 'undefined' is not assignable to type 'UploadedImageMetadata | null'.
src/services/uploaded-images/uploaded-images.service.ts(341,35): error TS2345: Argument of type 'UploadedImageBase' is not assignable to parameter of type 'UploadedImageDBRecord'.
  Types of property 'metadata' are incompatible.
    Type 'string | null | undefined' is not assignable to type 'string | null'.
      Type 'undefined' is not assignable to type 'string | null'.
src/services/uploaded-images/uploaded-images.service.ts(348,5): error TS2322: Type 'UploadedImageExtended[]' is not assignable to type 'UploadedImageResult[]'.
  Type 'UploadedImageExtended' is not assignable to type 'UploadedImageResult'.
    Types of property 'metadata' are incompatible.
      Type 'string | null | undefined' is not assignable to type 'UploadedImageMetadata | null'.
        Type 'undefined' is not assignable to type 'UploadedImageMetadata | null'.
src/services/video-service-export.ts(8,30): error TS2307: Cannot find module './video.service' or its corresponding type declarations.
src/services/video-service-export.ts(11,15): error TS2307: Cannot find module './video.service' or its corresponding type declarations.
src/services/video/video.service.ts(12,2): error TS2305: Module '"@/types/entities/video/types"' has no exported member 'CreateVideoInput'.
src/services/video/video.service.ts(13,2): error TS2305: Module '"@/types/entities/video/types"' has no exported member 'PaginatedVideos'.
src/services/video/video.service.ts(14,2): error TS2305: Module '"@/types/entities/video/types"' has no exported member 'UpdateVideoInput'.
src/services/video/video.service.ts(15,2): error TS2305: Module '"@/types/entities/video/types"' has no exported member 'VideoExtended'.
src/services/video/video.service.ts(16,2): error TS2305: Module '"@/types/entities/video/types"' has no exported member 'VideoFilters'.
src/services/video/video.service.ts(17,2): error TS2305: Module '"@/types/entities/video/types"' has no exported member 'VideoPaginationOptions'.
src/services/video/video.service.ts(18,2): error TS2305: Module '"@/types/entities/video/types"' has no exported member 'VideoStats'.
src/services/video/video.service.ts(20,35): error TS2307: Cannot find module '@/utils/pagination' or its corresponding type declarations.
src/services/video/video.service.ts(104,43): error TS2339: Property 'name' does not exist on type '{}'.
src/services/video/video.service.ts(105,50): error TS2339: Property 'description' does not exist on type '{}'.
src/services/video/video.service.ts(106,43): error TS2339: Property 'path' does not exist on type '{}'.
src/services/video/video.service.ts(107,43): error TS2339: Property 'hash' does not exist on type '{}'.
src/services/video/video.service.ts(108,43): error TS2339: Property 'size' does not exist on type '{}'.
src/services/video/video.service.ts(109,47): error TS2339: Property 'duration' does not exist on type '{}'.
src/services/video/video.service.ts(110,44): error TS2339: Property 'width' does not exist on type '{}'.
src/services/video/video.service.ts(111,45): error TS2339: Property 'height' does not exist on type '{}'.
src/services/video/video.service.ts(112,47): error TS2339: Property 'metadata' does not exist on type '{}'.
src/services/video/video.service.ts(113,48): error TS2339: Property 'thumbnail' does not exist on type '{}'.
src/services/video/video.service.ts(114,52): error TS2339: Property 'thumbnailSize' does not exist on type '{}'.
src/services/video/video.service.ts(115,53): error TS2339: Property 'thumbnailWidth' does not exist on type '{}'.
src/services/video/video.service.ts(116,54): error TS2339: Property 'thumbnailHeight' does not exist on type '{}'.
src/services/video/video.service.ts(117,47): error TS2339: Property 'isPublic' does not exist on type '{}'.
src/services/video/video.service.ts(118,49): error TS2339: Property 'isFavorite' does not exist on type '{}'.
src/services/video/video.service.ts(122,15): error TS2339: Property 'folder' does not exist on type '{}'.
src/services/video/video.service.ts(234,41): error TS2353: Object literal may only specify known properties, and 'mode' does not exist in type 'StringFilter<"Video">'.
src/services/video/video.service.ts(235,48): error TS2353: Object literal may only specify known properties, and 'mode' does not exist in type 'StringNullableFilter<"Video">'.
src/services/video/video.service.ts(253,5): error TS2698: Spread types may only be created from object types.
src/services/video/video.service.ts(260,5): error TS2698: Spread types may only be created from object types.
src/services/video/video.service.ts(267,5): error TS2698: Spread types may only be created from object types.
src/services/video/video.service.ts(274,5): error TS2698: Spread types may only be created from object types.
src/services/video/video.service.ts(281,5): error TS2698: Spread types may only be created from object types.
src/services/video/video.service.ts(288,5): error TS2698: Spread types may only be created from object types.
src/services/video/video.service.ts(295,5): error TS2698: Spread types may only be created from object types.
src/services/video/video.service.ts(302,5): error TS2698: Spread types may only be created from object types.
src/services/video/video.service.ts(520,13): error TS18046: 'byMonthCount' is of type 'unknown'.
src/services/video/video.service.ts(520,31): error TS7006: Parameter 'record' implicitly has an 'any' type.
src/store/entities/activity/index.ts(10,10): error TS2305: Module '"@/types/entities/activity"' has no exported member 'ActivitySortCriteria'.
src/store/entities/activity/index.ts(70,33): error TS2345: Argument of type '{ (partial: ActivityStore | Partial<ActivityStore> | ((state: ActivityStore) => ActivityStore | Partial<ActivityStore>), replace?: false | undefined, action?: Action | undefined): void; (state: ActivityStore | ((state: ActivityStore) => ActivityStore), replace: true, action?: Action | undefined): void; }' is not assignable to parameter of type '{ (partial: ActivityState | Partial<ActivityState> | ((state: ActivityState) => ActivityState | Partial<ActivityState>), replace?: false | undefined): void; (state: ActivityState | ((state: ActivityState) => ActivityState), replace: true): void; }'.
  Types of parameters 'partial' and 'partial' are incompatible.
    Type 'ActivityState | Partial<ActivityState> | ((state: ActivityState) => ActivityState | Partial<ActivityState>)' is not assignable to type 'ActivityStore | Partial<ActivityStore> | ((state: ActivityStore) => ActivityStore | Partial<ActivityStore>)'.
      Type 'ActivityState' is not assignable to type 'ActivityStore | Partial<ActivityStore> | ((state: ActivityStore) => ActivityStore | Partial<ActivityStore>)'.
src/store/entities/activity/index.ts(71,31): error TS2345: Argument of type '{ (partial: ActivityStore | Partial<ActivityStore> | ((state: ActivityStore) => ActivityStore | Partial<ActivityStore>), replace?: false | undefined, action?: Action | undefined): void; (state: ActivityStore | ((state: ActivityStore) => ActivityStore), replace: true, action?: Action | undefined): void; }' is not assignable to parameter of type '{ (partial: ActivityState | Partial<ActivityState> | ((state: ActivityState) => ActivityState | Partial<ActivityState>), replace?: false | undefined): void; (state: ActivityState | ((state: ActivityState) => ActivityState), replace: true): void; }'.
  Types of parameters 'partial' and 'partial' are incompatible.
    Type 'ActivityState | Partial<ActivityState> | ((state: ActivityState) => ActivityState | Partial<ActivityState>)' is not assignable to type 'ActivityStore | Partial<ActivityStore> | ((state: ActivityStore) => ActivityStore | Partial<ActivityStore>)'.
      Type 'ActivityState' is not assignable to type 'ActivityStore | Partial<ActivityStore> | ((state: ActivityStore) => ActivityStore | Partial<ActivityStore>)'.
src/store/entities/activity/index.ts(72,36): error TS2345: Argument of type '{ (partial: ActivityStore | Partial<ActivityStore> | ((state: ActivityStore) => ActivityStore | Partial<ActivityStore>), replace?: false | undefined, action?: Action | undefined): void; (state: ActivityStore | ((state: ActivityStore) => ActivityStore), replace: true, action?: Action | undefined): void; }' is not assignable to parameter of type '{ (partial: ActivityState | Partial<ActivityState> | ((state: ActivityState) => ActivityState | Partial<ActivityState>), replace?: false | undefined): void; (state: ActivityState | ((state: ActivityState) => ActivityState), replace: true): void; }'.
  Types of parameters 'partial' and 'partial' are incompatible.
    Type 'ActivityState | Partial<ActivityState> | ((state: ActivityState) => ActivityState | Partial<ActivityState>)' is not assignable to type 'ActivityStore | Partial<ActivityStore> | ((state: ActivityStore) => ActivityStore | Partial<ActivityStore>)'.
      Type 'ActivityState' is not assignable to type 'ActivityStore | Partial<ActivityStore> | ((state: ActivityStore) => ActivityStore | Partial<ActivityStore>)'.
src/store/entities/activity/index.ts(80,26): error TS2339: Property 'ui' does not exist on type 'ActivityStore'.
src/store/entities/activity/index.ts(83,21): error TS2339: Property 'filters' does not exist on type 'ActivityStore'.
src/store/entities/activity/index.ts(84,25): error TS2339: Property 'filters' does not exist on type 'ActivityStore'.
src/store/entities/activity/selectors.ts(7,25): error TS2305: Module '"@/types/entities/activity"' has no exported member 'ActivityCategory'.
src/store/entities/activity/selectors.ts(8,25): error TS2307: Cannot find module '@/utils/array' or its corresponding type declarations.
src/store/entities/activity/slices/core.ts(19,2): error TS2305: Module '"../../../../types/entities/activity"' has no exported member 'CreateActivityData'.
src/store/entities/activity/slices/core.ts(145,11): error TS2339: Property 'setLoading' does not exist on type 'ActivityState'.
src/store/entities/activity/slices/core.ts(145,23): error TS2339: Property 'setError' does not exist on type 'ActivityState'.
src/store/entities/activity/slices/core.ts(145,33): error TS2339: Property 'addActivity' does not exist on type 'ActivityState'.
src/store/entities/activity/slices/core.ts(162,11): error TS2339: Property 'setLoading' does not exist on type 'ActivityState'.
src/store/entities/activity/slices/core.ts(162,23): error TS2339: Property 'setError' does not exist on type 'ActivityState'.
src/store/entities/activity/slices/core.ts(162,33): error TS2339: Property 'addActivities' does not exist on type 'ActivityState'.
src/store/entities/activity/slices/core.ts(181,11): error TS2339: Property 'setLoading' does not exist on type 'ActivityState'.
src/store/entities/activity/slices/core.ts(181,23): error TS2339: Property 'setError' does not exist on type 'ActivityState'.
src/store/entities/activity/slices/core.ts(181,33): error TS2339: Property 'addActivity' does not exist on type 'ActivityState'.
src/store/entities/activity/slices/core.ts(196,11): error TS2339: Property 'setLoading' does not exist on type 'ActivityState'.
src/store/entities/activity/slices/core.ts(196,23): error TS2339: Property 'setError' does not exist on type 'ActivityState'.
src/store/entities/activity/slices/core.ts(196,33): error TS2339: Property 'deleteActivity' does not exist on type 'ActivityState'.
src/store/entities/activity/slices/filters.ts(7,15): error TS2305: Module '"../../../../types/entities/activity"' has no exported member 'ActivityCategory'.
src/store/entities/activity/slices/filters.ts(7,55): error TS2305: Module '"../../../../types/entities/activity"' has no exported member 'ActivitySortCriteria'.
src/store/entities/activity/types.ts(6,25): error TS2305: Module '"../../../types/entities/activity"' has no exported member 'ActivityCategory'.
src/store/entities/activity/types.ts(6,43): error TS2305: Module '"../../../types/entities/activity"' has no exported member 'ActivitySortCriteria'.
src/store/entities/album/slices/core.ts(12,2): error TS2305: Module '"../../../../types/entities/album/types"' has no exported member 'AlbumRelations'.
src/store/entities/album/slices/core.ts(121,15): error TS2339: Property 'id' does not exist on type 'Promise<AlbumComplete>'.
src/store/entities/album/slices/core.ts(124,25): error TS2304: Cannot find name 'Album'.
src/store/entities/album/slices/core.ts(224,37): error TS7006: Parameter 'item' implicitly has an 'any' type.
src/store/entities/album/slices/core.ts(232,45): error TS7006: Parameter 'newItem' implicitly has an 'any' type.
src/store/entities/album/slices/core.ts(292,63): error TS7006: Parameter 'g' implicitly has an 'any' type.
src/store/entities/album/slices/core.ts(341,75): error TS7006: Parameter 'p' implicitly has an 'any' type.
src/store/entities/album/slices/core.ts(390,72): error TS7006: Parameter 'w' implicitly has an 'any' type.
src/store/entities/album/slices/core.ts(445,7): error TS2345: Argument of type '(_state: AlbumState) => { loading: boolean; }' is not assignable to parameter of type 'AlbumState | Partial<AlbumState> | ((state: AlbumState) => AlbumState | Partial<AlbumState>)'.
  Type '(_state: AlbumState) => { loading: boolean; }' is not assignable to type '(state: AlbumState) => AlbumState | Partial<AlbumState>'.
    Type '{ loading: boolean; }' is not assignable to type 'AlbumState | Partial<AlbumState>'.
src/store/entities/album/slices/core.ts(448,7): error TS2345: Argument of type '(_state: AlbumState) => { error: string | null; }' is not assignable to parameter of type 'AlbumState | Partial<AlbumState> | ((state: AlbumState) => AlbumState | Partial<AlbumState>)'.
  Type '(_state: AlbumState) => { error: string | null; }' is not assignable to type '(state: AlbumState) => AlbumState | Partial<AlbumState>'.
    Type '{ error: string | null; }' is not assignable to type 'AlbumState | Partial<AlbumState>'.
src/store/entities/album/slices/core.ts(452,2): error TS2322: Type '(id: string) => Promise<AlbumComplete | undefined>' is not assignable to type '(id: string) => Promise<AlbumBase | undefined>'.
  Type 'Promise<AlbumComplete | undefined>' is not assignable to type 'Promise<AlbumBase | undefined>'.
    Type 'AlbumComplete | undefined' is not assignable to type 'AlbumBase | undefined'.
      Type 'AlbumComplete' is missing the following properties from type 'AlbumBase': id, name, emoji, color, and 4 more.
src/store/entities/album/slices/core.ts(453,9): error TS2353: Object literal may only specify known properties, and 'loading' does not exist in type 'AlbumState | Partial<AlbumState> | ((state: AlbumState) => AlbumState | Partial<AlbumState>)'.
src/store/entities/album/slices/core.ts(457,11): error TS2339: Property 'addAlbum' does not exist on type 'AlbumState'.
src/store/entities/album/slices/core.ts(462,10): error TS2353: Object literal may only specify known properties, and 'error' does not exist in type 'AlbumState | Partial<AlbumState> | ((state: AlbumState) => AlbumState | Partial<AlbumState>)'.
src/store/entities/album/slices/core.ts(466,10): error TS2353: Object literal may only specify known properties, and 'loading' does not exist in type 'AlbumState | Partial<AlbumState> | ((state: AlbumState) => AlbumState | Partial<AlbumState>)'.
src/store/entities/album/slices/core.ts(470,2): error TS2322: Type '(_parentId?: string) => Promise<AlbumComplete[]>' is not assignable to type '(parentId?: string | undefined) => Promise<AlbumBase[]>'.
  Type 'Promise<AlbumComplete[]>' is not assignable to type 'Promise<AlbumBase[]>'.
    Type 'AlbumComplete[]' is not assignable to type 'AlbumBase[]'.
      Type 'AlbumComplete' is missing the following properties from type 'AlbumBase': id, name, emoji, color, and 4 more.
src/store/entities/album/slices/core.ts(471,9): error TS2353: Object literal may only specify known properties, and 'loading' does not exist in type 'AlbumState | Partial<AlbumState> | ((state: AlbumState) => AlbumState | Partial<AlbumState>)'.
src/store/entities/album/slices/core.ts(474,10): error TS2339: Property 'addAlbums' does not exist on type 'AlbumState'.
src/store/entities/album/slices/core.ts(477,10): error TS2353: Object literal may only specify known properties, and 'error' does not exist in type 'AlbumState | Partial<AlbumState> | ((state: AlbumState) => AlbumState | Partial<AlbumState>)'.
src/store/entities/album/slices/core.ts(481,10): error TS2353: Object literal may only specify known properties, and 'loading' does not exist in type 'AlbumState | Partial<AlbumState> | ((state: AlbumState) => AlbumState | Partial<AlbumState>)'.
src/store/entities/album/slices/core.ts(486,9): error TS2353: Object literal may only specify known properties, and 'loading' does not exist in type 'AlbumState | Partial<AlbumState> | ((state: AlbumState) => AlbumState | Partial<AlbumState>)'.
src/store/entities/album/slices/core.ts(490,11): error TS2339: Property 'addAlbum' does not exist on type 'AlbumState'.
src/store/entities/album/slices/core.ts(494,10): error TS2353: Object literal may only specify known properties, and 'error' does not exist in type 'AlbumState | Partial<AlbumState> | ((state: AlbumState) => AlbumState | Partial<AlbumState>)'.
src/store/entities/album/slices/core.ts(498,10): error TS2353: Object literal may only specify known properties, and 'loading' does not exist in type 'AlbumState | Partial<AlbumState> | ((state: AlbumState) => AlbumState | Partial<AlbumState>)'.
src/store/entities/album/slices/core.ts(503,9): error TS2353: Object literal may only specify known properties, and 'loading' does not exist in type 'AlbumState | Partial<AlbumState> | ((state: AlbumState) => AlbumState | Partial<AlbumState>)'.
src/store/entities/album/slices/core.ts(506,10): error TS2339: Property 'deleteAlbum' does not exist on type 'AlbumState'.
src/store/entities/album/slices/core.ts(509,10): error TS2353: Object literal may only specify known properties, and 'error' does not exist in type 'AlbumState | Partial<AlbumState> | ((state: AlbumState) => AlbumState | Partial<AlbumState>)'.
src/store/entities/album/slices/core.ts(513,10): error TS2353: Object literal may only specify known properties, and 'loading' does not exist in type 'AlbumState | Partial<AlbumState> | ((state: AlbumState) => AlbumState | Partial<AlbumState>)'.
src/store/entities/album/slices/filters.ts(7,15): error TS2305: Module '"../../../../types/entities/album"' has no exported member 'Album'.
src/store/entities/album/slices/filters.ts(121,11): error TS2339: Property 'getAlbums' does not exist on type 'AlbumState'.
src/store/entities/album/slices/filters.ts(123,16): error TS2339: Property 'applySort' does not exist on type 'AlbumState'.
src/store/entities/album/slices/filters.ts(123,32): error TS2339: Property 'applyFilters' does not exist on type 'AlbumState'.
src/store/entities/album/slices/filters.ts(195,10): error TS2678: Type '"name_asc"' is not comparable to type 'AlbumSortCriteria'.
src/store/entities/album/slices/filters.ts(197,10): error TS2678: Type '"name_desc"' is not comparable to type 'AlbumSortCriteria'.
src/store/entities/album/slices/filters.ts(199,10): error TS2678: Type '"date_created_asc"' is not comparable to type 'AlbumSortCriteria'.
src/store/entities/album/slices/filters.ts(201,10): error TS2678: Type '"date_created_desc"' is not comparable to type 'AlbumSortCriteria'.
src/store/entities/album/slices/filters.ts(203,10): error TS2678: Type '"date_updated_asc"' is not comparable to type 'AlbumSortCriteria'.
src/store/entities/album/slices/filters.ts(205,10): error TS2678: Type '"date_updated_desc"' is not comparable to type 'AlbumSortCriteria'.
src/store/entities/album/slices/filters.ts(207,10): error TS2678: Type '"item_count_asc"' is not comparable to type 'AlbumSortCriteria'.
src/store/entities/album/slices/filters.ts(209,10): error TS2678: Type '"item_count_desc"' is not comparable to type 'AlbumSortCriteria'.
src/store/entities/album/slices/ui.ts(7,15): error TS2305: Module '"../../../../types/entities/album"' has no exported member 'AlbumDisplayState'.
src/store/entities/album/slices/ui.ts(259,24): error TS2339: Property 'getAlbums' does not exist on type 'AlbumState'.
src/store/entities/album/slices/ui.ts(260,30): error TS7006: Parameter 'album' implicitly has an 'any' type.
src/store/entities/album/types.ts(7,2): error TS2305: Module '"../../../types/entities/album"' has no exported member 'Album'.
src/store/entities/album/types.ts(8,2): error TS2305: Module '"../../../types/entities/album"' has no exported member 'AlbumDisplayState'.
src/store/entities/character/index.ts(8,34): error TS2724: '"@/types/entities/character"' has no exported member named 'CharacterSortOption'. Did you mean 'CharacterSearchOptions'?
src/store/entities/character/index.ts(24,3): error TS2353: Object literal may only specify known properties, and 'mode' does not exist in type 'CharacterViewConfig'.
src/store/entities/character/slices/core.ts(8,10): error TS2305: Module '"@/transformers/character/transformer"' has no exported member 'transformCharacterToExtended'.
src/store/entities/character/slices/core.ts(55,7): error TS2345: Argument of type '(state: CharacterState & CharacterCoreSlice) => (CharacterState & CharacterCoreSlice) | { characters: { ...; }; }' is not assignable to parameter of type '(CharacterState & CharacterCoreSlice) | Partial<CharacterState & CharacterCoreSlice> | ((state: CharacterState & CharacterCoreSlice) => (CharacterState & CharacterCoreSlice) | Partial<...>)'.
  Type '(state: CharacterState & CharacterCoreSlice) => (CharacterState & CharacterCoreSlice) | { characters: { ...; }; }' is not assignable to type '(state: CharacterState & CharacterCoreSlice) => (CharacterState & CharacterCoreSlice) | Partial<CharacterState & CharacterCoreSlice>'.
    Type '(CharacterState & CharacterCoreSlice) | { characters: { [x: string]: CharacterExtended | { id: string; name: string; description: string | null; ... 43 more ...; groups?: unknown[] | undefined; }; }; }' is not assignable to type '(CharacterState & CharacterCoreSlice) | Partial<CharacterState & CharacterCoreSlice>'.
      Type '{ characters: { [x: string]: CharacterExtended | { id: string; name: string; description: string | null; level: number; class: string; race: string; alignment: string; backstory: string | null; ... 38 more ...; groups?: unknown[] | undefined; }; }; }' is not assignable to type '(CharacterState & CharacterCoreSlice) | Partial<CharacterState & CharacterCoreSlice>'.
        Type '{ characters: { [x: string]: CharacterExtended | { id: string; name: string; description: string | null; level: number; class: string; race: string; alignment: string; backstory: string | null; ... 38 more ...; groups?: unknown[] | undefined; }; }; }' is not assignable to type 'Partial<CharacterState & CharacterCoreSlice>'.
          Types of property 'characters' are incompatible.
            Type '{ [x: string]: CharacterExtended | { id: string; name: string; description: string | null; level: number; class: string; race: string; alignment: string; backstory: string | null; ... 38 more ...; groups?: unknown[] | undefined; }; }' is not assignable to type 'Record<string, CharacterExtended>'.
              'string' index signatures are incompatible.
                Type 'CharacterExtended | { id: string; name: string; description: string | null; level: number; class: string; race: string; alignment: string; backstory: string | null; ... 38 more ...; groups?: unknown[] | undefined; }' is not assignable to type 'CharacterExtended'.
                  Type '{ id: string; name: string; description: string | null; level: number; class: string; race: string; alignment: string; backstory: string | null; stats: string | number | boolean | Record<string, any> | JsonArray | null; ... 37 more ...; groups?: unknown[] | undefined; }' is not assignable to type 'CharacterExtended'.
                    Types of property 'stats' are incompatible.
                      Type 'string | number | boolean | Record<string, any> | JsonArray | null' is not assignable to type 'Record<string, any>'.
                        Type 'null' is not assignable to type 'Record<string, any>'.
src/store/entities/character/slices/core.ts(66,45): error TS2345: Argument of type 'number | true | JsonObject | JsonArray' is not assignable to parameter of type 'string | Record<string, any> | undefined'.
  Type 'number' is not assignable to type 'string | Record<string, any> | undefined'.
src/store/entities/character/slices/core.ts(69,16): error TS2339: Property 'filters' does not exist on type 'Partial<CharacterBase>'.
src/store/entities/character/slices/core.ts(69,42): error TS2339: Property 'filters' does not exist on type 'Partial<CharacterBase>'.
src/store/entities/character/slices/core.ts(70,22): error TS2339: Property 'filters' does not exist on type '{ id?: string | undefined; name?: string | undefined; description?: string | null | undefined; level?: number | undefined; class?: string | undefined; race?: string | undefined; alignment?: string | undefined; ... 10 more ...; updatedAt?: Date | undefined; }'.
src/store/entities/character/slices/core.ts(70,55): error TS2339: Property 'filters' does not exist on type 'Partial<CharacterBase>'.
src/store/entities/character/slices/core.ts(73,16): error TS2339: Property 'relationships' does not exist on type 'Partial<CharacterBase>'.
src/store/entities/character/slices/core.ts(73,48): error TS2339: Property 'relationships' does not exist on type 'Partial<CharacterBase>'.
src/store/entities/character/slices/core.ts(74,22): error TS2339: Property 'relationships' does not exist on type '{ id?: string | undefined; name?: string | undefined; description?: string | null | undefined; level?: number | undefined; class?: string | undefined; race?: string | undefined; alignment?: string | undefined; ... 10 more ...; updatedAt?: Date | undefined; }'.
src/store/entities/character/slices/core.ts(74,61): error TS2339: Property 'relationships' does not exist on type 'Partial<CharacterBase>'.
src/store/entities/character/slices/core.ts(77,16): error TS2339: Property 'goals' does not exist on type 'Partial<CharacterBase>'.
src/store/entities/character/slices/core.ts(77,40): error TS2339: Property 'goals' does not exist on type 'Partial<CharacterBase>'.
src/store/entities/character/slices/core.ts(78,22): error TS2339: Property 'goals' does not exist on type '{ id?: string | undefined; name?: string | undefined; description?: string | null | undefined; level?: number | undefined; class?: string | undefined; race?: string | undefined; alignment?: string | undefined; ... 10 more ...; updatedAt?: Date | undefined; }'.
src/store/entities/character/slices/core.ts(78,53): error TS2339: Property 'goals' does not exist on type 'Partial<CharacterBase>'.
src/store/entities/character/slices/core.ts(81,16): error TS2551: Property 'fears' does not exist on type 'Partial<CharacterBase>'. Did you mean 'feats'?
src/store/entities/character/slices/core.ts(81,40): error TS2551: Property 'fears' does not exist on type 'Partial<CharacterBase>'. Did you mean 'feats'?
src/store/entities/character/slices/core.ts(82,22): error TS2551: Property 'fears' does not exist on type '{ id?: string | undefined; name?: string | undefined; description?: string | null | undefined; level?: number | undefined; class?: string | undefined; race?: string | undefined; alignment?: string | undefined; ... 10 more ...; updatedAt?: Date | undefined; }'. Did you mean 'feats'?
src/store/entities/character/slices/core.ts(82,53): error TS2551: Property 'fears' does not exist on type 'Partial<CharacterBase>'. Did you mean 'feats'?
src/store/entities/character/slices/core.ts(85,16): error TS2339: Property 'beliefs' does not exist on type 'Partial<CharacterBase>'.
src/store/entities/character/slices/core.ts(85,42): error TS2339: Property 'beliefs' does not exist on type 'Partial<CharacterBase>'.
src/store/entities/character/slices/core.ts(86,22): error TS2339: Property 'beliefs' does not exist on type '{ id?: string | undefined; name?: string | undefined; description?: string | null | undefined; level?: number | undefined; class?: string | undefined; race?: string | undefined; alignment?: string | undefined; ... 10 more ...; updatedAt?: Date | undefined; }'.
src/store/entities/character/slices/core.ts(86,55): error TS2339: Property 'beliefs' does not exist on type 'Partial<CharacterBase>'.
src/store/entities/character/slices/core.ts(89,16): error TS2339: Property 'personality' does not exist on type 'Partial<CharacterBase>'.
src/store/entities/character/slices/core.ts(89,46): error TS2339: Property 'personality' does not exist on type 'Partial<CharacterBase>'.
src/store/entities/character/slices/core.ts(90,22): error TS2339: Property 'personality' does not exist on type '{ id?: string | undefined; name?: string | undefined; description?: string | null | undefined; level?: number | undefined; class?: string | undefined; race?: string | undefined; alignment?: string | undefined; ... 10 more ...; updatedAt?: Date | undefined; }'.
src/store/entities/character/slices/core.ts(90,59): error TS2339: Property 'personality' does not exist on type 'Partial<CharacterBase>'.
src/store/entities/character/slices/core.ts(163,47): error TS2345: Argument of type 'number | true | JsonObject | JsonArray' is not assignable to parameter of type 'string | Record<string, any> | undefined'.
  Type 'number' is not assignable to type 'string | Record<string, any> | undefined'.
src/store/entities/character/slices/core.ts(166,15): error TS2339: Property 'filters' does not exist on type 'Partial<CharacterBase>'.
src/store/entities/character/slices/core.ts(166,38): error TS2339: Property 'filters' does not exist on type 'Partial<CharacterBase>'.
src/store/entities/character/slices/core.ts(167,24): error TS2339: Property 'filters' does not exist on type '{ id?: string | undefined; name?: string | undefined; description?: string | null | undefined; level?: number | undefined; class?: string | undefined; race?: string | undefined; alignment?: string | undefined; ... 10 more ...; updatedAt?: Date | undefined; }'.
src/store/entities/character/slices/core.ts(167,54): error TS2339: Property 'filters' does not exist on type 'Partial<CharacterBase>'.
src/store/entities/character/slices/core.ts(170,15): error TS2339: Property 'relationships' does not exist on type 'Partial<CharacterBase>'.
src/store/entities/character/slices/core.ts(170,44): error TS2339: Property 'relationships' does not exist on type 'Partial<CharacterBase>'.
src/store/entities/character/slices/core.ts(171,24): error TS2339: Property 'relationships' does not exist on type '{ id?: string | undefined; name?: string | undefined; description?: string | null | undefined; level?: number | undefined; class?: string | undefined; race?: string | undefined; alignment?: string | undefined; ... 10 more ...; updatedAt?: Date | undefined; }'.
src/store/entities/character/slices/core.ts(171,60): error TS2339: Property 'relationships' does not exist on type 'Partial<CharacterBase>'.
src/store/entities/character/slices/core.ts(177,6): error TS2322: Type '{ id: string; name: string; description: string | null; level: number; class: string; race: string; alignment: string; backstory: string | null; stats: string | number | boolean | Record<string, any> | JsonArray | null; ... 37 more ...; groups?: unknown[] | undefined; }' is not assignable to type 'CharacterExtended'.
  Types of property 'stats' are incompatible.
    Type 'string | number | boolean | Record<string, any> | JsonArray | null' is not assignable to type 'Record<string, any>'.
      Type 'null' is not assignable to type 'Record<string, any>'.
src/store/entities/character/slices/core.ts(328,7): error TS2345: Argument of type '(state: CharacterState & CharacterCoreSlice) => (CharacterState & CharacterCoreSlice) | { characters: { ...; }; }' is not assignable to parameter of type '(CharacterState & CharacterCoreSlice) | Partial<CharacterState & CharacterCoreSlice> | ((state: CharacterState & CharacterCoreSlice) => (CharacterState & CharacterCoreSlice) | Partial<...>)'.
  Type '(state: CharacterState & CharacterCoreSlice) => (CharacterState & CharacterCoreSlice) | { characters: { ...; }; }' is not assignable to type '(state: CharacterState & CharacterCoreSlice) => (CharacterState & CharacterCoreSlice) | Partial<CharacterState & CharacterCoreSlice>'.
    Type '(CharacterState & CharacterCoreSlice) | { characters: { [x: string]: CharacterExtended | { relationships: string; updatedAt: Date; ... 44 more ...; feats: JsonValue; }; }; }' is not assignable to type '(CharacterState & CharacterCoreSlice) | Partial<CharacterState & CharacterCoreSlice>'.
      Type '{ characters: { [x: string]: CharacterExtended | { relationships: string; updatedAt: Date; stats: Record<string, any>; goals: string[]; fears: string[]; beliefs: string[]; ... 40 more ...; feats: JsonValue; }; }; }' is not assignable to type '(CharacterState & CharacterCoreSlice) | Partial<CharacterState & CharacterCoreSlice>'.
        Type '{ characters: { [x: string]: CharacterExtended | { relationships: string; updatedAt: Date; stats: Record<string, any>; goals: string[]; fears: string[]; beliefs: string[]; ... 40 more ...; feats: JsonValue; }; }; }' is not assignable to type 'Partial<CharacterState & CharacterCoreSlice>'.
          Types of property 'characters' are incompatible.
            Type '{ [x: string]: CharacterExtended | { relationships: string; updatedAt: Date; stats: Record<string, any>; goals: string[]; fears: string[]; beliefs: string[]; personality: string[]; ... 39 more ...; feats: JsonValue; }; }' is not assignable to type 'Record<string, CharacterExtended>'.
              'string' index signatures are incompatible.
                Type 'CharacterExtended | { relationships: string; updatedAt: Date; stats: Record<string, any>; goals: string[]; fears: string[]; beliefs: string[]; personality: string[]; ... 39 more ...; feats: JsonValue; }' is not assignable to type 'CharacterExtended'.
                  Type '{ relationships: string; updatedAt: Date; stats: Record<string, any>; goals: string[]; fears: string[]; beliefs: string[]; personality: string[]; skills: string[]; abilities: string[]; ... 37 more ...; feats: JsonValue; }' is not assignable to type 'CharacterExtended'.
                    Types of property 'relationships' are incompatible.
                      Type 'string' is not assignable to type 'any[]'.
src/store/entities/character/slices/core.ts(379,7): error TS2345: Argument of type '(state: CharacterState & CharacterCoreSlice) => (CharacterState & CharacterCoreSlice) | { characters: { ...; }; }' is not assignable to parameter of type '(CharacterState & CharacterCoreSlice) | Partial<CharacterState & CharacterCoreSlice> | ((state: CharacterState & CharacterCoreSlice) => (CharacterState & CharacterCoreSlice) | Partial<...>)'.
  Type '(state: CharacterState & CharacterCoreSlice) => (CharacterState & CharacterCoreSlice) | { characters: { ...; }; }' is not assignable to type '(state: CharacterState & CharacterCoreSlice) => (CharacterState & CharacterCoreSlice) | Partial<CharacterState & CharacterCoreSlice>'.
    Type '(CharacterState & CharacterCoreSlice) | { characters: { [x: string]: CharacterExtended | { relationships: string; updatedAt: Date; ... 44 more ...; feats: JsonValue; }; }; }' is not assignable to type '(CharacterState & CharacterCoreSlice) | Partial<CharacterState & CharacterCoreSlice>'.
      Type '{ characters: { [x: string]: CharacterExtended | { relationships: string; updatedAt: Date; stats: Record<string, any>; goals: string[]; fears: string[]; beliefs: string[]; ... 40 more ...; feats: JsonValue; }; }; }' is not assignable to type '(CharacterState & CharacterCoreSlice) | Partial<CharacterState & CharacterCoreSlice>'.
        Type '{ characters: { [x: string]: CharacterExtended | { relationships: string; updatedAt: Date; stats: Record<string, any>; goals: string[]; fears: string[]; beliefs: string[]; ... 40 more ...; feats: JsonValue; }; }; }' is not assignable to type 'Partial<CharacterState & CharacterCoreSlice>'.
          Types of property 'characters' are incompatible.
            Type '{ [x: string]: CharacterExtended | { relationships: string; updatedAt: Date; stats: Record<string, any>; goals: string[]; fears: string[]; beliefs: string[]; personality: string[]; ... 39 more ...; feats: JsonValue; }; }' is not assignable to type 'Record<string, CharacterExtended>'.
              'string' index signatures are incompatible.
                Type 'CharacterExtended | { relationships: string; updatedAt: Date; stats: Record<string, any>; goals: string[]; fears: string[]; beliefs: string[]; personality: string[]; ... 39 more ...; feats: JsonValue; }' is not assignable to type 'CharacterExtended'.
                  Type '{ relationships: string; updatedAt: Date; stats: Record<string, any>; goals: string[]; fears: string[]; beliefs: string[]; personality: string[]; skills: string[]; abilities: string[]; ... 37 more ...; feats: JsonValue; }' is not assignable to type 'CharacterExtended'.
                    Types of property 'relationships' are incompatible.
                      Type 'string' is not assignable to type 'any[]'.
src/store/entities/character/slices/core.ts(421,42): error TS18046: 'group' is of type 'unknown'.
src/store/entities/character/slices/core.ts(432,49): error TS18046: 'property' is of type 'unknown'.
src/store/entities/character/slices/core.ts(442,32): error TS2339: Property 'wildcards' does not exist on type 'CharacterExtended'.
src/store/entities/character/slices/core.ts(443,20): error TS2339: Property 'wildcards' does not exist on type 'CharacterExtended'.
src/store/entities/character/slices/core.ts(443,35): error TS7006: Parameter 'wildcard' implicitly has an 'any' type.
src/store/entities/character/slices/core.ts(457,34): error TS18046: 'g' is of type 'unknown'.
src/store/entities/character/slices/core.ts(487,46): error TS18046: 'g' is of type 'unknown'.
src/store/entities/character/slices/core.ts(506,38): error TS18046: 'p' is of type 'unknown'.
src/store/entities/character/slices/core.ts(536,54): error TS18046: 'p' is of type 'unknown'.
src/store/entities/character/slices/core.ts(554,39): error TS2339: Property 'wildcards' does not exist on type 'CharacterExtended'.
src/store/entities/character/slices/core.ts(555,31): error TS7006: Parameter 'w' implicitly has an 'any' type.
src/store/entities/character/slices/core.ts(578,33): error TS2339: Property 'wildcards' does not exist on type 'CharacterExtended'.
src/store/entities/character/slices/core.ts(585,28): error TS2339: Property 'wildcards' does not exist on type 'CharacterExtended'.
src/store/entities/character/slices/core.ts(585,46): error TS7006: Parameter 'w' implicitly has an 'any' type.
src/store/entities/character/slices/core.ts(621,13): error TS2339: Property 'wildcards' does not exist on type '{ stats: Record<string, any>; relationships: any[]; goals: string[]; fears: string[]; beliefs: string[]; personality: string[]; skills: string[]; abilities: string[]; filters: Record<string, any>; ... 37 more ...; feats: JsonValue; }'.
src/store/entities/character/slices/filters.ts(8,2): error TS2305: Module '"@/types/entities/character"' has no exported member 'CharacterAlignment'.
src/store/entities/character/slices/filters.ts(9,2): error TS2724: '"@/types/entities/character"' has no exported member named 'CharacterCategory'. Did you mean 'CharacterCard'?
src/store/entities/character/slices/filters.ts(10,2): error TS2724: '"@/types/entities/character"' has no exported member named 'CharacterClass'. Did you mean 'CharacterCard'?
src/store/entities/character/slices/filters.ts(12,2): error TS2724: '"@/types/entities/character"' has no exported member named 'CharacterFilter'. Did you mean 'CharacterFilters'?
src/store/entities/character/slices/filters.ts(13,2): error TS2724: '"@/types/entities/character"' has no exported member named 'CharacterRace'. Did you mean 'Character'?
src/store/entities/character/slices/filters.ts(14,2): error TS2724: '"@/types/entities/character"' has no exported member named 'CharacterSortOption'. Did you mean 'CharacterSearchOptions'?
src/store/entities/character/slices/filters.ts(289,22): error TS2339: Property 'category' does not exist on type 'CharacterExtended'.
src/store/entities/character/slices/filters.ts(338,21): error TS2339: Property 'category' does not exist on type 'CharacterExtended'.
src/store/entities/character/slices/ui.ts(87,32): error TS2339: Property 'isHovered' does not exist on type 'CharacterExtended'.
src/store/entities/character/slices/ui.ts(90,8): error TS2353: Object literal may only specify known properties, and 'isHovered' does not exist in type 'CharacterExtended'.
src/store/entities/character/slices/ui.ts(99,7): error TS2353: Object literal may only specify known properties, and 'isHovered' does not exist in type 'CharacterExtended'.
src/store/entities/character/slices/ui.ts(126,6): error TS2353: Object literal may only specify known properties, and 'isOpen' does not exist in type 'CharacterExtended'.
src/store/entities/character/slices/ui.ts(153,6): error TS2353: Object literal may only specify known properties, and 'isOpen' does not exist in type 'CharacterExtended'.
src/store/entities/character/slices/ui.ts(180,6): error TS2353: Object literal may only specify known properties, and 'isOpen' does not exist in type 'CharacterExtended'.
src/store/entities/character/slices/ui.ts(200,6): error TS2353: Object literal may only specify known properties, and 'isOpen' does not exist in type 'CharacterExtended'.
src/store/entities/character/types.ts(7,2): error TS2305: Module '"@/types/entities/character"' has no exported member 'CharacterAlignment'.
src/store/entities/character/types.ts(9,2): error TS2724: '"@/types/entities/character"' has no exported member named 'CharacterCategory'. Did you mean 'CharacterCard'?
src/store/entities/character/types.ts(10,2): error TS2724: '"@/types/entities/character"' has no exported member named 'CharacterClass'. Did you mean 'CharacterCard'?
src/store/entities/character/types.ts(12,2): error TS2724: '"@/types/entities/character"' has no exported member named 'CharacterFilter'. Did you mean 'CharacterFilters'?
src/store/entities/character/types.ts(13,2): error TS2724: '"@/types/entities/character"' has no exported member named 'CharacterRace'. Did you mean 'Character'?
src/store/entities/character/types.ts(14,2): error TS2724: '"@/types/entities/character"' has no exported member named 'CharacterSortOption'. Did you mean 'CharacterSearchOptions'?
src/store/entities/collection/index.ts(70,52): error TS2339: Property 'id' does not exist on type 'CollectionExtended'.
src/store/entities/collection/slices/core.ts(56,60): error TS2339: Property 'id' does not exist on type 'CollectionExtended'.
src/store/entities/collection/slices/core.ts(66,36): error TS2339: Property 'id' does not exist on type 'CollectionExtended'.
src/store/entities/collection/slices/core.ts(83,16): error TS2339: Property 'id' does not exist on type 'CollectionExtended'.
src/store/entities/collection/slices/core.ts(90,69): error TS2339: Property 'id' does not exist on type 'CollectionExtended'.
src/store/entities/collection/slices/filters.ts(7,35): error TS2305: Module '"@/types/entities/collection"' has no exported member 'CollectionFilter'.
src/store/entities/collection/slices/filters.ts(50,56): error TS2339: Property 'category' does not exist on type 'CollectionExtended'.
src/store/entities/collection/slices/filters.ts(57,56): error TS2339: Property 'rarity' does not exist on type 'CollectionExtended'.
src/store/entities/collection/slices/filters.ts(64,29): error TS2339: Property 'price' does not exist on type 'CollectionExtended'.
src/store/entities/collection/slices/filters.ts(78,16): error TS2339: Property 'name' does not exist on type 'CollectionExtended'.
src/store/entities/collection/slices/filters.ts(78,64): error TS2339: Property 'description' does not exist on type 'CollectionExtended'.
src/store/entities/collection/slices/ui.ts(103,27): error TS2339: Property 'id' does not exist on type 'CollectionExtended'.
src/store/entities/collection/slices/ui.ts(112,24): error TS2339: Property 'id' does not exist on type 'CollectionExtended'.
src/store/entities/collection/slices/ui.ts(120,16): error TS2339: Property 'id' does not exist on type 'CollectionExtended'.
src/store/entities/collection/slices/ui.ts(128,16): error TS2339: Property 'id' does not exist on type 'CollectionExtended'.
src/store/entities/concept/slices/core.ts(4,68): error TS2724: '"@/types/entities/concept"' has no exported member named 'ConceptWithStats'. Did you mean 'ConceptStatus'?
src/store/entities/concept/types.ts(1,52): error TS2306: File 'D:/DEV/image-manager/src/types/entities/concept/base.ts' is not a module.
src/store/entities/favorite/index.ts(14,54): error TS2307: Cannot find module './api.slice' or its corresponding type declarations.
src/store/entities/favorite/slices/core.slice.ts(8,10): error TS2305: Module '"@/types/entities/favorite"' has no exported member 'FavoriteExtended'.
src/store/entities/favorite/slices/core.slice.ts(62,8): error TS7006: Parameter 'state' implicitly has an 'any' type.
src/store/entities/favorite/slices/core.slice.ts(69,8): error TS7006: Parameter 'state' implicitly has an 'any' type.
src/store/entities/favorite/slices/core.slice.ts(70,39): error TS7006: Parameter 'favorite' implicitly has an 'any' type.
src/store/entities/favorite/slices/core.slice.ts(76,8): error TS7006: Parameter 'state' implicitly has an 'any' type.
src/store/entities/favorite/slices/core.slice.ts(77,36): error TS7006: Parameter 'favorite' implicitly has an 'any' type.
src/store/entities/favorite/slices/core.slice.ts(90,40): error TS7006: Parameter 'favorite' implicitly has an 'any' type.
src/store/entities/favorite/slices/filters.slice.ts(8,10): error TS2305: Module '"@/types/entities/favorite"' has no exported member 'FavoriteExtended'.
src/store/entities/favorite/slices/filters.slice.ts(90,8): error TS7006: Parameter 'state' implicitly has an 'any' type.
src/store/entities/favorite/slices/ui.slice.ts(54,8): error TS7006: Parameter 'state' implicitly has an 'any' type.
src/store/entities/favorite/slices/ui.slice.ts(61,8): error TS7006: Parameter 'state' implicitly has an 'any' type.
src/store/entities/favorite/slices/ui.slice.ts(68,8): error TS7006: Parameter 'state' implicitly has an 'any' type.
src/store/entities/favorite/slices/ui.slice.ts(69,43): error TS7006: Parameter 'selectedId' implicitly has an 'any' type.
src/store/entities/favorite/slices/ui.slice.ts(84,39): error TS7006: Parameter 'favorite' implicitly has an 'any' type.
src/store/entities/favorite/types.ts(6,10): error TS2305: Module '"@/types/entities/favorite"' has no exported member 'FavoriteExtended'.
src/store/entities/file/slices/core.slice.ts(8,47): error TS2306: File 'D:/DEV/image-manager/src/types/entities/file/base.ts' is not a module.
src/store/entities/file/slices/core.slice.ts(9,10): error TS2305: Module '"@/types/entities/file/extended"' has no exported member 'EnhancedFile'.
src/store/entities/file/slices/filters.slice.ts(8,35): error TS2306: File 'D:/DEV/image-manager/src/types/entities/file/base.ts' is not a module.
src/store/entities/file/slices/filters.slice.ts(9,10): error TS2305: Module '"@/types/entities/file/extended"' has no exported member 'EnhancedFile'.
src/store/entities/file/slices/ui.slice.ts(200,9): error TS7034: Variable 'breadcrumbs' implicitly has type 'any[]' in some locations where its type cannot be determined.
src/store/entities/file/slices/ui.slice.ts(213,26): error TS7005: Variable 'breadcrumbs' implicitly has an 'any[]' type.
src/store/entities/group/index.ts(8,10): error TS2305: Module '"../../../types/entities/group"' has no exported member 'GroupSortCriteria'.
src/store/entities/group/index.ts(8,29): error TS2305: Module '"../../../types/entities/group"' has no exported member 'GroupViewMode'.
src/store/entities/group/slices/core.ts(16,15): error TS2305: Module '"@/types/entities/group"' has no exported member 'CreateGroupData'.
src/store/entities/group/slices/core.ts(16,32): error TS2305: Module '"@/types/entities/group"' has no exported member 'Group'.
src/store/entities/group/slices/core.ts(16,50): error TS2305: Module '"@/types/entities/group"' has no exported member 'UpdateGroupData'.
src/store/entities/group/slices/core.ts(230,11): error TS2339: Property 'addGroup' does not exist on type 'GroupState'.
src/store/entities/group/slices/core.ts(266,27): error TS2304: Cannot find name 'extendGroups'.
src/store/entities/group/slices/core.ts(267,10): error TS2339: Property 'addGroups' does not exist on type 'GroupState'.
src/store/entities/group/slices/core.ts(308,10): error TS2339: Property 'addGroup' does not exist on type 'GroupState'.
src/store/entities/group/slices/core.ts(347,10): error TS2339: Property 'deleteGroup' does not exist on type 'GroupState'.
src/store/entities/group/slices/filters.ts(8,15): error TS2305: Module '"@/types/entities/group"' has no exported member 'Group'.
src/store/entities/group/slices/filters.ts(8,22): error TS2305: Module '"@/types/entities/group"' has no exported member 'GroupSortCriteria'.
src/store/entities/group/slices/filters.ts(8,41): error TS2305: Module '"@/types/entities/group"' has no exported member 'GroupType'.
src/store/entities/group/slices/filters.ts(127,24): error TS2339: Property 'getGroups' does not exist on type 'GroupState'.
src/store/entities/group/slices/filters.ts(128,16): error TS2339: Property 'applySort' does not exist on type 'GroupState'.
src/store/entities/group/slices/filters.ts(128,32): error TS2339: Property 'applyFilters' does not exist on type 'GroupState'.
src/store/entities/group/slices/filters.ts(185,9): error TS1361: 'GroupSortCriteria' cannot be used as a value because it was imported using 'import type'.
src/store/entities/group/slices/filters.ts(187,9): error TS1361: 'GroupSortCriteria' cannot be used as a value because it was imported using 'import type'.
src/store/entities/group/slices/filters.ts(189,9): error TS1361: 'GroupSortCriteria' cannot be used as a value because it was imported using 'import type'.
src/store/entities/group/slices/filters.ts(191,9): error TS1361: 'GroupSortCriteria' cannot be used as a value because it was imported using 'import type'.
src/store/entities/group/slices/filters.ts(193,9): error TS1361: 'GroupSortCriteria' cannot be used as a value because it was imported using 'import type'.
src/store/entities/group/slices/filters.ts(195,9): error TS1361: 'GroupSortCriteria' cannot be used as a value because it was imported using 'import type'.
src/store/entities/group/slices/filters.ts(197,9): error TS1361: 'GroupSortCriteria' cannot be used as a value because it was imported using 'import type'.
src/store/entities/group/slices/filters.ts(199,9): error TS1361: 'GroupSortCriteria' cannot be used as a value because it was imported using 'import type'.
src/store/entities/group/slices/ui.ts(8,15): error TS2305: Module '"@/types/entities/group"' has no exported member 'GroupDisplayState'.
src/store/entities/group/slices/ui.ts(8,34): error TS2305: Module '"@/types/entities/group"' has no exported member 'GroupViewMode'.
src/store/entities/group/types.ts(7,2): error TS2305: Module '"@/types/entities/group/types"' has no exported member 'Group'.
src/store/entities/group/types.ts(8,2): error TS2305: Module '"@/types/entities/group/types"' has no exported member 'GroupDisplayState'.
src/store/entities/group/types.ts(9,2): error TS2305: Module '"@/types/entities/group/types"' has no exported member 'GroupSortCriteria'.
src/store/entities/group/types.ts(10,2): error TS2305: Module '"@/types/entities/group/types"' has no exported member 'GroupType'.
src/store/entities/group/types.ts(11,2): error TS2305: Module '"@/types/entities/group/types"' has no exported member 'GroupViewMode'.
src/store/entities/image/index.ts(8,10): error TS2305: Module '"../../../types/entities/image"' has no exported member 'ImageSortCriteria'.
src/store/entities/image/index.ts(8,29): error TS2305: Module '"../../../types/entities/image"' has no exported member 'ImageViewMode'.
src/store/entities/image/index.ts(18,7): error TS2741: Property 'grouping' is missing in type '{ core: { images: {}; isLoading: false; error: null; lastUpdated: null; }; ui: { selectedIds: never[]; viewMode: any; isViewerOpen: false; currentImageId: null; highlightedId: null; expandedIds: never[]; }; filters: { ...; }; }' but required in type 'ImageState'.
src/store/entities/image/index.ts(53,29): error TS2345: Argument of type '{ (partial: ImageStore | Partial<ImageStore> | ((state: ImageStore) => ImageStore | Partial<ImageStore>), replace?: false | undefined, action?: Action | undefined): void; (state: ImageStore | ((state: ImageStore) => ImageStore), replace: true, action?: Action | undefined): void; }' is not assignable to parameter of type '{ (partial: ImageState | Partial<ImageState> | ((state: ImageState) => ImageState | Partial<ImageState>), replace?: false | undefined): void; (state: ImageState | ((state: ImageState) => ImageState), replace: true): void; }'.
  Types of parameters 'partial' and 'partial' are incompatible.
    Type 'ImageState | Partial<ImageState> | ((state: ImageState) => ImageState | Partial<ImageState>)' is not assignable to type 'ImageStore | Partial<ImageStore> | ((state: ImageStore) => ImageStore | Partial<ImageStore>)'.
      Type 'ImageState' is not assignable to type 'ImageStore | Partial<ImageStore> | ((state: ImageStore) => ImageStore | Partial<ImageStore>)'.
        Type 'ImageState' is not assignable to type 'Partial<ImageStore>'.
          The types of 'filters.dateRange' are incompatible between these types.
            Type '{ from: Date | null; to: Date | null; }' has no properties in common with type '{ start?: Date | undefined; end?: Date | undefined; }'.
src/store/entities/image/index.ts(54,27): error TS2345: Argument of type '{ (partial: ImageStore | Partial<ImageStore> | ((state: ImageStore) => ImageStore | Partial<ImageStore>), replace?: false | undefined, action?: Action | undefined): void; (state: ImageStore | ((state: ImageStore) => ImageStore), replace: true, action?: Action | undefined): void; }' is not assignable to parameter of type '{ (partial: ImageState | Partial<ImageState> | ((state: ImageState) => ImageState | Partial<ImageState>), replace?: false | undefined): void; (state: ImageState | ((state: ImageState) => ImageState), replace: true): void; }'.
  Types of parameters 'partial' and 'partial' are incompatible.
    Type 'ImageState | Partial<ImageState> | ((state: ImageState) => ImageState | Partial<ImageState>)' is not assignable to type 'ImageStore | Partial<ImageStore> | ((state: ImageStore) => ImageStore | Partial<ImageStore>)'.
      Type 'ImageState' is not assignable to type 'ImageStore | Partial<ImageStore> | ((state: ImageStore) => ImageStore | Partial<ImageStore>)'.
        Type 'ImageState' is not assignable to type 'Partial<ImageStore>'.
          The types of 'filters.dateRange' are incompatible between these types.
            Type '{ from: Date | null; to: Date | null; }' has no properties in common with type '{ start?: Date | undefined; end?: Date | undefined; }'.
src/store/entities/image/index.ts(55,32): error TS2345: Argument of type '{ (partial: ImageStore | Partial<ImageStore> | ((state: ImageStore) => ImageStore | Partial<ImageStore>), replace?: false | undefined, action?: Action | undefined): void; (state: ImageStore | ((state: ImageStore) => ImageStore), replace: true, action?: Action | undefined): void; }' is not assignable to parameter of type '{ (partial: ImageState | Partial<ImageState> | ((state: ImageState) => ImageState | Partial<ImageState>), replace?: false | undefined): void; (state: ImageState | ((state: ImageState) => ImageState), replace: true): void; }'.
  Types of parameters 'partial' and 'partial' are incompatible.
    Type 'ImageState | Partial<ImageState> | ((state: ImageState) => ImageState | Partial<ImageState>)' is not assignable to type 'ImageStore | Partial<ImageStore> | ((state: ImageStore) => ImageStore | Partial<ImageStore>)'.
      Type 'ImageState' is not assignable to type 'ImageStore | Partial<ImageStore> | ((state: ImageStore) => ImageStore | Partial<ImageStore>)'.
        Type 'ImageState' is not assignable to type 'Partial<ImageStore>'.
          The types of 'filters.dateRange' are incompatible between these types.
            Type '{ from: Date | null; to: Date | null; }' has no properties in common with type '{ start?: Date | undefined; end?: Date | undefined; }'.
src/store/entities/image/index.ts(61,23): error TS2339: Property 'ui' does not exist on type 'ImageStore'.
src/store/entities/image/index.ts(64,29): error TS2339: Property 'sortBy' does not exist on type 'ImageFilters'.
src/store/entities/image/slices/core.test.ts(7,17): error TS2554: Expected 3 arguments, but got 2.
src/store/entities/image/slices/core.ts(15,32): error TS2305: Module '"@/types/entities/image"' has no exported member 'Image'.
src/store/entities/image/slices/core.ts(201,11): error TS2339: Property 'setLoading' does not exist on type 'ImageState'.
src/store/entities/image/slices/core.ts(201,23): error TS2339: Property 'setError' does not exist on type 'ImageState'.
src/store/entities/image/slices/core.ts(201,33): error TS2339: Property 'addImage' does not exist on type 'ImageState'.
src/store/entities/image/slices/core.ts(219,11): error TS2339: Property 'setLoading' does not exist on type 'ImageState'.
src/store/entities/image/slices/core.ts(219,23): error TS2339: Property 'setError' does not exist on type 'ImageState'.
src/store/entities/image/slices/core.ts(219,33): error TS2339: Property 'addImages' does not exist on type 'ImageState'.
src/store/entities/image/slices/core.ts(219,44): error TS2339: Property 'clearImages' does not exist on type 'ImageState'.
src/store/entities/image/slices/core.ts(229,35): error TS2559: Type '{ folderIds?: string[] | undefined; refresh?: boolean | undefined; }' has no properties in common with type 'GetImagesOptions'.
src/store/entities/image/slices/core.ts(242,11): error TS2339: Property 'setLoading' does not exist on type 'ImageState'.
src/store/entities/image/slices/core.ts(242,23): error TS2339: Property 'setError' does not exist on type 'ImageState'.
src/store/entities/image/slices/core.ts(242,33): error TS2339: Property 'addImage' does not exist on type 'ImageState'.
src/store/entities/image/slices/core.ts(247,33): error TS2345: Argument of type 'ImageBase' is not assignable to parameter of type 'ImageComplete'.
  Property 'folder' is missing in type 'ImageBase' but required in type 'ImageComplete'.
src/store/entities/image/slices/core.ts(260,11): error TS2339: Property 'setLoading' does not exist on type 'ImageState'.
src/store/entities/image/slices/core.ts(260,23): error TS2339: Property 'setError' does not exist on type 'ImageState'.
src/store/entities/image/slices/core.ts(260,33): error TS2339: Property 'deleteImage' does not exist on type 'ImageState'.
src/store/entities/image/slices/filters.ts(36,7): error TS2345: Argument of type '(state: ImageState) => { filters: { search?: string | undefined; folders?: string[] | undefined; tags?: string[] | undefined; dateRange: { start?: Date | undefined; end?: Date | undefined; } | { ...; }; ... 16 more ...; filterPublic: boolean; }; }' is not assignable to parameter of type 'ImageState | Partial<ImageState> | ((state: ImageState) => ImageState | Partial<ImageState>)'.
  Type '(state: ImageState) => { filters: { search?: string | undefined; folders?: string[] | undefined; tags?: string[] | undefined; dateRange: { start?: Date | undefined; end?: Date | undefined; } | { ...; }; ... 16 more ...; filterPublic: boolean; }; }' is not assignable to type '(state: ImageState) => ImageState | Partial<ImageState>'.
    Type '{ filters: { search?: string | undefined; folders?: string[] | undefined; tags?: string[] | undefined; dateRange: { start?: Date; end?: Date; } | { from: Date | null; to: Date | null; }; isFavorite?: boolean | undefined; minWidth?: number | undefined; maxWidth?: number | undefined; ... 13 more ...; filterPublic: boo...' is not assignable to type 'ImageState | Partial<ImageState>'.
      Type '{ filters: { search?: string | undefined; folders?: string[] | undefined; tags?: string[] | undefined; dateRange: { start?: Date; end?: Date; } | { from: Date | null; to: Date | null; }; isFavorite?: boolean | undefined; minWidth?: number | undefined; maxWidth?: number | undefined; ... 13 more ...; filterPublic: boo...' is not assignable to type 'Partial<ImageState>'.
        The types of 'filters.dateRange' are incompatible between these types.
          Type '{ start?: Date | undefined; end?: Date | undefined; } | { from: Date | null; to: Date | null; }' is not assignable to type '{ from: Date | null; to: Date | null; }'.
            Type '{ start?: Date | undefined; end?: Date | undefined; }' is missing the following properties from type '{ from: Date | null; to: Date | null; }': from, to
src/store/entities/image/slices/filters.ts(45,9): error TS2551: Property 'setFilters' does not exist on type 'ImageState'. Did you mean 'filters'?
src/store/entities/image/slices/filters.ts(49,9): error TS2551: Property 'setFilters' does not exist on type 'ImageState'. Did you mean 'filters'?
src/store/entities/image/slices/filters.ts(56,33): error TS2339: Property 'folders' does not exist on type 'ImageFiltersState'.
src/store/entities/image/slices/filters.ts(65,29): error TS2339: Property 'folders' does not exist on type 'ImageFiltersState'.
src/store/entities/image/slices/filters.ts(65,52): error TS7006: Parameter 'id' implicitly has an 'any' type.
src/store/entities/image/slices/filters.ts(71,9): error TS2551: Property 'setFilters' does not exist on type 'ImageState'. Did you mean 'filters'?
src/store/entities/image/slices/filters.ts(78,30): error TS2339: Property 'tags' does not exist on type 'ImageFiltersState'.
src/store/entities/image/slices/filters.ts(87,26): error TS2339: Property 'tags' does not exist on type 'ImageFiltersState'.
src/store/entities/image/slices/filters.ts(87,46): error TS7006: Parameter 't' implicitly has an 'any' type.
src/store/entities/image/slices/filters.ts(93,9): error TS2551: Property 'setFilters' does not exist on type 'ImageState'. Did you mean 'filters'?
src/store/entities/image/slices/filters.ts(100,32): error TS2339: Property 'isFavorite' does not exist on type 'ImageFiltersState'.
src/store/entities/image/slices/filters.ts(112,5): error TS2322: Type 'undefined' is not assignable to type '{ from: Date | null; to: Date | null; }'.
src/store/entities/image/slices/filters.ts(130,15): error TS2339: Property 'search' does not exist on type 'ImageFiltersState'.
src/store/entities/image/slices/filters.ts(131,31): error TS2339: Property 'search' does not exist on type 'ImageFiltersState'.
src/store/entities/image/slices/filters.ts(139,15): error TS2339: Property 'isFavorite' does not exist on type 'ImageFiltersState'.
src/store/entities/image/slices/filters.ts(143,15): error TS2339: Property 'folders' does not exist on type 'ImageFiltersState'.
src/store/entities/image/slices/filters.ts(143,34): error TS2339: Property 'folders' does not exist on type 'ImageFiltersState'.
src/store/entities/image/slices/filters.ts(144,38): error TS2339: Property 'folders' does not exist on type 'ImageFiltersState'.
src/store/entities/image/slices/filters.ts(148,26): error TS2339: Property 'start' does not exist on type '{ from: Date | null; to: Date | null; }'.
src/store/entities/image/slices/filters.ts(149,40): error TS2339: Property 'start' does not exist on type '{ from: Date | null; to: Date | null; }'.
src/store/entities/image/slices/filters.ts(153,26): error TS2339: Property 'end' does not exist on type '{ from: Date | null; to: Date | null; }'.
src/store/entities/image/slices/filters.ts(154,38): error TS2339: Property 'end' does not exist on type '{ from: Date | null; to: Date | null; }'.
src/store/entities/image/slices/filters.ts(158,15): error TS2339: Property 'minWidth' does not exist on type 'ImageFiltersState'.
src/store/entities/image/slices/filters.ts(159,61): error TS2339: Property 'minWidth' does not exist on type 'ImageFiltersState'.
src/store/entities/image/slices/filters.ts(161,15): error TS2339: Property 'maxWidth' does not exist on type 'ImageFiltersState'.
src/store/entities/image/slices/filters.ts(162,61): error TS2339: Property 'maxWidth' does not exist on type 'ImageFiltersState'.
src/store/entities/image/slices/filters.ts(164,21): error TS2339: Property 'minHeight' does not exist on type 'ImageFiltersState'.
src/store/entities/image/slices/filters.ts(165,62): error TS2339: Property 'minHeight' does not exist on type 'ImageFiltersState'.
src/store/entities/image/slices/filters.ts(167,21): error TS2339: Property 'maxHeight' does not exist on type 'ImageFiltersState'.
src/store/entities/image/slices/filters.ts(168,62): error TS2339: Property 'maxHeight' does not exist on type 'ImageFiltersState'.
src/store/entities/image/slices/filters.ts(170,21): error TS2339: Property 'minSize' does not exist on type 'ImageFiltersState'.
src/store/entities/image/slices/filters.ts(171,69): error TS2339: Property 'minSize' does not exist on type 'ImageFiltersState'.
src/store/entities/image/slices/filters.ts(173,21): error TS2339: Property 'maxSize' does not exist on type 'ImageFiltersState'.
src/store/entities/image/slices/filters.ts(174,69): error TS2339: Property 'maxSize' does not exist on type 'ImageFiltersState'.
src/store/entities/image/slices/ui.ts(7,15): error TS2305: Module '"../../../../types/entities/image"' has no exported member 'ImageViewMode'.
src/store/entities/image/types.ts(6,15): error TS2305: Module '"../../../types/entities/image"' has no exported member 'Image'.
src/store/entities/image/types.ts(6,37): error TS2305: Module '"../../../types/entities/image"' has no exported member 'ImageSortCriteria'.
src/store/entities/image/types.ts(6,56): error TS2305: Module '"../../../types/entities/image"' has no exported member 'ImageViewMode'.
src/store/entities/metadata/slices/core.slice.test.ts(7,17): error TS2554: Expected 3 arguments, but got 2.
src/store/entities/metadata/slices/core.slice.ts(59,13): error TS2339: Property 'id' does not exist on type 'MetadataExtended'.
src/store/entities/metadata/slices/core.slice.ts(66,60): error TS2339: Property 'id' does not exist on type 'MetadataExtended'.
src/store/entities/metadata/slices/filters.slice.ts(93,49): error TS2339: Property 'format' does not exist on type 'MetadataExtended'.
src/store/entities/metadata/slices/filters.slice.ts(99,57): error TS2339: Property 'width' does not exist on type 'MetadataExtended'.
src/store/entities/metadata/slices/filters.slice.ts(102,57): error TS2339: Property 'width' does not exist on type 'MetadataExtended'.
src/store/entities/metadata/slices/filters.slice.ts(105,58): error TS2339: Property 'height' does not exist on type 'MetadataExtended'.
src/store/entities/metadata/slices/filters.slice.ts(108,58): error TS2339: Property 'height' does not exist on type 'MetadataExtended'.
src/store/entities/metadata/slices/filters.slice.ts(113,56): error TS2339: Property 'size' does not exist on type 'MetadataExtended'.
src/store/entities/metadata/slices/filters.slice.ts(116,56): error TS2339: Property 'size' does not exist on type 'MetadataExtended'.
src/store/entities/metadata/slices/filters.slice.ts(122,19): error TS2339: Property 'colorSpace' does not exist on type 'MetadataExtended'.
src/store/entities/metadata/slices/filters.slice.ts(122,77): error TS2339: Property 'colorSpace' does not exist on type 'MetadataExtended'.
src/store/entities/metadata/slices/filters.slice.ts(129,18): error TS2339: Property 'hasAlpha' does not exist on type 'MetadataExtended'.
src/store/entities/metadata/slices/filters.slice.ts(138,22): error TS2339: Property 'format' does not exist on type 'MetadataExtended'.
src/store/entities/metadata/slices/filters.slice.ts(140,22): error TS2339: Property 'colorSpace' does not exist on type 'MetadataExtended'.
src/store/entities/metadata/slices/filters.slice.ts(163,28): error TS7053: Element implicitly has an 'any' type because expression of type '"createdAt" | "updatedAt"' can't be used to index type 'MetadataExtended'.
  Property 'createdAt' does not exist on type 'MetadataExtended'.
src/store/entities/metadata/slices/filters.slice.ts(163,60): error TS7053: Element implicitly has an 'any' type because expression of type '"createdAt" | "updatedAt"' can't be used to index type 'MetadataExtended'.
  Property 'createdAt' does not exist on type 'MetadataExtended'.
src/store/entities/metadata/slices/filters.slice.ts(168,19): error TS7053: Element implicitly has an 'any' type because expression of type '"size" | "width" | "height"' can't be used to index type 'MetadataExtended'.
  Property 'size' does not exist on type 'MetadataExtended'.
src/store/entities/metadata/slices/filters.slice.ts(168,31): error TS7053: Element implicitly has an 'any' type because expression of type '"size" | "width" | "height"' can't be used to index type 'MetadataExtended'.
  Property 'size' does not exist on type 'MetadataExtended'.
src/store/entities/metadata/slices/ui.slice.ts(94,62): error TS2339: Property 'id' does not exist on type 'MetadataExtended'.
src/store/entities/note/__tests__/core.test.ts(7,17): error TS2554: Expected 3 arguments, but got 2.
src/store/entities/note/index.ts(20,14): error TS2322: Type '{ addNoteToEntity: (noteId: string, entityId: string, entityType: EntityType) => Promise<void>; removeNoteFromEntity: (noteId: string, entityId: string, entityType: EntityType) => Promise<void>; ... 49 more ...; reset: () => void; }' is not assignable to type 'NoteStore'.
  The types returned by 'loadNotes()' are incompatible between these types.
    Type 'Promise<NoteWithStats[]>' is not assignable to type 'Promise<void>'.
      Type 'NoteWithStats[]' is not assignable to type 'void'.
src/store/entities/note/index.ts(35,7): error TS2339: Property 'loading' does not exist on type 'NoteStore'.
src/store/entities/note/index.ts(46,27): error TS2339: Property 'CURRENT_STORE_VERSION' does not exist on type '{ readonly STORE: "1.0.0"; readonly API: "1.0.0"; readonly SCHEMA: "1.0.0"; readonly CACHE: "1.0.0"; }'.
src/store/entities/note/index.ts(52,29): error TS2339: Property 'version' does not exist on type 'NoteStore'.
src/store/entities/note/index.ts(56,32): error TS2339: Property 'CURRENT_STORE_VERSION' does not exist on type '{ readonly STORE: "1.0.0"; readonly API: "1.0.0"; readonly SCHEMA: "1.0.0"; readonly CACHE: "1.0.0"; }'.
src/store/entities/note/index.ts(59,36): error TS2339: Property 'CURRENT_STORE_VERSION' does not exist on type '{ readonly STORE: "1.0.0"; readonly API: "1.0.0"; readonly SCHEMA: "1.0.0"; readonly CACHE: "1.0.0"; }'.
src/store/entities/note/slices/core.ts(12,49): error TS2724: '"@/types/entities/note"' has no exported member named 'NoteWithStats'. Did you mean 'NoteStatus'?
src/store/entities/note/slices/filters.ts(3,15): error TS2305: Module '"@/types/entities/note"' has no exported member 'NoteSortOption'.
src/store/entities/note/slices/filters.ts(4,15): error TS2305: Module '"@/types/entities/note/extended"' has no exported member 'NoteFilters'.
src/store/entities/note/slices/filters.ts(129,5): error TS2353: Object literal may only specify known properties, and 'search' does not exist in type 'NoteFilters'.
src/store/entities/note/slices/selection.ts(41,9): error TS2353: Object literal may only specify known properties, and 'selectedNoteId' does not exist in type 'NoteStore | Partial<NoteStore> | ((state: NoteStore) => NoteStore | Partial<NoteStore>)'.
src/store/entities/note/slices/selection.ts(46,9): error TS2353: Object literal may only specify known properties, and 'selectedNoteId' does not exist in type 'NoteStore | Partial<NoteStore> | ((state: NoteStore) => NoteStore | Partial<NoteStore>)'.
src/store/entities/note/slices/selection.ts(51,29): error TS2339: Property 'isMultiSelectMode' does not exist on type 'NoteStore'.
src/store/entities/note/slices/selection.ts(62,5): error TS2353: Object literal may only specify known properties, and 'isMultiSelectMode' does not exist in type 'NoteStore | Partial<NoteStore> | ((state: NoteStore) => NoteStore | Partial<NoteStore>)'.
src/store/entities/note/slices/selection.ts(66,10): error TS2353: Object literal may only specify known properties, and 'isMultiSelectMode' does not exist in type 'NoteStore | Partial<NoteStore> | ((state: NoteStore) => NoteStore | Partial<NoteStore>)'.
src/store/entities/note/slices/selection.ts(71,11): error TS2339: Property 'selectedNoteIds' does not exist on type 'NoteStore'.
src/store/entities/note/slices/selection.ts(79,5): error TS2353: Object literal may only specify known properties, and 'selectedNoteIds' does not exist in type 'NoteStore | Partial<NoteStore> | ((state: NoteStore) => NoteStore | Partial<NoteStore>)'.
src/store/entities/note/slices/selection.ts(79,46): error TS7006: Parameter 'noteId' implicitly has an 'any' type.
src/store/entities/note/slices/selection.ts(84,5): error TS2353: Object literal may only specify known properties, and 'selectedNoteIds' does not exist in type 'NoteStore | Partial<NoteStore> | ((state: NoteStore) => NoteStore | Partial<NoteStore>)'.
src/store/entities/note/slices/selection.ts(96,4): error TS2353: Object literal may only specify known properties, and 'selectedNoteIds' does not exist in type 'NoteStore | Partial<NoteStore> | ((state: NoteStore) => NoteStore | Partial<NoteStore>)'.
src/store/entities/note/slices/selection.ts(103,9): error TS2353: Object literal may only specify known properties, and 'selectedNoteIds' does not exist in type 'NoteStore | Partial<NoteStore> | ((state: NoteStore) => NoteStore | Partial<NoteStore>)'.
src/store/entities/note/slices/selection.ts(109,7): error TS2345: Argument of type '{ selectedNoteId: null; selectedNoteIds: never[]; isMultiSelectMode: boolean; }' is not assignable to parameter of type 'NoteStore | Partial<NoteStore> | ((state: NoteStore) => NoteStore | Partial<NoteStore>)'.
src/store/entities/note/slices/ui.ts(3,10): error TS2305: Module '"@/types/entities/note"' has no exported member 'NoteViewMode'.
src/store/entities/note/types.ts(5,2): error TS2305: Module '"@/types/entities/note"' has no exported member 'NoteSortOption'.
src/store/entities/note/types.ts(7,2): error TS2305: Module '"@/types/entities/note"' has no exported member 'NoteViewMode'.
src/store/entities/note/types.ts(8,2): error TS2724: '"@/types/entities/note"' has no exported member named 'NoteWithStats'. Did you mean 'NoteStatus'?
src/store/entities/place/index.ts(16,17): error TS2322: Type '{ places: never[]; viewConfig: { sortBy: string; sortOrder: string; groupBy: null; filterBy: null; }; selectedPlaceId: null; isLoading: false; error: null; loadPlaces: () => Promise<void>; getPlaceById: (id: string) => any; ... 4 more ...; removeImageFromPlace: (placeId: any, imageId: any) => Promise<...>; }' is not assignable to type 'PlaceStore'.
  Type '{ places: never[]; viewConfig: { sortBy: string; sortOrder: string; groupBy: null; filterBy: null; }; selectedPlaceId: null; isLoading: false; error: null; loadPlaces: () => Promise<void>; getPlaceById: (id: string) => any; ... 4 more ...; removeImageFromPlace: (placeId: any, imageId: any) => Promise<...>; }' is missing the following properties from type 'PlaceCoreSlice': setPlaces, addPlace, updatePlace, removePlace, and 4 more.
src/store/entities/place/index.ts(48,21): error TS2339: Property 'viewConfig' does not exist on type 'PlaceStore'.
src/store/entities/place/index.ts(59,18): error TS7006: Parameter 'placeId' implicitly has an 'any' type.
src/store/entities/place/index.ts(60,11): error TS2353: Object literal may only specify known properties, and 'selectedPlaceId' does not exist in type 'PlaceStore | Partial<PlaceStore> | ((state: PlaceStore) => PlaceStore | Partial<PlaceStore>)'.
src/store/entities/place/index.ts(65,23): error TS7006: Parameter 'config' implicitly has an 'any' type.
src/store/entities/place/index.ts(66,9): error TS2345: Argument of type '(state: PlaceStore) => { viewConfig: any; }' is not assignable to parameter of type 'PlaceStore | Partial<PlaceStore> | ((state: PlaceStore) => PlaceStore | Partial<PlaceStore>)'.
  Type '(state: PlaceStore) => { viewConfig: any; }' is not assignable to type '(state: PlaceStore) => PlaceStore | Partial<PlaceStore>'.
    Type '{ viewConfig: any; }' is not assignable to type 'PlaceStore | Partial<PlaceStore>'.
src/store/entities/place/index.ts(67,29): error TS2339: Property 'viewConfig' does not exist on type 'PlaceStore'.
src/store/entities/place/index.ts(72,28): error TS7006: Parameter 'placeId' implicitly has an 'any' type.
src/store/entities/place/index.ts(72,37): error TS7006: Parameter 'imageId' implicitly has an 'any' type.
src/store/entities/place/index.ts(88,33): error TS7006: Parameter 'placeId' implicitly has an 'any' type.
src/store/entities/place/index.ts(88,42): error TS7006: Parameter 'imageId' implicitly has an 'any' type.
src/store/entities/place/transformers.ts(7,2): error TS2305: Module '"../../../types/entities/place"' has no exported member 'CreatePlaceData'.
src/store/entities/place/transformers.ts(8,2): error TS2305: Module '"../../../types/entities/place"' has no exported member 'ParsedPlaceVisualConfig'.
src/store/entities/place/transformers.ts(9,2): error TS2305: Module '"../../../types/entities/place"' has no exported member 'Place'.
src/store/entities/place/transformers.ts(11,2): error TS2305: Module '"../../../types/entities/place"' has no exported member 'UpdatePlaceData'.
src/store/entities/place/transformers.ts(154,14): error TS2551: Property 'types' does not exist on type 'PlaceFilters'. Did you mean 'type'?
src/store/entities/place/transformers.ts(154,31): error TS2551: Property 'types' does not exist on type 'PlaceFilters'. Did you mean 'type'?
src/store/entities/place/transformers.ts(155,26): error TS2551: Property 'types' does not exist on type 'PlaceFilters'. Did you mean 'type'?
src/store/entities/place/transformers.ts(158,14): error TS2551: Property 'categories' does not exist on type 'PlaceFilters'. Did you mean 'category'?
src/store/entities/place/transformers.ts(158,36): error TS2551: Property 'categories' does not exist on type 'PlaceFilters'. Did you mean 'category'?
src/store/entities/place/transformers.ts(159,31): error TS2551: Property 'categories' does not exist on type 'PlaceFilters'. Did you mean 'category'?
src/store/entities/place/transformers.ts(162,14): error TS2551: Property 'regions' does not exist on type 'PlaceFilters'. Did you mean 'region'?
src/store/entities/place/transformers.ts(162,33): error TS2551: Property 'regions' does not exist on type 'PlaceFilters'. Did you mean 'region'?
src/store/entities/place/transformers.ts(163,28): error TS2551: Property 'regions' does not exist on type 'PlaceFilters'. Did you mean 'region'?
src/store/entities/place/transformers.ts(167,14): error TS2339: Property 'onlyFavorites' does not exist on type 'PlaceFilters'.
src/store/entities/place/transformers.ts(171,21): error TS2339: Property 'minPopulation' does not exist on type 'PlaceFilters'.
src/store/entities/place/transformers.ts(172,34): error TS2339: Property 'minPopulation' does not exist on type 'PlaceFilters'.
src/store/entities/place/transformers.ts(175,21): error TS2339: Property 'maxPopulation' does not exist on type 'PlaceFilters'.
src/store/entities/place/transformers.ts(176,34): error TS2339: Property 'maxPopulation' does not exist on type 'PlaceFilters'.
src/store/entities/place/transformers.ts(180,14): error TS2339: Property 'hasImages' does not exist on type 'PlaceFilters'.
src/store/entities/place/transformers.ts(184,14): error TS2339: Property 'hasNotes' does not exist on type 'PlaceFilters'.
src/store/entities/place/transformers.ts(188,14): error TS2339: Property 'hasConcepts' does not exist on type 'PlaceFilters'.
src/store/entities/place/transformers.ts(192,14): error TS2339: Property 'hasPrompts' does not exist on type 'PlaceFilters'.
src/store/entities/place/types.ts(7,15): error TS2305: Module '"../../../types/entities/place"' has no exported member 'Place'.
src/store/entities/place/types.ts(8,62): error TS2307: Cannot find module '../../../types/entities/place/enums' or its corresponding type declarations.
src/store/entities/place/utils.ts(6,15): error TS2305: Module '"../../../types/entities/place"' has no exported member 'Place'.
src/store/entities/place/utils.ts(49,16): error TS2551: Property 'types' does not exist on type 'PlaceFilters'. Did you mean 'type'?
src/store/entities/place/utils.ts(49,33): error TS2551: Property 'types' does not exist on type 'PlaceFilters'. Did you mean 'type'?
src/store/entities/place/utils.ts(50,33): error TS2551: Property 'types' does not exist on type 'PlaceFilters'. Did you mean 'type'?
src/store/entities/place/utils.ts(54,16): error TS2551: Property 'categories' does not exist on type 'PlaceFilters'. Did you mean 'category'?
src/store/entities/place/utils.ts(54,38): error TS2551: Property 'categories' does not exist on type 'PlaceFilters'. Did you mean 'category'?
src/store/entities/place/utils.ts(55,37): error TS2551: Property 'categories' does not exist on type 'PlaceFilters'. Did you mean 'category'?
src/store/entities/place/utils.ts(59,16): error TS2551: Property 'regions' does not exist on type 'PlaceFilters'. Did you mean 'region'?
src/store/entities/place/utils.ts(59,35): error TS2551: Property 'regions' does not exist on type 'PlaceFilters'. Did you mean 'region'?
src/store/entities/place/utils.ts(60,35): error TS2551: Property 'regions' does not exist on type 'PlaceFilters'. Did you mean 'region'?
src/store/entities/place/utils.ts(64,16): error TS2339: Property 'onlyFavorites' does not exist on type 'PlaceFilters'.
src/store/entities/place/utils.ts(69,23): error TS2339: Property 'minPopulation' does not exist on type 'PlaceFilters'.
src/store/entities/place/utils.ts(69,68): error TS2339: Property 'maxPopulation' does not exist on type 'PlaceFilters'.
src/store/entities/place/utils.ts(71,25): error TS2339: Property 'minPopulation' does not exist on type 'PlaceFilters'.
src/store/entities/place/utils.ts(71,82): error TS2339: Property 'minPopulation' does not exist on type 'PlaceFilters'.
src/store/entities/place/utils.ts(72,25): error TS2339: Property 'maxPopulation' does not exist on type 'PlaceFilters'.
src/store/entities/place/utils.ts(72,82): error TS2339: Property 'maxPopulation' does not exist on type 'PlaceFilters'.
src/store/entities/place/utils.ts(77,16): error TS2339: Property 'hasImages' does not exist on type 'PlaceFilters'.
src/store/entities/place/utils.ts(78,16): error TS2339: Property 'hasNotes' does not exist on type 'PlaceFilters'.
src/store/entities/place/utils.ts(79,16): error TS2339: Property 'hasConcepts' does not exist on type 'PlaceFilters'.
src/store/entities/place/utils.ts(80,16): error TS2339: Property 'hasPrompts' does not exist on type 'PlaceFilters'.
src/store/entities/profile/__tests__/actions.test.ts(2,15): error TS2305: Module '"@/types/entities/profile"' has no exported member 'ProfileExtended'.
src/store/entities/profile/__tests__/actions.test.ts(72,13): error TS2554: Expected 3 arguments, but got 2.
src/store/entities/profile/actions.ts(8,15): error TS2305: Module '"@/types/entities/profile"' has no exported member 'ProfileExtended'.
src/store/entities/profile/actions.ts(8,32): error TS2305: Module '"@/types/entities/profile"' has no exported member 'ProfileFilters'.
src/store/entities/profile/actions.ts(8,48): error TS2305: Module '"@/types/entities/profile"' has no exported member 'ProfilePaginationOptions'.
src/store/entities/profile/actions.ts(77,44): error TS18004: No value exists in scope for the shorthand property 'isLoadingActive'. Either declare one or provide an initializer.
src/store/entities/profile/actions.ts(85,12): error TS2339: Property 'profiles' does not exist on type 'ProfileExtended[]'.
src/store/entities/profile/actions.ts(85,22): error TS2339: Property 'total' does not exist on type 'ProfileExtended[]'.
src/store/entities/profile/profile-store.ts(7,7): error TS2305: Module '"@/types/entities/profile/types"' has no exported member 'PaginatedProfiles'.
src/store/entities/profile/profile-store.ts(8,7): error TS2305: Module '"@/types/entities/profile/types"' has no exported member 'ProfileExtended'.
src/store/entities/profile/profile-store.ts(9,7): error TS2305: Module '"@/types/entities/profile/types"' has no exported member 'ProfileFilters'.
src/store/entities/profile/profile-store.ts(10,7): error TS2305: Module '"@/types/entities/profile/types"' has no exported member 'ProfilePaginationOptions'.
src/store/entities/profile/profile-store.ts(11,7): error TS2305: Module '"@/types/entities/profile/types"' has no exported member 'ProfilePreferences'.
src/store/entities/profile/store.ts(73,8): error TS2554: Expected 3 arguments, but got 2.
src/store/entities/profile/types.ts(6,15): error TS2305: Module '"@/types/entities/profile"' has no exported member 'ProfileExtended'.
src/store/entities/profile/types.ts(6,32): error TS2305: Module '"@/types/entities/profile"' has no exported member 'ProfileFilters'.
src/store/entities/profile/types.ts(6,48): error TS2305: Module '"@/types/entities/profile"' has no exported member 'ProfilePaginationOptions'.
src/store/entities/prompt/slices/core.ts(4,27): error TS2305: Module '"@/types/entities/prompt"' has no exported member 'PromptCreateInput'.
src/store/entities/prompt/slices/core.ts(4,46): error TS2305: Module '"@/types/entities/prompt"' has no exported member 'PromptUpdateInput'.
src/store/entities/prompt/slices/core.ts(4,65): error TS2724: '"@/types/entities/prompt"' has no exported member named 'PromptWithStats'. Did you mean 'PromptStats'?
src/store/entities/prompt/slices/core.ts(35,3): error TS2741: Property 'purpose' is missing in type '{ id: string; name: any; emoji: any; color: any; description: any; content: any; category: any; parameters: any; tags: any; featuredImage: any; isFavorite: any; createdAt: Date; updatedAt: Date; }' but required in type 'PromptBase'.
src/store/entities/prompt/slices/core.ts(54,9): error TS2741: Property 'purpose' is missing in type '{ id: any; name: any; emoji: any; color: any; description: any; content: any; category: any; parameters: any; tags: any; featuredImage: any; isFavorite: any; createdAt: Date; updatedAt: Date; }' but required in type 'PromptBase'.
src/store/entities/prompt/types.ts(2,50): error TS2307: Cannot find module '@/types/entities/prompt/base' or its corresponding type declarations.
src/store/entities/property/slices/core.ts(11,15): error TS2305: Module '"@/types/entities/property"' has no exported member 'CreatePropertyData'.
src/store/entities/property/slices/core.ts(11,35): error TS2305: Module '"@/types/entities/property"' has no exported member 'Property'.
src/store/entities/property/slices/core.ts(11,59): error TS2305: Module '"@/types/entities/property"' has no exported member 'UpdatePropertyData'.
src/store/entities/property/slices/core.ts(216,11): error TS2339: Property 'addProperty' does not exist on type 'PropertyState'.
src/store/entities/property/slices/core.ts(253,10): error TS2339: Property 'addProperties' does not exist on type 'PropertyState'.
src/store/entities/property/slices/core.ts(286,27): error TS2304: Cannot find name 'createProperty'.
src/store/entities/property/slices/core.ts(289,11): error TS2339: Property 'addProperty' does not exist on type 'PropertyState'.
src/store/entities/property/slices/core.ts(325,10): error TS2304: Cannot find name 'deleteProperty'.
src/store/entities/property/slices/core.ts(326,10): error TS2339: Property 'deleteProperty' does not exist on type 'PropertyState'.
src/store/entities/property/slices/core.ts(355,70): error TS2304: Cannot find name 'PropertyWithRelations'.
src/store/entities/property/slices/core.ts(356,38): error TS2304: Cannot find name 'PropertyWithRelations'.
src/store/entities/property/slices/ui.ts(99,28): error TS2339: Property 'isPropertySelected' does not exist on type 'PropertyState'.
src/store/entities/property/slices/ui.ts(103,10): error TS2339: Property 'deselectProperty' does not exist on type 'PropertyState'.
src/store/entities/property/slices/ui.ts(105,10): error TS2339: Property 'selectProperty' does not exist on type 'PropertyState'.
src/store/entities/property/slices/ui.ts(252,10): error TS2339: Property 'collapseProperty' does not exist on type 'PropertyState'.
src/store/entities/property/slices/ui.ts(254,10): error TS2339: Property 'expandProperty' does not exist on type 'PropertyState'.
src/store/entities/property/types.ts(7,2): error TS2305: Module '"../../../types/entities/property"' has no exported member 'Property'.
src/store/entities/property/types.ts(8,2): error TS2305: Module '"../../../types/entities/property"' has no exported member 'PropertyDisplayState'.
src/store/entities/queue-job/slices/core.ts(9,33): error TS2307: Cannot find module '@/services/queue-job.service' or its corresponding type declarations.
src/store/entities/queue-job/slices/core.ts(46,50): error TS2322: Type 'undefined' is not assignable to type 'Error | null'.
src/store/entities/queue-job/slices/core.ts(48,21): error TS2339: Property 'pagination' does not exist on type 'QueueJobState'.
src/store/entities/queue-job/slices/core.ts(55,6): error TS2353: Object literal may only specify known properties, and 'total' does not exist in type 'QueueJobCoreState'.
src/store/entities/queue-job/slices/core.ts(81,50): error TS2322: Type 'undefined' is not assignable to type 'Error | null'.
src/store/entities/queue-job/slices/core.ts(124,7): error TS2353: Object literal may only specify known properties, and 'total' does not exist in type 'QueueJobCoreState'.
src/store/entities/queue-job/slices/core.ts(124,19): error TS2339: Property 'total' does not exist on type 'QueueJobCoreState'.
src/store/entities/queue-job/slices/core.ts(206,6): error TS2353: Object literal may only specify known properties, and 'total' does not exist in type 'QueueJobCoreState'.
src/store/entities/queue-job/slices/core.ts(206,30): error TS2339: Property 'total' does not exist on type 'QueueJobCoreState'.
src/store/entities/queue-job/slices/core.ts(335,5): error TS2322: Type 'undefined' is not assignable to type 'Error | null'.
src/store/entities/tag/selectors.ts(8,45): error TS2307: Cannot find module '@/utils/sort' or its corresponding type declarations.
src/store/entities/tag/slices/core.slice.ts(41,39): error TS2554: Expected 0 arguments, but got 1.
src/store/entities/tag/slices/core.slice.ts(42,25): error TS2339: Property 'items' does not exist on type 'TagWithStats[]'.
src/store/entities/tag/slices/core.ts(8,15): error TS2305: Module '"@/types/entities/tag"' has no exported member 'Tag'.
src/store/entities/tag/slices/core.ts(9,29): error TS2724: '"../types"' has no exported member named 'TagState'. Did you mean 'TagUIState'?
src/store/entities/tag/slices/core.ts(34,3): error TS2353: Object literal may only specify known properties, and 'tags' does not exist in type 'TagCoreState'.
src/store/entities/tag/slices/core.ts(49,16): error TS2339: Property 'items' does not exist on type 'TagWithStats[]'.
src/store/entities/tag/slices/core.ts(50,20): error TS2339: Property 'items' does not exist on type 'TagWithStats[]'.
src/store/entities/tag/slices/core.ts(150,8): error TS7006: Parameter 'state' implicitly has an 'any' type.
src/store/entities/tag/slices/core.ts(164,8): error TS7006: Parameter 'state' implicitly has an 'any' type.
src/store/entities/tag/slices/core.ts(185,8): error TS7006: Parameter 'state' implicitly has an 'any' type.
src/store/entities/tag/slices/core.ts(207,8): error TS7006: Parameter 'state' implicitly has an 'any' type.
src/store/entities/tag/slices/core.ts(222,8): error TS7006: Parameter 'state' implicitly has an 'any' type.
src/store/entities/tag/slices/core.ts(232,8): error TS7006: Parameter 'state' implicitly has an 'any' type.
src/store/entities/tag/slices/core.ts(242,8): error TS7006: Parameter '_state' implicitly has an 'any' type.
src/store/entities/tag/slices/filters.slice.ts(60,49): error TS2339: Property 'rarity' does not exist on type 'TagComplete'.
src/store/entities/tag/slices/filters.ts(9,15): error TS2724: '"../types"' has no exported member named 'TagFiltersState'. Did you mean 'TagFilters'?
src/store/entities/tag/slices/filters.ts(9,32): error TS2724: '"../types"' has no exported member named 'TagState'. Did you mean 'TagUIState'?
src/store/entities/tag/slices/filters.ts(51,8): error TS7006: Parameter 'state' implicitly has an 'any' type.
src/store/entities/tag/slices/filters.ts(61,8): error TS7006: Parameter 'state' implicitly has an 'any' type.
src/store/entities/tag/slices/filters.ts(71,8): error TS7006: Parameter 'state' implicitly has an 'any' type.
src/store/entities/tag/slices/filters.ts(81,8): error TS7006: Parameter 'state' implicitly has an 'any' type.
src/store/entities/tag/slices/filters.ts(91,8): error TS7006: Parameter 'state' implicitly has an 'any' type.
src/store/entities/tag/slices/filters.ts(107,8): error TS7006: Parameter 'state' implicitly has an 'any' type.
src/store/entities/tag/slices/filters.ts(110,50): error TS7006: Parameter 'c' implicitly has an 'any' type.
src/store/entities/tag/slices/filters.ts(117,8): error TS7006: Parameter 'state' implicitly has an 'any' type.
src/store/entities/tag/slices/filters.ts(127,8): error TS7006: Parameter 'state' implicitly has an 'any' type.
src/store/entities/tag/slices/filters.ts(137,8): error TS7006: Parameter 'state' implicitly has an 'any' type.
src/store/entities/tag/slices/filters.ts(153,8): error TS7006: Parameter 'state' implicitly has an 'any' type.
src/store/entities/tag/slices/filters.ts(156,46): error TS7006: Parameter 'r' implicitly has an 'any' type.
src/store/entities/tag/slices/filters.ts(163,8): error TS7006: Parameter 'state' implicitly has an 'any' type.
src/store/entities/tag/slices/filters.ts(173,8): error TS7006: Parameter 'state' implicitly has an 'any' type.
src/store/entities/tag/slices/filters.ts(183,8): error TS7006: Parameter 'state' implicitly has an 'any' type.
src/store/entities/tag/slices/ui.ts(8,15): error TS2724: '"../types"' has no exported member named 'TagState'. Did you mean 'TagUIState'?
src/store/entities/tag/slices/ui.ts(39,2): error TS2739: Type '{ selectedId: null; selectedIds: never[]; expandedIds: never[]; editingId: null; highlightedId: null; viewMode: TagViewMode.LIST; }' is missing the following properties from type 'TagUIState': isCreateModalOpen, isEditModalOpen, isDeleteModalOpen
src/store/entities/tag/slices/ui.ts(52,9): error TS7006: Parameter 'state' implicitly has an 'any' type.
src/store/entities/tag/slices/ui.ts(63,8): error TS7006: Parameter 'state' implicitly has an 'any' type.
src/store/entities/tag/slices/ui.ts(79,8): error TS7006: Parameter 'state' implicitly has an 'any' type.
src/store/entities/tag/slices/ui.ts(86,46): error TS7006: Parameter 'selectedId' implicitly has an 'any' type.
src/store/entities/tag/slices/ui.ts(94,8): error TS7006: Parameter 'state' implicitly has an 'any' type.
src/store/entities/tag/slices/ui.ts(102,36): error TS7006: Parameter 'selectedId' implicitly has an 'any' type.
src/store/entities/tag/slices/ui.ts(111,8): error TS7006: Parameter 'state' implicitly has an 'any' type.
src/store/entities/tag/slices/ui.ts(127,8): error TS7006: Parameter 'state' implicitly has an 'any' type.
src/store/entities/tag/slices/ui.ts(137,8): error TS7006: Parameter 'state' implicitly has an 'any' type.
src/store/entities/tag/slices/ui.ts(152,8): error TS7006: Parameter 'state' implicitly has an 'any' type.
src/store/entities/tag/slices/ui.ts(159,46): error TS7006: Parameter 'expandedId' implicitly has an 'any' type.
src/store/entities/tag/slices/ui.ts(167,8): error TS7006: Parameter 'state' implicitly has an 'any' type.
src/store/entities/tag/slices/ui.ts(175,36): error TS7006: Parameter 'expandedId' implicitly has an 'any' type.
src/store/entities/tag/slices/ui.ts(184,8): error TS7006: Parameter 'state' implicitly has an 'any' type.
src/store/entities/tag/slices/ui.ts(200,8): error TS7006: Parameter 'state' implicitly has an 'any' type.
src/store/entities/tag/slices/ui.ts(210,8): error TS7006: Parameter 'state' implicitly has an 'any' type.
src/store/entities/tag/slices/ui.ts(220,8): error TS7006: Parameter 'state' implicitly has an 'any' type.
src/store/entities/tag/slices/ui.ts(230,8): error TS7006: Parameter 'state' implicitly has an 'any' type.
src/store/entities/task/index.ts(11,57): error TS2307: Cannot find module './slices/core.slice' or its corresponding type declarations.
src/store/entities/task/index.ts(12,66): error TS2307: Cannot find module './slices/filters.slice' or its corresponding type declarations.
src/store/entities/task/index.ts(13,51): error TS2307: Cannot find module './slices/ui.slice' or its corresponding type declarations.
src/store/entities/video/index.ts(68,29): error TS2345: Argument of type '{ (partial: VideoStore | Partial<VideoStore> | ((state: VideoStore) => VideoStore | Partial<VideoStore>), replace?: false | undefined, action?: Action | undefined): void; (state: VideoStore | ((state: VideoStore) => VideoStore), replace: true, action?: Action | undefined): void; }' is not assignable to parameter of type '{ (partial: VideoState | Partial<VideoState> | ((state: VideoState) => VideoState | Partial<VideoState>), replace?: false | undefined): void; (state: VideoState | ((state: VideoState) => VideoState), replace: true): void; }'.
  Types of parameters 'partial' and 'partial' are incompatible.
    Type 'VideoState | Partial<VideoState> | ((state: VideoState) => VideoState | Partial<VideoState>)' is not assignable to type 'VideoStore | Partial<VideoStore> | ((state: VideoStore) => VideoStore | Partial<VideoStore>)'.
      Type 'VideoState' is not assignable to type 'VideoStore | Partial<VideoStore> | ((state: VideoStore) => VideoStore | Partial<VideoStore>)'.
src/store/entities/video/index.ts(69,27): error TS2345: Argument of type '{ (partial: VideoStore | Partial<VideoStore> | ((state: VideoStore) => VideoStore | Partial<VideoStore>), replace?: false | undefined, action?: Action | undefined): void; (state: VideoStore | ((state: VideoStore) => VideoStore), replace: true, action?: Action | undefined): void; }' is not assignable to parameter of type '{ (partial: VideoState | Partial<VideoState> | ((state: VideoState) => VideoState | Partial<VideoState>), replace?: false | undefined): void; (state: VideoState | ((state: VideoState) => VideoState), replace: true): void; }'.
  Types of parameters 'partial' and 'partial' are incompatible.
    Type 'VideoState | Partial<VideoState> | ((state: VideoState) => VideoState | Partial<VideoState>)' is not assignable to type 'VideoStore | Partial<VideoStore> | ((state: VideoStore) => VideoStore | Partial<VideoStore>)'.
      Type 'VideoState' is not assignable to type 'VideoStore | Partial<VideoStore> | ((state: VideoStore) => VideoStore | Partial<VideoStore>)'.
src/store/entities/video/index.ts(70,32): error TS2345: Argument of type '{ (partial: VideoStore | Partial<VideoStore> | ((state: VideoStore) => VideoStore | Partial<VideoStore>), replace?: false | undefined, action?: Action | undefined): void; (state: VideoStore | ((state: VideoStore) => VideoStore), replace: true, action?: Action | undefined): void; }' is not assignable to parameter of type '{ (partial: VideoState | Partial<VideoState> | ((state: VideoState) => VideoState | Partial<VideoState>), replace?: false | undefined): void; (state: VideoState | ((state: VideoState) => VideoState), replace: true): void; }'.
  Types of parameters 'partial' and 'partial' are incompatible.
    Type 'VideoState | Partial<VideoState> | ((state: VideoState) => VideoState | Partial<VideoState>)' is not assignable to type 'VideoStore | Partial<VideoStore> | ((state: VideoStore) => VideoStore | Partial<VideoStore>)'.
      Type 'VideoState' is not assignable to type 'VideoStore | Partial<VideoStore> | ((state: VideoStore) => VideoStore | Partial<VideoStore>)'.
src/store/entities/video/index.ts(71,31): error TS2345: Argument of type '{ (partial: VideoStore | Partial<VideoStore> | ((state: VideoStore) => VideoStore | Partial<VideoStore>), replace?: false | undefined, action?: Action | undefined): void; (state: VideoStore | ((state: VideoStore) => VideoStore), replace: true, action?: Action | undefined): void; }' is not assignable to parameter of type '{ (partial: VideoState | Partial<VideoState> | ((state: VideoState) => VideoState | Partial<VideoState>), replace?: false | undefined): void; (state: VideoState | ((state: VideoState) => VideoState), replace: true): void; }'.
  Types of parameters 'partial' and 'partial' are incompatible.
    Type 'VideoState | Partial<VideoState> | ((state: VideoState) => VideoState | Partial<VideoState>)' is not assignable to type 'VideoStore | Partial<VideoStore> | ((state: VideoStore) => VideoStore | Partial<VideoStore>)'.
      Type 'VideoState' is not assignable to type 'VideoStore | Partial<VideoStore> | ((state: VideoStore) => VideoStore | Partial<VideoStore>)'.
src/store/entities/video/index.ts(77,23): error TS2339: Property 'ui' does not exist on type 'VideoStore'.
src/store/entities/video/index.ts(80,21): error TS2339: Property 'filters' does not exist on type 'VideoStore'.
src/store/entities/video/index.ts(83,21): error TS2551: Property 'player' does not exist on type 'VideoStore'. Did you mean 'play'?
src/store/entities/video/index.ts(84,27): error TS2551: Property 'player' does not exist on type 'VideoStore'. Did you mean 'play'?
src/store/entities/video/index.ts(85,22): error TS2551: Property 'player' does not exist on type 'VideoStore'. Did you mean 'play'?
src/store/entities/video/index.ts(86,22): error TS2551: Property 'player' does not exist on type 'VideoStore'. Did you mean 'play'?
src/store/entities/video/slices/core.ts(19,2): error TS2305: Module '"../../../../transformers/video/serializers"' has no exported member 'transformVideo'.
src/store/entities/video/slices/core.ts(20,2): error TS2305: Module '"../../../../transformers/video/serializers"' has no exported member 'transformVideos'.
src/store/entities/video/slices/core.ts(21,2): error TS2305: Module '"../../../../transformers/video/serializers"' has no exported member 'transformVideosWithStats'.
src/store/entities/video/slices/core.ts(22,2): error TS2305: Module '"../../../../transformers/video/serializers"' has no exported member 'transformVideoWithStats'.
src/store/entities/video/slices/core.ts(25,2): error TS2305: Module '"../../../../types/entities/video"' has no exported member 'CreateVideoData'.
src/store/entities/video/slices/core.ts(26,2): error TS2305: Module '"../../../../types/entities/video"' has no exported member 'UpdateVideoData'.
src/store/entities/video/slices/core.ts(27,2): error TS2724: '"../../../../types/entities/video"' has no exported member named 'Video'. Did you mean 'VideoUI'?
src/store/entities/video/slices/core.ts(30,2): error TS2305: Module '"../../../../types/entities/video"' has no exported member 'VideoFilters'.
src/store/entities/video/slices/core.ts(31,2): error TS2305: Module '"../../../../types/entities/video"' has no exported member 'VideoVisualConfig'.
src/store/entities/video/slices/core.ts(135,16): error TS2339: Property 'selectVideos' does not exist on type 'VideoState'.
src/store/entities/video/slices/core.ts(178,6): error TS7006: Parameter 'acc' implicitly has an 'any' type.
src/store/entities/video/slices/core.ts(178,11): error TS7006: Parameter 'video' implicitly has an 'any' type.
src/store/entities/video/slices/core.ts(259,11): error TS2339: Property 'setLoading' does not exist on type 'VideoState'.
src/store/entities/video/slices/core.ts(259,23): error TS2339: Property 'setError' does not exist on type 'VideoState'.
src/store/entities/video/slices/core.ts(259,33): error TS2339: Property 'addVideo' does not exist on type 'VideoState'.
src/store/entities/video/slices/core.ts(276,11): error TS2339: Property 'setLoading' does not exist on type 'VideoState'.
src/store/entities/video/slices/core.ts(276,23): error TS2339: Property 'setError' does not exist on type 'VideoState'.
src/store/entities/video/slices/core.ts(276,33): error TS2339: Property 'addVideos' does not exist on type 'VideoState'.
src/store/entities/video/slices/core.ts(292,11): error TS2339: Property 'setLoading' does not exist on type 'VideoState'.
src/store/entities/video/slices/core.ts(292,23): error TS2339: Property 'setError' does not exist on type 'VideoState'.
src/store/entities/video/slices/core.ts(292,33): error TS2339: Property 'addVideo' does not exist on type 'VideoState'.
src/store/entities/video/slices/core.ts(307,11): error TS2339: Property 'setLoading' does not exist on type 'VideoState'.
src/store/entities/video/slices/core.ts(307,23): error TS2339: Property 'setError' does not exist on type 'VideoState'.
src/store/entities/video/slices/core.ts(307,33): error TS2339: Property 'deleteVideo' does not exist on type 'VideoState'.
src/store/entities/video/slices/core.ts(402,31): error TS7006: Parameter 'tagId' implicitly has an 'any' type.
src/store/entities/video/slices/core.ts(402,59): error TS7006: Parameter 'tag' implicitly has an 'any' type.
src/store/entities/video/slices/filters.ts(7,15): error TS2724: '"../../../../types/entities/video"' has no exported member named 'Video'. Did you mean 'VideoUI'?
src/store/entities/video/slices/filters.ts(121,11): error TS2339: Property 'getVideos' does not exist on type 'VideoState'.
src/store/entities/video/slices/filters.ts(123,16): error TS2339: Property 'applySort' does not exist on type 'VideoState'.
src/store/entities/video/slices/filters.ts(123,32): error TS2339: Property 'applyFilters' does not exist on type 'VideoState'.
src/store/entities/video/slices/player.ts(56,16): error TS1361: 'VideoPlayState' cannot be used as a value because it was imported using 'import type'.
src/store/entities/video/slices/player.ts(65,16): error TS1361: 'VideoPlayState' cannot be used as a value because it was imported using 'import type'.
src/store/entities/video/slices/player.ts(74,16): error TS1361: 'VideoPlayState' cannot be used as a value because it was imported using 'import type'.
src/store/entities/video/slices/player.ts(82,21): error TS1361: 'VideoPlayState' cannot be used as a value because it was imported using 'import type'.
src/store/entities/video/slices/player.ts(83,10): error TS2339: Property 'pause' does not exist on type 'VideoState'.
src/store/entities/video/slices/player.ts(85,10): error TS2339: Property 'play' does not exist on type 'VideoState'.
src/store/entities/video/types.ts(6,15): error TS2724: '"../../../types/entities/video"' has no exported member named 'Video'. Did you mean 'VideoUI'?
src/store/entities/wildcard/slices/core.ts(11,55): error TS2724: '"@/types/entities/wildcard"' has no exported member named 'Wildcard'. Did you mean 'WildcardUI'?
src/store/entities/wildcard/slices/core.ts(68,5): error TS2339: Property 'getWildcards' does not exist on type 'WildcardState'.
src/store/entities/wildcard/slices/core.ts(69,13): error TS7006: Parameter 'wildcard' implicitly has an 'any' type.
src/store/entities/wildcard/slices/core.ts(74,27): error TS2339: Property 'getWildcards' does not exist on type 'WildcardState'.
src/store/entities/wildcard/slices/core.ts(235,27): error TS2339: Property 'getWildcard' does not exist on type 'WildcardState'.
src/store/entities/wildcard/slices/core.ts(243,30): error TS2339: Property 'getWildcard' does not exist on type 'WildcardState'.
src/store/entities/wildcard/slices/core.ts(258,31): error TS2339: Property 'getWildcard' does not exist on type 'WildcardState'.
src/store/entities/wildcard/slices/core.ts(265,28): error TS2339: Property 'getWildcard' does not exist on type 'WildcardState'.
src/store/entities/wildcard/slices/core.ts(270,10): error TS2304: Cannot find name 'updateWildcard'.
src/store/entities/wildcard/slices/core.ts(273,10): error TS2339: Property 'updateWildcard' does not exist on type 'WildcardState'.
src/store/entities/wildcard/slices/core.ts(318,11): error TS2339: Property 'addWildcard' does not exist on type 'WildcardState'.
src/store/entities/wildcard/slices/core.ts(355,10): error TS2339: Property 'addWildcards' does not exist on type 'WildcardState'.
src/store/entities/wildcard/slices/core.ts(388,27): error TS2304: Cannot find name 'createWildcard'.
src/store/entities/wildcard/slices/core.ts(391,11): error TS2339: Property 'addWildcard' does not exist on type 'WildcardState'.
src/store/entities/wildcard/slices/core.ts(427,10): error TS2304: Cannot find name 'deleteWildcard'.
src/store/entities/wildcard/slices/core.ts(428,10): error TS2339: Property 'deleteWildcard' does not exist on type 'WildcardState'.
src/store/entities/wildcard/slices/filters.ts(24,22): error TS2304: Cannot find name 'WildcardSortCriteria'.
src/store/entities/wildcard/slices/filters.ts(35,55): error TS2304: Cannot find name 'WildcardState'.
src/store/entities/wildcard/slices/filters.ts(39,8): error TS7006: Parameter 'state' implicitly has an 'any' type.
src/store/entities/wildcard/slices/filters.ts(49,8): error TS7006: Parameter 'state' implicitly has an 'any' type.
src/store/entities/wildcard/slices/filters.ts(59,8): error TS7006: Parameter 'state' implicitly has an 'any' type.
src/store/entities/wildcard/slices/filters.ts(70,8): error TS7006: Parameter 'state' implicitly has an 'any' type.
src/store/entities/wildcard/slices/filters.ts(80,8): error TS7006: Parameter 'state' implicitly has an 'any' type.
src/store/entities/wildcard/slices/filters.ts(91,8): error TS7006: Parameter 'state' implicitly has an 'any' type.
src/store/entities/wildcard/slices/filters.ts(102,8): error TS7006: Parameter 'state' implicitly has an 'any' type.
src/store/entities/wildcard/slices/filters.ts(115,8): error TS7006: Parameter 'state' implicitly has an 'any' type.
src/store/entities/wildcard/slices/filters.ts(129,8): error TS7006: Parameter 'state' implicitly has an 'any' type.
src/store/entities/wildcard/slices/ui.ts(103,28): error TS2339: Property 'isWildcardSelected' does not exist on type 'WildcardState'.
src/store/entities/wildcard/slices/ui.ts(107,10): error TS2339: Property 'deselectWildcard' does not exist on type 'WildcardState'.
src/store/entities/wildcard/slices/ui.ts(109,10): error TS2339: Property 'selectWildcard' does not exist on type 'WildcardState'.
src/store/entities/wildcard/slices/ui.ts(256,10): error TS2339: Property 'collapseWildcard' does not exist on type 'WildcardState'.
src/store/entities/wildcard/slices/ui.ts(258,10): error TS2339: Property 'expandWildcard' does not exist on type 'WildcardState'.
src/store/entities/wildcard/slices/ui.ts(326,33): error TS2339: Property 'getChildWildcards' does not exist on type 'WildcardState'.
src/store/entities/wildcard/slices/ui.ts(362,33): error TS2339: Property 'getChildWildcards' does not exist on type 'WildcardState'.
src/store/entities/wildcard/types.ts(7,2): error TS2724: '"../../../types/entities/wildcard"' has no exported member named 'Wildcard'. Did you mean 'WildcardUI'?
src/store/entities/wildcard/types.ts(8,2): error TS2305: Module '"../../../types/entities/wildcard"' has no exported member 'WildcardDisplayState'.
src/store/entities/world-item/index.ts(44,5): error TS2353: Object literal may only specify known properties, and 'sortBy' does not exist in type 'WorldItemFilters'.
src/store/entities/world-item/index.ts(115,33): error TS2345: Argument of type '(state: WorldItemStore) => { ui: any; }' is not assignable to parameter of type 'WorldItemStore | Partial<WorldItemStore> | ((state: WorldItemStore) => WorldItemStore | Partial<WorldItemStore>)'.
  Type '(state: WorldItemStore) => { ui: any; }' is not assignable to type '(state: WorldItemStore) => WorldItemStore | Partial<WorldItemStore>'.
    Type '{ ui: any; }' is not assignable to type 'WorldItemStore | Partial<WorldItemStore>'.
src/store/entities/world-item/index.ts(115,62): error TS2339: Property 'ui' does not exist on type 'WorldItemStore'.
src/store/entities/world-item/index.ts(116,30): error TS2345: Argument of type '(state: WorldItemStore) => { ui: any; }' is not assignable to parameter of type 'WorldItemStore | Partial<WorldItemStore> | ((state: WorldItemStore) => WorldItemStore | Partial<WorldItemStore>)'.
  Type '(state: WorldItemStore) => { ui: any; }' is not assignable to type '(state: WorldItemStore) => WorldItemStore | Partial<WorldItemStore>'.
    Type '{ ui: any; }' is not assignable to type 'WorldItemStore | Partial<WorldItemStore>'.
src/store/entities/world-item/index.ts(116,59): error TS2339: Property 'ui' does not exist on type 'WorldItemStore'.
src/store/entities/world-item/index.ts(117,36): error TS2345: Argument of type '(state: WorldItemStore) => { ui: any; }' is not assignable to parameter of type 'WorldItemStore | Partial<WorldItemStore> | ((state: WorldItemStore) => WorldItemStore | Partial<WorldItemStore>)'.
  Type '(state: WorldItemStore) => { ui: any; }' is not assignable to type '(state: WorldItemStore) => WorldItemStore | Partial<WorldItemStore>'.
    Type '{ ui: any; }' is not assignable to type 'WorldItemStore | Partial<WorldItemStore>'.
src/store/entities/world-item/index.ts(117,65): error TS2339: Property 'ui' does not exist on type 'WorldItemStore'.
src/store/entities/world-item/index.ts(118,31): error TS2345: Argument of type '(state: WorldItemStore) => { ui: any; }' is not assignable to parameter of type 'WorldItemStore | Partial<WorldItemStore> | ((state: WorldItemStore) => WorldItemStore | Partial<WorldItemStore>)'.
  Type '(state: WorldItemStore) => { ui: any; }' is not assignable to type '(state: WorldItemStore) => WorldItemStore | Partial<WorldItemStore>'.
    Type '{ ui: any; }' is not assignable to type 'WorldItemStore | Partial<WorldItemStore>'.
src/store/entities/world-item/index.ts(118,60): error TS2339: Property 'ui' does not exist on type 'WorldItemStore'.
src/store/entities/world-item/index.ts(123,9): error TS2345: Argument of type '(_state: WorldItemStore) => { filters: { sortBy: WorldItemSortCriteria; searchTerm: string; category: null; rarity: null; type: null; }; }' is not assignable to parameter of type 'WorldItemStore | Partial<WorldItemStore> | ((state: WorldItemStore) => WorldItemStore | Partial<WorldItemStore>)'.
  Type '(_state: WorldItemStore) => { filters: { sortBy: WorldItemSortCriteria; searchTerm: string; category: null; rarity: null; type: null; }; }' is not assignable to type '(state: WorldItemStore) => WorldItemStore | Partial<WorldItemStore>'.
    Type '{ filters: { sortBy: WorldItemSortCriteria; searchTerm: string; category: null; rarity: null; type: null; }; }' is not assignable to type 'WorldItemStore | Partial<WorldItemStore>'.
      Type '{ filters: { sortBy: WorldItemSortCriteria; searchTerm: string; category: null; rarity: null; type: null; }; }' is not assignable to type 'Partial<WorldItemStore>'.
        Types of property 'filters' are incompatible.
          Type '{ sortBy: WorldItemSortCriteria; searchTerm: string; category: null; rarity: null; type: null; }' has no properties in common with type 'WorldItemFilters'.
src/store/entities/world-item/index.ts(137,13): error TS2339: Property 'searchTerm' does not exist on type 'WorldItemFilters'.
src/store/entities/world-item/index.ts(137,25): error TS2339: Property 'category' does not exist on type 'WorldItemFilters'.
src/store/entities/world-item/index.ts(137,35): error TS2339: Property 'rarity' does not exist on type 'WorldItemFilters'.
src/store/entities/world-item/index.ts(137,43): error TS2339: Property 'type' does not exist on type 'WorldItemFilters'.
src/store/entities/world-item/index.ts(153,22): error TS2339: Property 'sortBy' does not exist on type 'WorldItemFilters'.
src/store/entities/world-item/index.ts(158,34): error TS2551: Property 'CREATED_AT_ASC' does not exist on type 'typeof WorldItemSortCriteria'. Did you mean 'CREATED_ASC'?
src/store/entities/world-item/index.ts(159,24): error TS2769: No overload matches this call.
  Overload 1 of 4, '(value: string | number | Date): Date', gave the following error.
    Argument of type 'Date | undefined' is not assignable to parameter of type 'string | number | Date'.
      Type 'undefined' is not assignable to type 'string | number | Date'.
  Overload 2 of 4, '(value: string | number): Date', gave the following error.
    Argument of type 'Date | undefined' is not assignable to parameter of type 'string | number'.
      Type 'undefined' is not assignable to type 'string | number'.
src/store/entities/world-item/index.ts(159,58): error TS2769: No overload matches this call.
  Overload 1 of 4, '(value: string | number | Date): Date', gave the following error.
    Argument of type 'Date | undefined' is not assignable to parameter of type 'string | number | Date'.
      Type 'undefined' is not assignable to type 'string | number | Date'.
  Overload 2 of 4, '(value: string | number): Date', gave the following error.
    Argument of type 'Date | undefined' is not assignable to parameter of type 'string | number'.
      Type 'undefined' is not assignable to type 'string | number'.
src/store/entities/world-item/index.ts(160,34): error TS2551: Property 'CREATED_AT_DESC' does not exist on type 'typeof WorldItemSortCriteria'. Did you mean 'CREATED_DESC'?
src/store/entities/world-item/index.ts(161,24): error TS2769: No overload matches this call.
  Overload 1 of 4, '(value: string | number | Date): Date', gave the following error.
    Argument of type 'Date | undefined' is not assignable to parameter of type 'string | number | Date'.
      Type 'undefined' is not assignable to type 'string | number | Date'.
  Overload 2 of 4, '(value: string | number): Date', gave the following error.
    Argument of type 'Date | undefined' is not assignable to parameter of type 'string | number'.
      Type 'undefined' is not assignable to type 'string | number'.
src/store/entities/world-item/index.ts(161,58): error TS2769: No overload matches this call.
  Overload 1 of 4, '(value: string | number | Date): Date', gave the following error.
    Argument of type 'Date | undefined' is not assignable to parameter of type 'string | number | Date'.
      Type 'undefined' is not assignable to type 'string | number | Date'.
  Overload 2 of 4, '(value: string | number): Date', gave the following error.
    Argument of type 'Date | undefined' is not assignable to parameter of type 'string | number'.
      Type 'undefined' is not assignable to type 'string | number'.
src/store/entities/world-item/index.ts(162,34): error TS2551: Property 'UPDATED_AT_ASC' does not exist on type 'typeof WorldItemSortCriteria'. Did you mean 'UPDATED_ASC'?
src/store/entities/world-item/index.ts(163,24): error TS2769: No overload matches this call.
  Overload 1 of 4, '(value: string | number | Date): Date', gave the following error.
    Argument of type 'Date | undefined' is not assignable to parameter of type 'string | number | Date'.
      Type 'undefined' is not assignable to type 'string | number | Date'.
  Overload 2 of 4, '(value: string | number): Date', gave the following error.
    Argument of type 'Date | undefined' is not assignable to parameter of type 'string | number'.
      Type 'undefined' is not assignable to type 'string | number'.
src/store/entities/world-item/index.ts(163,58): error TS2769: No overload matches this call.
  Overload 1 of 4, '(value: string | number | Date): Date', gave the following error.
    Argument of type 'Date | undefined' is not assignable to parameter of type 'string | number | Date'.
      Type 'undefined' is not assignable to type 'string | number | Date'.
  Overload 2 of 4, '(value: string | number): Date', gave the following error.
    Argument of type 'Date | undefined' is not assignable to parameter of type 'string | number'.
      Type 'undefined' is not assignable to type 'string | number'.
src/store/entities/world-item/index.ts(164,34): error TS2551: Property 'UPDATED_AT_DESC' does not exist on type 'typeof WorldItemSortCriteria'. Did you mean 'UPDATED_DESC'?
src/store/entities/world-item/index.ts(165,24): error TS2769: No overload matches this call.
  Overload 1 of 4, '(value: string | number | Date): Date', gave the following error.
    Argument of type 'Date | undefined' is not assignable to parameter of type 'string | number | Date'.
      Type 'undefined' is not assignable to type 'string | number | Date'.
  Overload 2 of 4, '(value: string | number): Date', gave the following error.
    Argument of type 'Date | undefined' is not assignable to parameter of type 'string | number'.
      Type 'undefined' is not assignable to type 'string | number'.
src/store/entities/world-item/index.ts(165,58): error TS2769: No overload matches this call.
  Overload 1 of 4, '(value: string | number | Date): Date', gave the following error.
    Argument of type 'Date | undefined' is not assignable to parameter of type 'string | number | Date'.
      Type 'undefined' is not assignable to type 'string | number | Date'.
  Overload 2 of 4, '(value: string | number): Date', gave the following error.
    Argument of type 'Date | undefined' is not assignable to parameter of type 'string | number'.
      Type 'undefined' is not assignable to type 'string | number'.
src/store/entities/world-item/selectors.ts(102,53): error TS2304: Cannot find name 'WorldItem'.
src/store/entities/world-item/selectors.ts(102,67): error TS2304: Cannot find name 'WorldItemStats'.
src/store/entities/world-item/slices/core.ts(43,9): error TS2322: Type 'WorldItemComplete[]' is not assignable to type 'WorldItemExtended[]'.
  Type 'WorldItemComplete' is not assignable to type 'WorldItemExtended'.
    Types of property 'stats' are incompatible.
      Type 'string' is not assignable to type 'WorldItemStats'.
src/store/entities/world-item/slices/core.ts(43,38): error TS2345: Argument of type 'WorldItemExtended[]' is not assignable to parameter of type 'WorldItemDeserialized[]'.
  Type 'WorldItemExtended' is missing the following properties from type 'WorldItemDeserialized': attributesList, effectsList, requirementsList, statsList, and 3 more.
src/store/entities/world-item/slices/core.ts(47,7): error TS2345: Argument of type '(state: WorldItemStore) => { worldItems: (WorldItemExtended | WorldItemComplete)[]; }' is not assignable to parameter of type 'WorldItemStore | Partial<WorldItemStore> | ((state: WorldItemStore) => WorldItemStore | Partial<WorldItemStore>)'.
  Type '(state: WorldItemStore) => { worldItems: (WorldItemExtended | WorldItemComplete)[]; }' is not assignable to type '(state: WorldItemStore) => WorldItemStore | Partial<WorldItemStore>'.
    Type '{ worldItems: (WorldItem | WorldItemComplete)[]; }' is not assignable to type 'WorldItemStore | Partial<WorldItemStore>'.
      Type '{ worldItems: (WorldItem | WorldItemComplete)[]; }' is not assignable to type 'Partial<WorldItemStore>'.
        Types of property 'worldItems' are incompatible.
          Type '(WorldItemExtended | WorldItemComplete)[]' is not assignable to type 'WorldItemExtended[]'.
            Type 'WorldItemExtended | WorldItemComplete' is not assignable to type 'WorldItemExtended'.
              Type 'WorldItemComplete' is not assignable to type 'WorldItemExtended'.
                Types of property 'stats' are incompatible.
                  Type 'string' is not assignable to type 'WorldItemStats'.
src/store/entities/world-item/slices/core.ts(48,54): error TS2345: Argument of type 'WorldItemExtended' is not assignable to parameter of type 'WorldItemDeserialized'.
  Type 'WorldItemExtended' is missing the following properties from type 'WorldItemDeserialized': attributesList, effectsList, requirementsList, statsList, and 3 more.
src/store/entities/world-item/slices/filters.ts(42,7): error TS2345: Argument of type '(state: WorldItemStore) => { filters: { types: string[] | undefined; query?: string | undefined; categories?: WorldItemCategory[] | undefined; rarities?: WorldItemRarity[] | undefined; ... 6 more ...; hasFiles?: boolean | undefined; }; }' is not assignable to parameter of type 'WorldItemStore | Partial<WorldItemStore> | ((state: WorldItemStore) => WorldItemStore | Partial<WorldItemStore>)'.
  Type '(state: WorldItemStore) => { filters: { types: string[] | undefined; query?: string | undefined; categories?: WorldItemCategory[] | undefined; rarities?: WorldItemRarity[] | undefined; ... 6 more ...; hasFiles?: boolean | undefined; }; }' is not assignable to type '(state: WorldItemStore) => WorldItemStore | Partial<WorldItemStore>'.
    Type '{ filters: { types: string[] | undefined; query?: string; categories?: WorldItemCategory[]; rarities?: WorldItemRarity[]; ... 6 more ...; hasFiles?: boolean; }; }' is not assignable to type 'WorldItemStore | Partial<WorldItemStore>'.
      Type '{ filters: { types: string[] | undefined; query?: string; categories?: WorldItemCategory[]; rarities?: WorldItemRarity[]; ... 6 more ...; hasFiles?: boolean; }; }' is not assignable to type 'Partial<WorldItemStore>'.
        The types of 'filters.types' are incompatible between these types.
          Type 'string[] | undefined' is not assignable to type 'WorldItemType[] | undefined'.
            Type 'string[]' is not assignable to type 'WorldItemType[]'.
              Type 'string' is not assignable to type 'WorldItemType'.
src/store/entities/world-item/slices/filters.ts(51,7): error TS2345: Argument of type '(state: WorldItemStore) => { filters: { categories: string[] | undefined; query?: string | undefined; types?: WorldItemType[] | undefined; rarities?: WorldItemRarity[] | undefined; ... 6 more ...; hasFiles?: boolean | undefined; }; }' is not assignable to parameter of type 'WorldItemStore | Partial<WorldItemStore> | ((state: WorldItemStore) => WorldItemStore | Partial<WorldItemStore>)'.
  Type '(state: WorldItemStore) => { filters: { categories: string[] | undefined; query?: string | undefined; types?: WorldItemType[] | undefined; rarities?: WorldItemRarity[] | undefined; ... 6 more ...; hasFiles?: boolean | undefined; }; }' is not assignable to type '(state: WorldItemStore) => WorldItemStore | Partial<WorldItemStore>'.
    Type '{ filters: { categories: string[] | undefined; query?: string; types?: WorldItemType[]; rarities?: WorldItemRarity[]; minLevel?: number; ... 5 more ...; hasFiles?: boolean; }; }' is not assignable to type 'WorldItemStore | Partial<WorldItemStore>'.
      Type '{ filters: { categories: string[] | undefined; query?: string; types?: WorldItemType[]; rarities?: WorldItemRarity[]; minLevel?: number; ... 5 more ...; hasFiles?: boolean; }; }' is not assignable to type 'Partial<WorldItemStore>'.
        The types of 'filters.categories' are incompatible between these types.
          Type 'string[] | undefined' is not assignable to type 'WorldItemCategory[] | undefined'.
            Type 'string[]' is not assignable to type 'WorldItemCategory[]'.
              Type 'string' is not assignable to type 'WorldItemCategory'.
src/store/entities/world-item/slices/filters.ts(60,7): error TS2345: Argument of type '(state: WorldItemStore) => { filters: { rarities: string[] | undefined; query?: string | undefined; types?: WorldItemType[] | undefined; categories?: WorldItemCategory[] | undefined; ... 6 more ...; hasFiles?: boolean | undefined; }; }' is not assignable to parameter of type 'WorldItemStore | Partial<WorldItemStore> | ((state: WorldItemStore) => WorldItemStore | Partial<WorldItemStore>)'.
  Type '(state: WorldItemStore) => { filters: { rarities: string[] | undefined; query?: string | undefined; types?: WorldItemType[] | undefined; categories?: WorldItemCategory[] | undefined; ... 6 more ...; hasFiles?: boolean | undefined; }; }' is not assignable to type '(state: WorldItemStore) => WorldItemStore | Partial<WorldItemStore>'.
    Type '{ filters: { rarities: string[] | undefined; query?: string; types?: WorldItemType[]; categories?: WorldItemCategory[]; ... 6 more ...; hasFiles?: boolean; }; }' is not assignable to type 'WorldItemStore | Partial<WorldItemStore>'.
      Type '{ filters: { rarities: string[] | undefined; query?: string; types?: WorldItemType[]; categories?: WorldItemCategory[]; ... 6 more ...; hasFiles?: boolean; }; }' is not assignable to type 'Partial<WorldItemStore>'.
        The types of 'filters.rarities' are incompatible between these types.
          Type 'string[] | undefined' is not assignable to type 'WorldItemRarity[] | undefined'.
            Type 'string[]' is not assignable to type 'WorldItemRarity[]'.
              Type 'string' is not assignable to type 'WorldItemRarity'.
src/store/entities/world-item/slices/ui.ts(138,9): error TS18004: No value exists in scope for the shorthand property 'isCreatingItem'. Either declare one or provide an initializer.
src/store/entities/world-item/slices/ui.ts(142,9): error TS18004: No value exists in scope for the shorthand property 'isEditingItem'. Either declare one or provide an initializer.
src/store/entities/world-item/slices/ui.ts(146,9): error TS18004: No value exists in scope for the shorthand property 'isProcessingAction'. Either declare one or provide an initializer.
src/store/entities/world-item/slices/ui.ts(152,33): error TS2353: Object literal may only specify known properties, and 'searchQuery' does not exist in type 'WorldItemFilters'.
src/store/entities/world-item/transformers.ts(7,2): error TS2305: Module '"../../../types/entities/world-item"' has no exported member 'CreateWorldItemData'.
src/store/entities/world-item/transformers.ts(9,2): error TS2305: Module '"../../../types/entities/world-item"' has no exported member 'UpdateWorldItemData'.
src/store/entities/world-item/transformers.ts(54,3): error TS2353: Object literal may only specify known properties, and 'isHighlighted' does not exist in type 'WorldItemExtended'.
src/store/entities/world-item/transformers.ts(91,4): error TS2322: Type '"grid"' is not assignable to type 'WorldItemViewMode'.
src/store/entities/world-item/transformers.ts(92,4): error TS2820: Type '"name_asc"' is not assignable to type 'WorldItemSortCriteria'. Did you mean 'WorldItemSortCriteria.NAME_ASC'?
src/store/entities/world-item/transformers.ts(120,36): error TS2345: Argument of type 'WorldItemStats' is not assignable to parameter of type 'string'.
src/store/entities/world-item/transformers.ts(136,3): error TS2353: Object literal may only specify known properties, and 'displayRarity' does not exist in type 'WorldItemExtended'.
src/store/entities/world-item/transformers.ts(174,14): error TS2339: Property 'onlyFavorites' does not exist on type 'WorldItemFilters'.
src/store/entities/world-item/transformers.ts(199,14): error TS2339: Property 'hasNotes' does not exist on type 'WorldItemFilters'.
src/store/entities/world-item/transformers.ts(203,14): error TS2339: Property 'hasConcepts' does not exist on type 'WorldItemFilters'.
src/store/entities/world-item/transformers.ts(207,14): error TS2339: Property 'hasPrompts' does not exist on type 'WorldItemFilters'.
src/store/entities/world-item/types.ts(7,2): error TS2305: Module '"../../../types/entities/world-item"' has no exported member 'CreateWorldItemData'.
src/store/entities/world-item/types.ts(9,2): error TS2305: Module '"../../../types/entities/world-item"' has no exported member 'UpdateWorldItemData'.
src/store/entities/world-item/utils.ts(48,33): error TS2345: Argument of type 'string' is not assignable to parameter of type 'WorldItemType'.
src/store/entities/world-item/utils.ts(53,56): error TS2345: Argument of type 'string' is not assignable to parameter of type 'WorldItemCategory'.
src/store/entities/world-item/utils.ts(58,36): error TS2345: Argument of type 'string' is not assignable to parameter of type 'WorldItemRarity'.
src/store/entities/world-item/utils.ts(62,16): error TS2339: Property 'onlyFavorites' does not exist on type 'WorldItemFilters'.
src/store/entities/world-item/utils.ts(68,46): error TS2345: Argument of type 'WorldItemStats' is not assignable to parameter of type 'string'.
src/store/entities/world-item/utils.ts(78,46): error TS2345: Argument of type 'WorldItemStats' is not assignable to parameter of type 'string'.
src/store/entities/world-item/utils.ts(88,16): error TS2339: Property 'hasNotes' does not exist on type 'WorldItemFilters'.
src/store/entities/world-item/utils.ts(89,16): error TS2339: Property 'hasConcepts' does not exist on type 'WorldItemFilters'.
src/store/entities/world-item/utils.ts(90,16): error TS2339: Property 'hasPrompts' does not exist on type 'WorldItemFilters'.
src/store/entities/world-item/utils.ts(116,47): error TS2769: No overload matches this call.
  Overload 1 of 4, '(value: string | number | Date): Date', gave the following error.
    Argument of type 'Date | undefined' is not assignable to parameter of type 'string | number | Date'.
      Type 'undefined' is not assignable to type 'string | number | Date'.
  Overload 2 of 4, '(value: string | number): Date', gave the following error.
    Argument of type 'Date | undefined' is not assignable to parameter of type 'string | number'.
      Type 'undefined' is not assignable to type 'string | number'.
src/store/entities/world-item/utils.ts(116,81): error TS2769: No overload matches this call.
  Overload 1 of 4, '(value: string | number | Date): Date', gave the following error.
    Argument of type 'Date | undefined' is not assignable to parameter of type 'string | number | Date'.
      Type 'undefined' is not assignable to type 'string | number | Date'.
  Overload 2 of 4, '(value: string | number): Date', gave the following error.
    Argument of type 'Date | undefined' is not assignable to parameter of type 'string | number'.
      Type 'undefined' is not assignable to type 'string | number'.
src/store/entities/world-item/utils.ts(119,47): error TS2769: No overload matches this call.
  Overload 1 of 4, '(value: string | number | Date): Date', gave the following error.
    Argument of type 'Date | undefined' is not assignable to parameter of type 'string | number | Date'.
      Type 'undefined' is not assignable to type 'string | number | Date'.
  Overload 2 of 4, '(value: string | number): Date', gave the following error.
    Argument of type 'Date | undefined' is not assignable to parameter of type 'string | number'.
      Type 'undefined' is not assignable to type 'string | number'.
src/store/entities/world-item/utils.ts(119,81): error TS2769: No overload matches this call.
  Overload 1 of 4, '(value: string | number | Date): Date', gave the following error.
    Argument of type 'Date | undefined' is not assignable to parameter of type 'string | number | Date'.
      Type 'undefined' is not assignable to type 'string | number | Date'.
  Overload 2 of 4, '(value: string | number): Date', gave the following error.
    Argument of type 'Date | undefined' is not assignable to parameter of type 'string | number'.
      Type 'undefined' is not assignable to type 'string | number'.
src/store/entities/world-item/utils.ts(122,47): error TS2769: No overload matches this call.
  Overload 1 of 4, '(value: string | number | Date): Date', gave the following error.
    Argument of type 'Date | undefined' is not assignable to parameter of type 'string | number | Date'.
      Type 'undefined' is not assignable to type 'string | number | Date'.
  Overload 2 of 4, '(value: string | number): Date', gave the following error.
    Argument of type 'Date | undefined' is not assignable to parameter of type 'string | number'.
      Type 'undefined' is not assignable to type 'string | number'.
src/store/entities/world-item/utils.ts(122,81): error TS2769: No overload matches this call.
  Overload 1 of 4, '(value: string | number | Date): Date', gave the following error.
    Argument of type 'Date | undefined' is not assignable to parameter of type 'string | number | Date'.
      Type 'undefined' is not assignable to type 'string | number | Date'.
  Overload 2 of 4, '(value: string | number): Date', gave the following error.
    Argument of type 'Date | undefined' is not assignable to parameter of type 'string | number'.
      Type 'undefined' is not assignable to type 'string | number'.
src/store/entities/world-item/utils.ts(125,47): error TS2769: No overload matches this call.
  Overload 1 of 4, '(value: string | number | Date): Date', gave the following error.
    Argument of type 'Date | undefined' is not assignable to parameter of type 'string | number | Date'.
      Type 'undefined' is not assignable to type 'string | number | Date'.
  Overload 2 of 4, '(value: string | number): Date', gave the following error.
    Argument of type 'Date | undefined' is not assignable to parameter of type 'string | number'.
      Type 'undefined' is not assignable to type 'string | number'.
src/store/entities/world-item/utils.ts(125,81): error TS2769: No overload matches this call.
  Overload 1 of 4, '(value: string | number | Date): Date', gave the following error.
    Argument of type 'Date | undefined' is not assignable to parameter of type 'string | number | Date'.
      Type 'undefined' is not assignable to type 'string | number | Date'.
  Overload 2 of 4, '(value: string | number): Date', gave the following error.
    Argument of type 'Date | undefined' is not assignable to parameter of type 'string | number'.
      Type 'undefined' is not assignable to type 'string | number'.
src/store/files/files.store.ts(5,10): error TS2305: Module '"@/app/actions/tags"' has no exported member 'getTagImages'.
src/store/files/files.store.ts(5,24): error TS2305: Module '"@/app/actions/tags"' has no exported member 'getTags'.
src/store/files/files.store.ts(7,15): error TS2305: Module '"@/types/entities/collection"' has no exported member 'Collection'.
src/store/files/files.store.ts(100,12): error TS2339: Property 'id' does not exist on type 'ServerCollection'.
src/store/files/files.store.ts(101,14): error TS2339: Property 'name' does not exist on type 'ServerCollection'.
src/store/files/files.store.ts(103,15): error TS2339: Property 'emoji' does not exist on type 'ServerCollection'.
src/store/files/files.store.ts(104,15): error TS2339: Property 'color' does not exist on type 'ServerCollection'.
src/store/files/files.store.ts(132,5): error TS2322: Type 'ImageBase[]' is not assignable to type 'FileItem[]'.
  Type 'ImageBase' is missing the following properties from type 'FileItem': type, mimeType, processingStatus
src/store/files/files.store.ts(133,5): error TS2322: Type 'ImageBase[]' is not assignable to type 'FileItem[]'.
  Type 'ImageBase' is missing the following properties from type 'FileItem': type, mimeType, processingStatus
src/store/files/files.store.ts(148,5): error TS2322: Type 'ImageExtended[]' is not assignable to type 'FileItem[]'.
  Type 'ImageExtended' is missing the following properties from type 'FileItem': type, mimeType, processingStatus
src/store/files/files.store.ts(149,5): error TS2322: Type 'ImageExtended[]' is not assignable to type 'FileItem[]'.
  Type 'ImageExtended' is missing the following properties from type 'FileItem': type, mimeType, processingStatus
src/store/files/files.store.ts(211,32): error TS7006: Parameter 'item' implicitly has an 'any' type.
src/store/index.ts(3,1): error TS2308: Module './ui/view-options.slice' has already exported a member named 'ViewMode'. Consider explicitly re-exporting to resolve the ambiguity.
src/store/places/index.ts(11,2): error TS2305: Module '"../../types/entities/place"' has no exported member 'ParsedPlaceVisualConfig'.
src/store/places/index.ts(12,2): error TS2305: Module '"../../types/entities/place"' has no exported member 'Place'.
src/store/places/index.ts(14,2): error TS2305: Module '"../../types/entities/place"' has no exported member 'PlaceVisualConfigUpdateData'.
src/store/places/index.ts(16,29): error TS2305: Module '"../../types/entities/place"' has no exported member 'PlaceViewMode'.
src/store/settings.store.ts(129,74): error TS2554: Expected 1-2 arguments, but got 3.
src/store/stats.store.ts(168,15): error TS2339: Property 'timestamp' does not exist on type 'C'.
src/store/stats.store.ts(169,11): error TS2339: Property 'timestamp' does not exist on type 'C'.
src/store/stats.store.ts(178,14): error TS2339: Property 'timestamp' does not exist on type 'U'.
src/store/stats.store.ts(179,11): error TS2339: Property 'timestamp' does not exist on type 'U'.
src/store/stats.store.ts(189,3): error TS2322: Type '() => Promise<{ collections: Array<{ id: string; name: string; count: number; color?: string; emoji?: string; }>; folders: Array<{ id: string; name: string; count: number; }>; ... 6 more ...; name: string; }[]>' is not assignable to type '() => Promise<StatsData[]>'.
  Type 'Promise<{ collections: { id: string; name: string; count: number; color?: string | undefined; emoji?: string | undefined; }[]; folders: { id: string; name: string; count: number; }[]; tags: { id: string; name: string; count: number; color: string; }[]; ... 5 more ...; name: string; }[]>' is not assignable to type 'Promise<StatsData[]>'.
    Type '{ collections: { id: string; name: string; count: number; color?: string | undefined; emoji?: string | undefined; }[]; folders: { id: string; name: string; count: number; }[]; tags: { id: string; name: string; count: number; color: string; }[]; ... 5 more ...; name: string; }[]' is not assignable to type 'StatsData[]'.
      Type '{ collections: { id: string; name: string; count: number; color?: string | undefined; emoji?: string | undefined; }[]; folders: { id: string; name: string; count: number; }[]; tags: { id: string; name: string; count: number; color: string; }[]; ... 5 more ...; name: string; }' is missing the following properties from type 'StatsData': totalImages, totalFolders, totalTags, totalCollections, and 12 more.
src/store/stats.store.ts(190,3): error TS2322: Type '(_id: string, _data: StatsUpdate) => Promise<{ collections: Array<{ id: string; name: string; count: number; color?: string; emoji?: string; }>; folders: Array<{ id: string; name: string; count: number; }>; ... 6 more ...; name: string; }>' is not assignable to type '(id: string, data: Partial<StatsData>) => Promise<StatsData>'.
  Type 'Promise<{ collections: { id: string; name: string; count: number; color?: string | undefined; emoji?: string | undefined; }[]; folders: { id: string; name: string; count: number; }[]; tags: { id: string; name: string; count: number; color: string; }[]; ... 5 more ...; name: string; }>' is not assignable to type 'Promise<StatsData>'.
    Type '{ collections: { id: string; name: string; count: number; color?: string | undefined; emoji?: string | undefined; }[]; folders: { id: string; name: string; count: number; }[]; tags: { id: string; name: string; count: number; color: string; }[]; ... 5 more ...; name: string; }' is missing the following properties from type 'StatsData': totalImages, totalFolders, totalTags, totalCollections, and 12 more.
src/store/store.factory.ts(21,104): error TS2344: Type 'T' does not satisfy the constraint 'BaseEntity'.
  Type '{}' is missing the following properties from type 'BaseEntity': id, name
src/store/store.factory.ts(34,12): error TS2345: Argument of type 'StateCreator<T, [], []> | StateCreator<T, [["zustand/devtools", never]], [["zustand/persist", Partial<T>]]>' is not assignable to parameter of type 'StateCreator<T, [["zustand/devtools", never]], [], T>'.
  Type 'StateCreator<T, [["zustand/devtools", never]], [["zustand/persist", Partial<T>]]>' is not assignable to type 'StateCreator<T, [["zustand/devtools", never]], [], T>'.
    Type 'StateCreator<T, [["zustand/devtools", never]], [["zustand/persist", Partial<T>]]>' is not assignable to type '{ $$storeMutators?: [] | undefined; }'.
      Types of property '$$storeMutators' are incompatible.
        Type '[["zustand/persist", Partial<T>]] | undefined' is not assignable to type '[] | undefined'.
          Type '[["zustand/persist", Partial<T>]]' is not assignable to type '[]'.
            Source has 1 element(s) but target allows only 0.
src/store/thumbnails.store.ts(4,15): error TS2305: Module '"@/types/thumbnails"' has no exported member 'ThumbnailStats'.
src/store/ui/view-options.slice.ts(46,12): error TS2322: Type '{ setViewMode: (mode: ViewMode) => void; setItemSize: (size: number) => void; setSortOptions: (options: SortOption[]) => void; addSortOption: (option: SortOption) => void; ... 11 more ...; searchQuery: string; }' is not assignable to type 'ViewOptionsState'.
  Types of property 'sortOptions' are incompatible.
    Type '{ field: string; direction: string; }[]' is not assignable to type 'SortOption[]'.
      Type '{ field: string; direction: string; }' is not assignable to type 'SortOption'.
        Types of property 'direction' are incompatible.
          Type 'string' is not assignable to type '"asc" | "desc"'.
src/store/ui/view-options.slice.ts(99,24): error TS2345: Argument of type '{ viewMode: ViewMode; itemSize: number; sortOptions: { field: string; direction: string; }[]; filterOptions: never[]; searchQuery: string; }' is not assignable to parameter of type 'ViewOptionsState | Partial<ViewOptionsState> | ((state: ViewOptionsState) => ViewOptionsState | Partial<...>)'.
  Type '{ viewMode: ViewMode; itemSize: number; sortOptions: { field: string; direction: string; }[]; filterOptions: never[]; searchQuery: string; }' is not assignable to type 'ViewOptionsState | Partial<ViewOptionsState>'.
    Type '{ viewMode: ViewMode; itemSize: number; sortOptions: { field: string; direction: string; }[]; filterOptions: never[]; searchQuery: string; }' is not assignable to type 'Partial<ViewOptionsState>'.
      Types of property 'sortOptions' are incompatible.
        Type '{ field: string; direction: string; }[]' is not assignable to type 'SortOption[]'.
          Type '{ field: string; direction: string; }' is not assignable to type 'SortOption'.
            Types of property 'direction' are incompatible.
              Type 'string' is not assignable to type '"asc" | "desc"'.
src/tests/__mocks__/@prisma/client.ts(4,7): error TS7022: 'mockPrismaClient' implicitly has type 'any' because it does not have a type annotation and is referenced directly or indirectly in its own initializer.
src/tests/__mocks__/@prisma/client.ts(84,24): error TS7024: Function implicitly has return type 'any' because it does not have a return type annotation and is referenced directly or indirectly in one of its return expressions.
src/tests/fixtures/entities.ts(12,3): error TS2353: Object literal may only specify known properties, and 'isScanned' does not exist in type 'Partial<{ id: string; createdAt: Date; updatedAt: Date; totalFiles: number; totalSize: number; lastIndexed: Date | null; name: string; description: string | null; path: string; ... 6 more ...; presetId: string | null; }>'.
src/tests/fixtures/entities.ts(22,3): error TS2353: Object literal may only specify known properties, and 'isScanned' does not exist in type 'Partial<{ id: string; createdAt: Date; updatedAt: Date; totalFiles: number; totalSize: number; lastIndexed: Date | null; name: string; description: string | null; path: string; ... 6 more ...; presetId: string | null; }>'.
src/tests/fixtures/entities.ts(32,3): error TS2353: Object literal may only specify known properties, and 'isScanned' does not exist in type 'Partial<{ id: string; createdAt: Date; updatedAt: Date; totalFiles: number; totalSize: number; lastIndexed: Date | null; name: string; description: string | null; path: string; ... 6 more ...; presetId: string | null; }>'.
src/tests/fixtures/entities.ts(75,3): error TS2353: Object literal may only specify known properties, and 'filename' does not exist in type 'Partial<{ id: string; createdAt: Date; updatedAt: Date; name: string; description: string | null; path: string; isFavorite: boolean; metadata: string | null; hash: string; size: number; ... 12 more ...; noteId: string | null; }>'.
src/tests/fixtures/entities.ts(88,3): error TS2353: Object literal may only specify known properties, and 'filename' does not exist in type 'Partial<{ id: string; createdAt: Date; updatedAt: Date; name: string; description: string | null; path: string; isFavorite: boolean; metadata: string | null; hash: string; size: number; ... 12 more ...; noteId: string | null; }>'.
src/tests/fixtures/entities.ts(101,3): error TS2353: Object literal may only specify known properties, and 'filename' does not exist in type 'Partial<{ id: string; createdAt: Date; updatedAt: Date; name: string; description: string | null; path: string; isFavorite: boolean; metadata: string | null; hash: string; size: number; ... 12 more ...; noteId: string | null; }>'.
src/tests/fixtures/entities.ts(120,3): error TS2353: Object literal may only specify known properties, and 'coverImageId' does not exist in type 'Partial<{ id: string; createdAt: Date; updatedAt: Date; name: string; description: string | null; emoji: string; color: string; featuredImage: string | null; isFavorite: boolean; filters: string; shortcut: string | null; category: string | null; sortBy: string; }>'.
src/tests/fixtures/entities.ts(129,3): error TS2353: Object literal may only specify known properties, and 'coverImageId' does not exist in type 'Partial<{ id: string; createdAt: Date; updatedAt: Date; name: string; description: string | null; emoji: string; color: string; featuredImage: string | null; isFavorite: boolean; filters: string; shortcut: string | null; category: string | null; sortBy: string; }>'.
src/tests/fixtures/entities.ts(163,2): error TS2353: Object literal may only specify known properties, and 'isScanned' does not exist in type 'Partial<{ id: string; createdAt: Date; updatedAt: Date; totalFiles: number; totalSize: number; lastIndexed: Date | null; name: string; description: string | null; path: string; ... 6 more ...; presetId: string | null; }>'.
src/tests/fixtures/entities.ts(173,2): error TS2353: Object literal may only specify known properties, and 'filename' does not exist in type 'Partial<{ id: string; createdAt: Date; updatedAt: Date; name: string; description: string | null; path: string; isFavorite: boolean; metadata: string | null; hash: string; size: number; ... 12 more ...; noteId: string | null; }>'.
src/tests/helpers/test-utils.tsx(118,15): error TS2306: File 'D:/DEV/image-manager/node_modules/.pnpm/@testing-library+jest-dom@6.6.3/node_modules/@testing-library/jest-dom/types/index.d.ts' is not a module.
src/transformers/activity/mappers.ts(6,51): error TS2305: Module '"../../types/entities/activity/index"' has no exported member 'CreateActivityData'.
src/transformers/activity/schema.ts(7,10): error TS2305: Module '"../../types/entities/activity"' has no exported member 'ActivityCategory'.
src/transformers/activity/schema.ts(7,28): error TS2305: Module '"../../types/entities/activity"' has no exported member 'ActivitySortCriteria'.
src/transformers/activity/serializers.ts(10,2): error TS2305: Module '"../../types/entities/activity"' has no exported member 'ActivityCategory'.
src/transformers/activity/serializers.ts(11,7): error TS2305: Module '"../../types/entities/activity"' has no exported member 'ActivityMetadata'.
src/transformers/activity/validators.ts(6,52): error TS2305: Module '"../../types/entities/activity"' has no exported member 'CreateActivityData'.
src/transformers/activity/validators.ts(39,27): error TS2322: Type '{ id: string; createdAt: string | Date; description: string; type: string; image?: { id: string; name: string; path: string; thumbnail?: string | null | undefined; } | null | undefined; ... 5 more ...; iconColor?: string | undefined; }' is not assignable to type 'Activity'.
  Types of property 'createdAt' are incompatible.
    Type 'string | Date' is not assignable to type 'Date'.
      Type 'string' is not assignable to type 'Date'.
src/transformers/activity/validators.ts(58,27): error TS2322: Type '{ imageId?: string | undefined; searchQuery?: string | undefined; types?: string[] | undefined; offset?: number | undefined; limit?: number | undefined; startDate?: string | Date | undefined; endDate?: string | ... 1 more ... | undefined; }' is not assignable to type 'ActivityFilters'.
  Types of property 'startDate' are incompatible.
    Type 'string | Date | undefined' is not assignable to type 'Date | undefined'.
      Type 'string' is not assignable to type 'Date'.
src/transformers/album/mappers.ts(22,11): error TS2339: Property 'images' does not exist on type 'AlbumCreateInput'.
src/transformers/album/mappers.ts(32,26): error TS7006: Parameter 'img' implicitly has an 'any' type.
src/transformers/album/mappers.ts(49,11): error TS2339: Property 'imagesToConnect' does not exist on type 'Partial<Omit<AlbumBase, "id" | "createdAt" | "updatedAt">>'.
src/transformers/album/mappers.ts(49,28): error TS2339: Property 'imagesToDisconnect' does not exist on type 'Partial<Omit<AlbumBase, "id" | "createdAt" | "updatedAt">>'.
src/transformers/album/mappers.ts(55,54): error TS7006: Parameter 'img' implicitly has an 'any' type.
src/transformers/album/mappers.ts(58,60): error TS7006: Parameter 'img' implicitly has an 'any' type.
src/transformers/album/mappers.ts(86,9): error TS2322: Type 'string | null' is not assignable to type 'string'.
  Type 'null' is not assignable to type 'string'.
src/transformers/album/serializers.ts(8,7): error TS2305: Module '"@/types/entities/album/types"' has no exported member 'AlbumComplete'.
src/transformers/album/serializers.ts(26,27): error TS2345: Argument of type 'AlbumCreateInput | Partial<Omit<AlbumBase, "id" | "createdAt" | "updatedAt">>' is not assignable to parameter of type 'Record<string, unknown>'.
  Type 'AlbumCreateInput' is not assignable to type 'Record<string, unknown>'.
    Index signature for type 'string' is missing in type 'AlbumCreateInput'.
src/transformers/album/serializers.ts(46,53): error TS2345: Argument of type 'AlbumCreateInput | Partial<Omit<AlbumBase, "id" | "createdAt" | "updatedAt">>' is not assignable to parameter of type 'Record<string, unknown>'.
  Type 'AlbumCreateInput' is not assignable to type 'Record<string, unknown>'.
    Index signature for type 'string' is missing in type 'AlbumCreateInput'.
src/transformers/album/transformer.ts(40,3): error TS2322: Type '{ images: { id: string; createdAt: Date; updatedAt: Date; name: string; description: string | null; path: string; isFavorite: boolean; metadata: string | null; hash: string; size: number; ... 12 more ...; noteId: string | null; }[]; ... 13 more ...; sortBy: string; }' is not assignable to type 'AlbumComplete'.
  Types of property 'sortBy' are incompatible.
    Type 'string' is not assignable to type 'AlbumSortCriteria'.
src/transformers/audio/mappers.ts(2,15): error TS2305: Module '"@/types/entities/audio/types"' has no exported member 'Audio'.
src/transformers/audio/serializers.ts(3,15): error TS2305: Module '"@/types/entities/audio/types"' has no exported member 'Audio'.
src/transformers/audio/transformer.ts(2,15): error TS2305: Module '"@/types/entities/audio/types"' has no exported member 'Audio'.
src/transformers/character/index.ts(5,1): error TS2308: Module './server' has already exported a member named 'fromPrismaCharacter'. Consider explicitly re-exporting to resolve the ambiguity.
src/transformers/character/mappers.ts(26,4): error TS2322: Type 'Record<string, any>' is not assignable to type 'string'.
src/transformers/character/mappers.ts(27,4): error TS2322: Type 'Record<string, any>' is not assignable to type 'string'.
src/transformers/character/mappers.ts(64,9): error TS2322: Type '{ stats?: Record<string, any> | undefined; skills?: Record<string, any> | undefined; inventory?: any[] | undefined; spells?: any[] | undefined; feats?: any[] | undefined; metadata?: Record<string, any> | undefined; name?: string | undefined; description?: string | null | undefined; ... 6 more ...; backstory?: string...' is not assignable to type 'CharacterUpdateInput'.
  Types of property 'backstory' are incompatible.
    Type 'string | null | undefined' is not assignable to type 'string | StringFieldUpdateOperationsInput | undefined'.
      Type 'null' is not assignable to type 'string | StringFieldUpdateOperationsInput | undefined'.
src/transformers/character/mappers.ts(103,40): error TS2353: Object literal may only specify known properties, and 'mode' does not exist in type 'StringFilter<"Character">'.
src/transformers/character/mappers.ts(104,47): error TS2353: Object literal may only specify known properties, and 'mode' does not exist in type 'StringNullableFilter<"Character">'.
src/transformers/character/mappers.ts(105,45): error TS2353: Object literal may only specify known properties, and 'mode' does not exist in type 'StringFilter<"Character">'.
src/transformers/character/mappers.ts(111,20): error TS2698: Spread types may only be created from object types.
src/transformers/character/mappers.ts(114,20): error TS2698: Spread types may only be created from object types.
src/transformers/character/server.ts(14,2): error TS2305: Module '"@/types/entities/character/types"' has no exported member 'CharacterSearchResult'.
src/transformers/character/server.ts(16,2): error TS2305: Module '"@/types/entities/character/types"' has no exported member 'TransformCharacterOptions'.
src/transformers/character/server.ts(36,2): error TS2305: Module '"./mappers"' has no exported member 'filterCharacters'.
src/transformers/character/server.ts(38,2): error TS2305: Module '"./mappers"' has no exported member 'mapCharacterToRelatedCharacter'.
src/transformers/character/server.ts(41,2): error TS2305: Module '"./mappers"' has no exported member 'paginateCharacters'.
src/transformers/character/server.ts(42,2): error TS2305: Module '"./mappers"' has no exported member 'processCharacters'.
src/transformers/character/server.ts(43,2): error TS2305: Module '"./mappers"' has no exported member 'sortCharacters'.
src/transformers/character/server.ts(75,4): error TS2353: Object literal may only specify known properties, and 'psychologicalProfile' does not exist in type 'CharacterComplete'.
src/transformers/character/server.ts(85,21): error TS2339: Property 'notes' does not exist on type '{ id: string; createdAt: Date; updatedAt: Date; name: string; description: string | null; emoji: string; color: string; featuredImage: string | null; isFavorite: boolean; filters: string; ... 18 more ...; abilities: string; }'.
src/transformers/character/server.ts(85,33): error TS7006: Parameter 'note' implicitly has an 'any' type.
src/transformers/character/server.ts(93,15): error TS2304: Cannot find name 'TransformerError'.
src/transformers/character/server.ts(103,24): error TS2304: Cannot find name 'TransformerError'.
src/transformers/character/server.ts(106,13): error TS2304: Cannot find name 'TransformerError'.
src/transformers/character/server.ts(120,3): error TS2322: Type 'T & { stats: string; relationships: string; goals: string; fears: string; beliefs: string; personality: string; skills: string; abilities: string; filters: string; }' is not assignable to type 'CharacterCreateInput | CharacterUpdateInput'.
  Type 'T & { stats: string; relationships: string; goals: string; fears: string; beliefs: string; personality: string; skills: string; abilities: string; filters: string; }' is not assignable to type 'CharacterUpdateInput'.
    Types of property 'backstory' are incompatible.
      Type 'string | null | undefined' is not assignable to type 'string | StringFieldUpdateOperationsInput | undefined'.
        Type 'null' is not assignable to type 'string | StringFieldUpdateOperationsInput | undefined'.
src/transformers/character/server.ts(122,26): error TS2345: Argument of type 'JsonValue | undefined' is not assignable to parameter of type 'string | Record<string, any> | undefined'.
  Type 'null' is not assignable to type 'string | Record<string, any> | undefined'.
src/transformers/character/server.ts(123,52): error TS2339: Property 'relationships' does not exist on type 'T'.
src/transformers/character/server.ts(124,36): error TS2339: Property 'goals' does not exist on type 'T'.
src/transformers/character/server.ts(125,36): error TS2551: Property 'fears' does not exist on type 'T'. Did you mean 'feats'?
src/transformers/character/server.ts(126,38): error TS2339: Property 'beliefs' does not exist on type 'T'.
src/transformers/character/server.ts(127,42): error TS2339: Property 'personality' does not exist on type 'T'.
src/transformers/character/server.ts(128,27): error TS2345: Argument of type 'JsonValue | undefined' is not assignable to parameter of type 'string | any[] | undefined'.
  Type 'null' is not assignable to type 'string | any[] | undefined'.
src/transformers/character/server.ts(129,40): error TS2339: Property 'abilities' does not exist on type 'T'.
src/transformers/character/server.ts(130,40): error TS2339: Property 'filters' does not exist on type 'T'.
src/transformers/character/server.ts(134,13): error TS2304: Cannot find name 'TransformerError'.
src/transformers/character/server.ts(148,14): error TS2304: Cannot find name 'TransformerError'.
src/transformers/character/server.ts(153,24): error TS2304: Cannot find name 'TransformerError'.
src/transformers/character/server.ts(156,13): error TS2304: Cannot find name 'TransformerError'.
src/transformers/character/server.ts(376,10): error TS2552: Cannot find name 'parseCharacterFilters'. Did you mean 'parseCharacterFilterOptions'?
src/transformers/character/transformer.ts(37,3): error TS2741: Property 'isActive' is missing in type '{ stats: string; skills: string; inventory: any; spells: any; feats: any; metadata: any; images: { id: string; createdAt: Date; updatedAt: Date; name: string; description: string | null; path: string; ... 16 more ...; noteId: string | null; }[]; ... 30 more ...; abilities: string; }' but required in type 'CharacterComplete'.
src/transformers/character/transformer.ts(42,24): error TS2339: Property 'inventory' does not exist on type '{ images: { id: string; createdAt: Date; updatedAt: Date; name: string; description: string | null; path: string; isFavorite: boolean; metadata: string | null; hash: string; size: number; ... 12 more ...; noteId: string | null; }[]; ... 31 more ...; abilities: string; }'.
src/transformers/character/transformer.ts(43,21): error TS2339: Property 'spells' does not exist on type '{ images: { id: string; createdAt: Date; updatedAt: Date; name: string; description: string | null; path: string; isFavorite: boolean; metadata: string | null; hash: string; size: number; ... 12 more ...; noteId: string | null; }[]; ... 31 more ...; abilities: string; }'.
src/transformers/character/transformer.ts(44,20): error TS2551: Property 'feats' does not exist on type '{ images: { id: string; createdAt: Date; updatedAt: Date; name: string; description: string | null; path: string; isFavorite: boolean; metadata: string | null; hash: string; size: number; ... 12 more ...; noteId: string | null; }[]; ... 31 more ...; abilities: string; }'. Did you mean 'fears'?
src/transformers/character/transformer.ts(45,23): error TS2339: Property 'metadata' does not exist on type '{ images: { id: string; createdAt: Date; updatedAt: Date; name: string; description: string | null; path: string; isFavorite: boolean; metadata: string | null; hash: string; size: number; ... 12 more ...; noteId: string | null; }[]; ... 31 more ...; abilities: string; }'.
src/transformers/character/types.ts(7,36): error TS2306: File 'D:/DEV/image-manager/src/types/entities/character/base.ts' is not a module.
src/transformers/character/types.ts(8,15): error TS2305: Module '"@/types/entities/character/types"' has no exported member 'CharacterExtended'.
src/transformers/character/types.ts(8,34): error TS2305: Module '"@/types/entities/character/types"' has no exported member 'CharacterWithStats'.
src/transformers/collection/index.ts(9,2): error TS2305: Module '"@/types/entities/collection/types"' has no exported member 'CollectionComplete'.
src/transformers/collection/index.ts(11,2): error TS2305: Module '"@/types/entities/collection/types"' has no exported member 'CollectionSearchOptions'.
src/transformers/collection/index.ts(12,2): error TS2305: Module '"@/types/entities/collection/types"' has no exported member 'CollectionSearchResult'.
src/transformers/collection/index.ts(53,64): error TS2345: Argument of type '{ id: string; createdAt: Date; updatedAt: Date; name: string; description: string | null; emoji: string; color: string; featuredImage: string | null; isFavorite: boolean; filters: string; ... 13 more ...; editions: string; }' is not assignable to parameter of type '{ parent: never; children: never; images: { id: string; createdAt: Date; updatedAt: Date; name: string; description: string | null; path: string; isFavorite: boolean; metadata: string | null; ... 14 more ...; noteId: string | null; }[]; ... 10 more ...; sharedWith: never; } & { ...; }'.
  Type '{ id: string; createdAt: Date; updatedAt: Date; name: string; description: string | null; emoji: string; color: string; featuredImage: string | null; isFavorite: boolean; filters: string; ... 13 more ...; editions: string; }' is missing the following properties from type '{ parent: never; children: never; images: { id: string; createdAt: Date; updatedAt: Date; name: string; description: string | null; path: string; isFavorite: boolean; metadata: string | null; ... 14 more ...; noteId: string | null; }[]; ... 10 more ...; sharedWith: never; }': parent, children, images, videos, and 10 more.
src/transformers/collection/index.ts(75,5): error TS2353: Object literal may only specify known properties, and 'owner' does not exist in type 'CollectionInclude<DefaultArgs>'.
src/transformers/collection/index.ts(96,31): error TS2345: Argument of type '{ id: string; createdAt: Date; updatedAt: Date; name: string; description: string | null; emoji: string; color: string; featuredImage: string | null; isFavorite: boolean; filters: string; ... 13 more ...; editions: string; }' is not assignable to parameter of type '{ parent: never; children: never; images: { id: string; createdAt: Date; updatedAt: Date; name: string; description: string | null; path: string; isFavorite: boolean; metadata: string | null; ... 14 more ...; noteId: string | null; }[]; ... 10 more ...; sharedWith: never; } & { ...; }'.
  Type '{ id: string; createdAt: Date; updatedAt: Date; name: string; description: string | null; emoji: string; color: string; featuredImage: string | null; isFavorite: boolean; filters: string; ... 13 more ...; editions: string; }' is missing the following properties from type '{ parent: never; children: never; images: { id: string; createdAt: Date; updatedAt: Date; name: string; description: string | null; path: string; isFavorite: boolean; metadata: string | null; ... 14 more ...; noteId: string | null; }[]; ... 10 more ...; sharedWith: never; }': parent, children, images, videos, and 10 more.
src/transformers/collection/index.ts(120,5): error TS2353: Object literal may only specify known properties, and 'owner' does not exist in type 'CollectionInclude<DefaultArgs>'.
src/transformers/collection/index.ts(137,31): error TS2345: Argument of type '{ id: string; createdAt: Date; updatedAt: Date; name: string; description: string | null; emoji: string; color: string; featuredImage: string | null; isFavorite: boolean; filters: string; ... 13 more ...; editions: string; }' is not assignable to parameter of type '{ parent: never; children: never; images: { id: string; createdAt: Date; updatedAt: Date; name: string; description: string | null; path: string; isFavorite: boolean; metadata: string | null; ... 14 more ...; noteId: string | null; }[]; ... 10 more ...; sharedWith: never; } & { ...; }'.
  Type '{ id: string; createdAt: Date; updatedAt: Date; name: string; description: string | null; emoji: string; color: string; featuredImage: string | null; isFavorite: boolean; filters: string; ... 13 more ...; editions: string; }' is missing the following properties from type '{ parent: never; children: never; images: { id: string; createdAt: Date; updatedAt: Date; name: string; description: string | null; path: string; isFavorite: boolean; metadata: string | null; ... 14 more ...; noteId: string | null; }[]; ... 10 more ...; sharedWith: never; }': parent, children, images, videos, and 10 more.
src/transformers/collection/index.ts(162,5): error TS2353: Object literal may only specify known properties, and 'owner' does not exist in type 'CollectionInclude<DefaultArgs>'.
src/transformers/collection/index.ts(179,31): error TS2345: Argument of type '{ id: string; createdAt: Date; updatedAt: Date; name: string; description: string | null; emoji: string; color: string; featuredImage: string | null; isFavorite: boolean; filters: string; ... 13 more ...; editions: string; }' is not assignable to parameter of type '{ parent: never; children: never; images: { id: string; createdAt: Date; updatedAt: Date; name: string; description: string | null; path: string; isFavorite: boolean; metadata: string | null; ... 14 more ...; noteId: string | null; }[]; ... 10 more ...; sharedWith: never; } & { ...; }'.
  Type '{ id: string; createdAt: Date; updatedAt: Date; name: string; description: string | null; emoji: string; color: string; featuredImage: string | null; isFavorite: boolean; filters: string; ... 13 more ...; editions: string; }' is missing the following properties from type '{ parent: never; children: never; images: { id: string; createdAt: Date; updatedAt: Date; name: string; description: string | null; path: string; isFavorite: boolean; metadata: string | null; ... 14 more ...; noteId: string | null; }[]; ... 10 more ...; sharedWith: never; }': parent, children, images, videos, and 10 more.
src/transformers/collection/mappers.ts(8,5): error TS2724: '"@/types/entities/collection"' has no exported member named 'COLLECTION_CATEGORY_COLORS'. Did you mean 'CollectionCategory'?
src/transformers/collection/mappers.ts(9,5): error TS2724: '"@/types/entities/collection"' has no exported member named 'COLLECTION_CATEGORY_EMOJIS'. Did you mean 'CollectionCategory'?
src/transformers/collection/mappers.ts(12,10): error TS2305: Module '"@/types/entities/collection"' has no exported member 'CollectionComplete'.
src/transformers/collection/mappers.ts(14,10): error TS2305: Module '"@/types/entities/collection"' has no exported member 'CollectionFilters'.
src/transformers/collection/mappers.ts(15,10): error TS2305: Module '"@/types/entities/collection"' has no exported member 'CollectionSearchOptions'.
src/transformers/collection/mappers.ts(16,10): error TS2305: Module '"@/types/entities/collection"' has no exported member 'CollectionSummary'.
src/transformers/collection/mappers.ts(50,4): error TS2304: Cannot find name 'CollectionWithRelations'.
src/transformers/collection/mappers.ts(78,4): error TS2304: Cannot find name 'CollectionWithRelations'.
src/transformers/collection/mappers.ts(99,54): error TS2304: Cannot find name 'CollectionWithRelations'.
src/transformers/collection/mappers.ts(122,3): error TS2353: Object literal may only specify known properties, and 'rarity' does not exist in type 'Partial<{ id: string; createdAt: Date; updatedAt: Date; name: string; description: string | null; emoji: string; color: string; featuredImage: string | null; isFavorite: boolean; filters: string; ... 13 more ...; editions: string; }>'.
src/transformers/collection/mappers.ts(138,65): error TS2304: Cannot find name 'CollectionWithRelations'.
src/transformers/collection/mappers.ts(138,100): error TS2304: Cannot find name 'CollectionWithRelations'.
src/transformers/collection/mappers.ts(158,51): error TS2304: Cannot find name 'CollectionWithRelations'.
src/transformers/collection/mappers.ts(172,12): error TS7006: Parameter 'img' implicitly has an 'any' type.
src/transformers/collection/mappers.ts(175,53): error TS7006: Parameter 'img' implicitly has an 'any' type.
src/transformers/collection/mappers.ts(193,28): error TS2322: Type '{ set: string[]; } | undefined' is not assignable to type 'TagCreateNestedManyWithoutCollectionsInput | undefined'.
  Object literal may only specify known properties, and 'set' does not exist in type 'TagCreateNestedManyWithoutCollectionsInput'.
src/transformers/collection/mappers.ts(219,24): error TS2322: Type 'string[]' is not assignable to type 'TagWhereUniqueInput | TagWhereUniqueInput[] | undefined'.
  Type 'string[]' is not assignable to type 'TagWhereUniqueInput[]'.
    Type 'string' is not assignable to type 'TagWhereUniqueInput'.
src/transformers/collection/mappers.ts(239,33): error TS2339: Property 'metadata' does not exist on type '{ id: string; createdAt: Date; updatedAt: Date; name: string; description: string | null; emoji: string; color: string; featuredImage: string | null; isFavorite: boolean; filters: string; ... 13 more ...; editions: string; }'.
src/transformers/collection/mappers.ts(239,63): error TS2339: Property 'metadata' does not exist on type '{ id: string; createdAt: Date; updatedAt: Date; name: string; description: string | null; emoji: string; color: string; featuredImage: string | null; isFavorite: boolean; filters: string; ... 13 more ...; editions: string; }'.
src/transformers/collection/mappers.ts(239,114): error TS2339: Property 'metadata' does not exist on type '{ id: string; createdAt: Date; updatedAt: Date; name: string; description: string | null; emoji: string; color: string; featuredImage: string | null; isFavorite: boolean; filters: string; ... 13 more ...; editions: string; }'.
src/transformers/collection/mappers.ts(240,23): error TS2339: Property 'metadata' does not exist on type '{ id: string; createdAt: Date; updatedAt: Date; name: string; description: string | null; emoji: string; color: string; featuredImage: string | null; isFavorite: boolean; filters: string; ... 13 more ...; editions: string; }'.
src/transformers/collection/mappers.ts(243,33): error TS2339: Property 'settings' does not exist on type '{ id: string; createdAt: Date; updatedAt: Date; name: string; description: string | null; emoji: string; color: string; featuredImage: string | null; isFavorite: boolean; filters: string; ... 13 more ...; editions: string; }'.
src/transformers/collection/mappers.ts(243,63): error TS2339: Property 'settings' does not exist on type '{ id: string; createdAt: Date; updatedAt: Date; name: string; description: string | null; emoji: string; color: string; featuredImage: string | null; isFavorite: boolean; filters: string; ... 13 more ...; editions: string; }'.
src/transformers/collection/mappers.ts(243,114): error TS2339: Property 'settings' does not exist on type '{ id: string; createdAt: Date; updatedAt: Date; name: string; description: string | null; emoji: string; color: string; featuredImage: string | null; isFavorite: boolean; filters: string; ... 13 more ...; editions: string; }'.
src/transformers/collection/mappers.ts(244,23): error TS2339: Property 'settings' does not exist on type '{ id: string; createdAt: Date; updatedAt: Date; name: string; description: string | null; emoji: string; color: string; featuredImage: string | null; isFavorite: boolean; filters: string; ... 13 more ...; editions: string; }'.
src/transformers/collection/mappers.ts(258,26): error TS2339: Property 'type' does not exist on type '{ id: string; createdAt: Date; updatedAt: Date; name: string; description: string | null; emoji: string; color: string; featuredImage: string | null; isFavorite: boolean; filters: string; ... 13 more ...; editions: string; }'.
src/transformers/collection/mappers.ts(260,26): error TS2339: Property 'tags' does not exist on type '{ id: string; createdAt: Date; updatedAt: Date; name: string; description: string | null; emoji: string; color: string; featuredImage: string | null; isFavorite: boolean; filters: string; ... 13 more ...; editions: string; }'.
src/transformers/collection/mappers.ts(261,30): error TS2339: Property 'isPublic' does not exist on type '{ id: string; createdAt: Date; updatedAt: Date; name: string; description: string | null; emoji: string; color: string; featuredImage: string | null; isFavorite: boolean; filters: string; ... 13 more ...; editions: string; }'.
src/transformers/collection/mappers.ts(293,38): error TS2339: Property 'owner' does not exist on type 'CollectionInclude<DefaultArgs>'.
src/transformers/collection/mappers.ts(294,39): error TS2339: Property 'parent' does not exist on type 'CollectionInclude<DefaultArgs>'.
src/transformers/collection/mappers.ts(295,41): error TS2339: Property 'children' does not exist on type 'CollectionInclude<DefaultArgs>'.
src/transformers/collection/mappers.ts(303,38): error TS2339: Property 'items' does not exist on type 'CollectionInclude<DefaultArgs>'.
src/transformers/collection/mappers.ts(305,43): error TS2339: Property 'sharedWith' does not exist on type 'CollectionInclude<DefaultArgs>'.
src/transformers/collection/mappers.ts(332,39): error TS2353: Object literal may only specify known properties, and 'mode' does not exist in type 'StringFilter<"Collection">'.
src/transformers/collection/mappers.ts(333,46): error TS2353: Object literal may only specify known properties, and 'mode' does not exist in type 'StringNullableFilter<"Collection">'.
src/transformers/collection/mappers.ts(344,10): error TS2339: Property 'ownerId' does not exist on type 'CollectionWhereInput'.
src/transformers/collection/mappers.ts(349,10): error TS2339: Property 'parentId' does not exist on type 'CollectionWhereInput'.
src/transformers/collection/mappers.ts(359,10): error TS2339: Property 'isPublic' does not exist on type 'CollectionWhereInput'.
src/transformers/collection/mappers.ts(366,6): error TS2698: Spread types may only be created from object types.
src/transformers/collection/mappers.ts(372,6): error TS2698: Spread types may only be created from object types.
src/transformers/collection/mappers.ts(407,83): error TS2304: Cannot find name 'CollectionWithRelations'.
src/transformers/collection/serializers.ts(9,2): error TS2305: Module '"@/types/entities/collection"' has no exported member 'CollectionComplete'.
src/transformers/collection/serializers.ts(10,2): error TS2305: Module '"@/types/entities/collection"' has no exported member 'CollectionEdition'.
src/transformers/collection/serializers.ts(12,2): error TS2305: Module '"@/types/entities/collection"' has no exported member 'CollectionFilter'.
src/transformers/collection/serializers.ts(13,2): error TS2305: Module '"@/types/entities/collection"' has no exported member 'CollectionSummary'.
src/transformers/collection/serializers.ts(100,18): error TS2339: Property 'id' does not exist on type '{ id: string; createdAt: Date; updatedAt: Date; name: string; description: string | null; emoji: string; color: string; featuredImage: string | null; isFavorite: boolean; filters: string; ... 13 more ...; editions: string; } | CollectionExtended'.
  Property 'id' does not exist on type 'CollectionExtended'.
src/transformers/collection/serializers.ts(101,20): error TS2339: Property 'name' does not exist on type '{ id: string; createdAt: Date; updatedAt: Date; name: string; description: string | null; emoji: string; color: string; featuredImage: string | null; isFavorite: boolean; filters: string; ... 13 more ...; editions: string; } | CollectionExtended'.
  Property 'name' does not exist on type 'CollectionExtended'.
src/transformers/collection/serializers.ts(102,21): error TS2339: Property 'emoji' does not exist on type '{ id: string; createdAt: Date; updatedAt: Date; name: string; description: string | null; emoji: string; color: string; featuredImage: string | null; isFavorite: boolean; filters: string; ... 13 more ...; editions: string; } | CollectionExtended'.
  Property 'emoji' does not exist on type 'CollectionExtended'.
src/transformers/collection/serializers.ts(103,21): error TS2339: Property 'color' does not exist on type '{ id: string; createdAt: Date; updatedAt: Date; name: string; description: string | null; emoji: string; color: string; featuredImage: string | null; isFavorite: boolean; filters: string; ... 13 more ...; editions: string; } | CollectionExtended'.
  Property 'color' does not exist on type 'CollectionExtended'.
src/transformers/collection/serializers.ts(105,24): error TS2339: Property 'category' does not exist on type '{ id: string; createdAt: Date; updatedAt: Date; name: string; description: string | null; emoji: string; color: string; featuredImage: string | null; isFavorite: boolean; filters: string; ... 13 more ...; editions: string; } | CollectionExtended'.
  Property 'category' does not exist on type 'CollectionExtended'.
src/transformers/collection/serializers.ts(118,27): error TS2345: Argument of type 'CollectionCreateInput | Partial<Omit<CollectionBase, "id" | "createdAt" | "updatedAt">>' is not assignable to parameter of type 'Record<string, unknown>'.
  Type 'CollectionCreateInput' is not assignable to type 'Record<string, unknown>'.
    Index signature for type 'string' is missing in type 'CollectionCreateInput'.
src/transformers/collection/serializers.ts(132,58): error TS2345: Argument of type 'CollectionCreateInput | Partial<Omit<CollectionBase, "id" | "createdAt" | "updatedAt">>' is not assignable to parameter of type 'Record<string, unknown>'.
  Type 'CollectionCreateInput' is not assignable to type 'Record<string, unknown>'.
    Index signature for type 'string' is missing in type 'CollectionCreateInput'.
src/transformers/collection/serializers.ts(136,4): error TS2322: Type '{ metadata: string; settings: string; groupIds?: string[] | undefined; propertyIds?: string[] | undefined; wildcardIds?: string[] | undefined; name: string; description?: string | undefined; ... 4 more ...; type: string; } | { ...; }' is not assignable to type 'CollectionCreateInput | CollectionUpdateInput'.
  Object literal may only specify known properties, and 'metadata' does not exist in type 'CollectionCreateInput | CollectionUpdateInput'.
src/transformers/collection/serializers.ts(170,58): error TS2339: Property 'metadata' does not exist on type '{ parent: never; children: never; images: { id: string; createdAt: Date; updatedAt: Date; name: string; description: string | null; path: string; isFavorite: boolean; metadata: string | null; ... 14 more ...; noteId: string | null; }[]; ... 10 more ...; sharedWith: never; } & { ...; }'.
src/transformers/collection/serializers.ts(171,58): error TS2339: Property 'settings' does not exist on type '{ parent: never; children: never; images: { id: string; createdAt: Date; updatedAt: Date; name: string; description: string | null; path: string; isFavorite: boolean; metadata: string | null; ... 14 more ...; noteId: string | null; }[]; ... 10 more ...; sharedWith: never; } & { ...; }'.
src/transformers/collection/serializers.ts(180,4): error TS2322: Type 'string | null' is not assignable to type 'string | undefined'.
  Type 'null' is not assignable to type 'string | undefined'.
src/transformers/collection/serializers.ts(181,27): error TS2339: Property 'type' does not exist on type '{ parent: never; children: never; images: { id: string; createdAt: Date; updatedAt: Date; name: string; description: string | null; path: string; isFavorite: boolean; metadata: string | null; ... 14 more ...; noteId: string | null; }[]; ... 10 more ...; sharedWith: never; } & { ...; }'.
src/transformers/collection/serializers.ts(182,4): error TS2322: Type 'string | null' is not assignable to type 'string | undefined'.
  Type 'null' is not assignable to type 'string | undefined'.
src/transformers/collection/serializers.ts(184,31): error TS2339: Property 'isPublic' does not exist on type '{ parent: never; children: never; images: { id: string; createdAt: Date; updatedAt: Date; name: string; description: string | null; path: string; isFavorite: boolean; metadata: string | null; ... 14 more ...; noteId: string | null; }[]; ... 10 more ...; sharedWith: never; } & { ...; }'.
src/transformers/collection/serializers.ts(199,65): error TS2339: Property 'id' does not exist on type 'never'.
src/transformers/collection/serializers.ts(200,68): error TS2339: Property 'id' does not exist on type 'never'.
src/transformers/collection/serializers.ts(201,41): error TS2339: Property 'map' does not exist on type 'never'.
src/transformers/collection/serializers.ts(201,46): error TS7006: Parameter 'child' implicitly has an 'any' type.
src/transformers/collection/serializers.ts(209,35): error TS2339: Property 'map' does not exist on type 'never'.
src/transformers/collection/serializers.ts(209,40): error TS7006: Parameter 'item' implicitly has an 'any' type.
src/transformers/collection/serializers.ts(211,45): error TS2339: Property 'map' does not exist on type 'never'.
src/transformers/collection/serializers.ts(211,50): error TS7006: Parameter 'user' implicitly has an 'any' type.
src/transformers/collection/serializers.ts(276,26): error TS2339: Property 'length' does not exist on type '{}'.
src/transformers/collection/serializers.ts(279,30): error TS2339: Property 'length' does not exist on type '{}'.
src/transformers/collection/serializers.ts(282,26): error TS2339: Property 'length' does not exist on type '{}'.
src/transformers/collection/serializers.ts(315,31): error TS2339: Property 'start' does not exist on type '{}'.
src/transformers/collection/serializers.ts(316,25): error TS2698: Spread types may only be created from object types.
src/transformers/collection/serializers.ts(316,74): error TS2339: Property 'start' does not exist on type '{}'.
src/transformers/collection/serializers.ts(318,31): error TS2339: Property 'end' does not exist on type '{}'.
src/transformers/collection/serializers.ts(319,25): error TS2698: Spread types may only be created from object types.
src/transformers/collection/serializers.ts(319,74): error TS2339: Property 'end' does not exist on type '{}'.
src/transformers/collection/transformer.ts(7,15): error TS2305: Module '"@/types/entities/collection/types"' has no exported member 'CollectionComplete'.
src/transformers/concept/index.ts(9,2): error TS2305: Module '"@/types/entities/concept/types"' has no exported member 'ConceptComplete'.
src/transformers/concept/index.ts(11,2): error TS2305: Module '"@/types/entities/concept/types"' has no exported member 'ConceptFilters'.
src/transformers/concept/index.ts(12,2): error TS2305: Module '"@/types/entities/concept/types"' has no exported member 'ConceptSearchOptions'.
src/transformers/concept/index.ts(13,2): error TS2305: Module '"@/types/entities/concept/types"' has no exported member 'ConceptSearchResult'.
src/transformers/concept/mappers.ts(8,61): error TS2306: File 'D:/DEV/image-manager/src/types/entities/concept/base.ts' is not a module.
src/transformers/concept/mappers.ts(11,2): error TS2305: Module '"@/types/entities/concept/types"' has no exported member 'CONCEPT_SORT_PROPERTY_MAP'.
src/transformers/concept/mappers.ts(13,2): error TS2305: Module '"@/types/entities/concept/types"' has no exported member 'ConceptSearchOptions'.
src/transformers/concept/mappers.ts(14,2): error TS2305: Module '"@/types/entities/concept/types"' has no exported member 'ConceptSearchResult'.
src/transformers/concept/mappers.ts(15,2): error TS2305: Module '"@/types/entities/concept/types"' has no exported member 'ConceptSortCriteria'.
src/transformers/concept/mappers.ts(230,32): error TS2339: Property 'tags' does not exist on type 'ConceptBase'.
src/transformers/concept/mappers.ts(230,48): error TS2339: Property 'tags' does not exist on type 'ConceptBase'.
src/transformers/concept/mappers.ts(230,79): error TS2339: Property 'tags' does not exist on type 'ConceptBase'.
src/transformers/concept/mappers.ts(286,57): error TS2339: Property 'tags' does not exist on type 'ConceptBase'.
src/transformers/concept/mappers.ts(286,73): error TS2339: Property 'tags' does not exist on type 'ConceptBase'.
src/transformers/concept/mappers.ts(286,104): error TS2339: Property 'tags' does not exist on type 'ConceptBase'.
src/transformers/concept/serializers.ts(11,2): error TS2305: Module '"@/types/entities/concept/types"' has no exported member 'ConceptComplete'.
src/transformers/concept/serializers.ts(12,2): error TS2305: Module '"@/types/entities/concept/types"' has no exported member 'ConceptCounts'.
src/transformers/concept/serializers.ts(13,2): error TS2305: Module '"@/types/entities/concept/types"' has no exported member 'ConceptDeserialized'.
src/transformers/concept/serializers.ts(14,2): error TS2305: Module '"@/types/entities/concept/types"' has no exported member 'ConceptRelations'.
src/transformers/concept/serializers.ts(15,2): error TS2305: Module '"@/types/entities/concept/types"' has no exported member 'ConceptUI'.
src/transformers/concept/serializers.ts(86,34): error TS2339: Property 'tags' does not exist on type 'T'.
src/transformers/concept/transformer.ts(9,15): error TS2305: Module '"@/types/entities/concept/types"' has no exported member 'ConceptComplete'.
src/transformers/concept/transformer.ts(9,32): error TS2305: Module '"@/types/entities/concept/types"' has no exported member 'ConceptExtended'.
src/transformers/concept/transformer.ts(9,49): error TS2305: Module '"@/types/entities/concept/types"' has no exported member 'ConceptWithStats'.
src/transformers/document/mappers.ts(4,15): error TS2305: Module '"@/types/entities/document/types"' has no exported member 'Document'.
src/transformers/document/serializers.ts(3,15): error TS2305: Module '"@/types/entities/document/types"' has no exported member 'Document'.
src/transformers/document/transformer.ts(2,15): error TS2305: Module '"@/types/entities/document/types"' has no exported member 'Document'.
src/transformers/favorite/mappers.ts(10,2): error TS2305: Module '"@/types/entities/favorite"' has no exported member 'FavoriteExtended'.
src/transformers/favorite/mappers.ts(11,2): error TS2305: Module '"@/types/entities/favorite"' has no exported member 'FavoriteFilters'.
src/transformers/favorite/mappers.ts(12,2): error TS2724: '"@/types/entities/favorite"' has no exported member named 'FavoriteUpdateInput'. Did you mean 'FavoriteCreateInput'?
src/transformers/favorite/mappers.ts(15,2): error TS2305: Module '"@/types/entities/favorite"' has no exported member 'FAVORITE_ENTITY_COLORS'.
src/transformers/favorite/mappers.ts(16,2): error TS2305: Module '"@/types/entities/favorite"' has no exported member 'FAVORITE_ENTITY_DISPLAY_NAMES'.
src/transformers/favorite/mappers.ts(17,2): error TS2305: Module '"@/types/entities/favorite"' has no exported member 'FAVORITE_ENTITY_EMOJIS'.
src/transformers/favorite/serializers.ts(7,15): error TS2305: Module '"@/types/entities/favorite"' has no exported member 'FavoriteWithImage'.
src/transformers/favorite/serializers.ts(115,4): error TS2322: Type '"image"' is not assignable to type 'FileType'.
src/transformers/favorite/serializers.ts(119,4): error TS2322: Type 'string' is not assignable to type 'JSONString<MediaMetadata>'.
  Type 'string' is not assignable to type '{ _brand: "JSONString"; _type: MediaMetadata; }'.
src/transformers/favorite/serializers.ts(162,4): error TS2322: Type '"image"' is not assignable to type 'FileType'.
src/transformers/favorite/serializers.ts(166,4): error TS2322: Type 'null' is not assignable to type 'JSONString<MediaMetadata>'.
  Type 'null' is not assignable to type 'string'.
src/transformers/favorite/serializers.ts(167,4): error TS2322: Type 'null' is not assignable to type 'string | undefined'.
src/transformers/favorite/transformer.ts(11,5): error TS2305: Module '"@/types/entities/favorite/types"' has no exported member 'FavoriteExtended'.
src/transformers/favorite/transformer.ts(12,5): error TS2305: Module '"@/types/entities/favorite/types"' has no exported member 'FavoritesByType'.
src/transformers/favorite/transformer.ts(13,5): error TS2724: '"@/types/entities/favorite/types"' has no exported member named 'FavoriteStats'. Did you mean 'FavoriteBase'?
src/transformers/file/mappers.ts(9,7): error TS2305: Module '"@/types/entities/file/index"' has no exported member 'DirectoryInfo'.
src/transformers/file/mappers.ts(12,2): error TS2305: Module '"@/types/entities/file/index"' has no exported member 'FILE_EXTENSION_GROUPS'.
src/transformers/file/mappers.ts(14,7): error TS2305: Module '"@/types/entities/file/index"' has no exported member 'FileFilterOptions'.
src/transformers/file/mappers.ts(15,7): error TS2305: Module '"@/types/entities/file/index"' has no exported member 'FileInfo'.
src/transformers/file/mappers.ts(269,15): error TS2339: Property 'isDirectory' does not exist on type 'FileBase'.
src/transformers/file/mappers.ts(271,17): error TS2339: Property 'type' does not exist on type 'FileBase'.
src/transformers/file/mappers.ts(272,28): error TS2339: Property 'type' does not exist on type 'FileBase'.
src/transformers/file/mappers.ts(274,27): error TS2339: Property 'type' does not exist on type 'FileBase'.
src/transformers/file/mappers.ts(277,28): error TS2339: Property 'size' does not exist on type 'FileBase'.
src/transformers/file/mappers.ts(281,15): error TS2339: Property 'modifiedAt' does not exist on type 'FileBase'.
src/transformers/file/mappers.ts(282,33): error TS2339: Property 'modifiedAt' does not exist on type 'FileBase'.
src/transformers/file/mappers.ts(286,15): error TS2339: Property 'type' does not exist on type 'FileBase'.
src/transformers/file/mappers.ts(288,22): error TS2339: Property 'type' does not exist on type 'FileBase'.
src/transformers/file/mappers.ts(290,22): error TS2339: Property 'type' does not exist on type 'FileBase'.
src/transformers/file/mappers.ts(308,49): error TS2339: Property 'type' does not exist on type 'FileBase'.
src/transformers/file/mappers.ts(312,54): error TS2339: Property 'isDirectory' does not exist on type 'FileBase'.
src/transformers/file/mappers.ts(421,69): error TS2339: Property 'name' does not exist on type 'FileBase'.
src/transformers/file/mappers.ts(427,14): error TS2339: Property 'isDirectory' does not exist on type 'FileBase'.
src/transformers/file/mappers.ts(428,39): error TS2339: Property 'name' does not exist on type 'FileBase'.
src/transformers/file/mappers.ts(436,14): error TS2339: Property 'isDirectory' does not exist on type 'FileBase'.
src/transformers/file/mappers.ts(437,41): error TS2339: Property 'type' does not exist on type 'FileBase'.
src/transformers/file/mappers.ts(443,56): error TS2339: Property 'isDirectory' does not exist on type 'FileBase'.
src/transformers/file/mappers.ts(443,76): error TS2339: Property 'size' does not exist on type 'FileBase'.
src/transformers/file/mappers.ts(446,56): error TS2339: Property 'isDirectory' does not exist on type 'FileBase'.
src/transformers/file/mappers.ts(446,76): error TS2339: Property 'size' does not exist on type 'FileBase'.
src/transformers/file/mappers.ts(451,56): error TS2339: Property 'modifiedAt' does not exist on type 'FileBase'.
src/transformers/file/mappers.ts(454,56): error TS2339: Property 'modifiedAt' does not exist on type 'FileBase'.
src/transformers/file/mappers.ts(459,57): error TS2339: Property 'isHidden' does not exist on type 'FileBase'.
src/transformers/file/mappers.ts(464,57): error TS2339: Property 'isSystem' does not exist on type 'FileBase'.
src/transformers/file/mappers.ts(473,11): error TS2339: Property 'isDirectory' does not exist on type 'FileBase'.
src/transformers/file/mappers.ts(473,29): error TS2339: Property 'isDirectory' does not exist on type 'FileBase'.
src/transformers/file/mappers.ts(474,12): error TS2339: Property 'isDirectory' does not exist on type 'FileBase'.
src/transformers/file/mappers.ts(474,29): error TS2339: Property 'isDirectory' does not exist on type 'FileBase'.
src/transformers/file/mappers.ts(479,22): error TS2339: Property 'name' does not exist on type 'FileBase'.
src/transformers/file/mappers.ts(479,43): error TS2339: Property 'name' does not exist on type 'FileBase'.
src/transformers/file/mappers.ts(482,22): error TS2339: Property 'size' does not exist on type 'FileBase'.
src/transformers/file/mappers.ts(482,31): error TS2339: Property 'size' does not exist on type 'FileBase'.
src/transformers/file/mappers.ts(485,22): error TS2339: Property 'type' does not exist on type 'FileBase'.
src/transformers/file/mappers.ts(485,43): error TS2339: Property 'type' does not exist on type 'FileBase'.
src/transformers/file/mappers.ts(491,22): error TS2339: Property 'modifiedAt' does not exist on type 'FileBase'.
src/transformers/file/mappers.ts(491,47): error TS2339: Property 'modifiedAt' does not exist on type 'FileBase'.
src/transformers/file/mappers.ts(494,22): error TS2339: Property 'name' does not exist on type 'FileBase'.
src/transformers/file/mappers.ts(494,43): error TS2339: Property 'name' does not exist on type 'FileBase'.
src/transformers/file/serializers.ts(8,7): error TS2305: Module '"@/types/entities/file"' has no exported member 'DirectoryReadResult'.
src/transformers/file/serializers.ts(11,7): error TS2305: Module '"@/types/entities/file"' has no exported member 'FileOperationResult'.
src/transformers/file/serializers.ts(42,54): error TS2339: Property 'isDirectory' does not exist on type 'FileBase'.
src/transformers/file/serializers.ts(158,28): error TS2339: Property 'children' does not exist on type 'any[]'.
src/transformers/file/serializers.ts(158,43): error TS7006: Parameter 'child' implicitly has an 'any' type.
src/transformers/file/serializers.ts(163,11): error TS2304: Cannot find name 'generateFileId'.
src/transformers/file/serializers.ts(174,18): error TS2339: Property 'children' does not exist on type 'any[]'.
src/transformers/file/serializers.ts(179,10): error TS2304: Cannot find name 'fileInfoMap'.
src/transformers/file/serializers.ts(180,28): error TS2304: Cannot find name 'fileInfoMap'.
src/transformers/file3d/mappers.ts(2,15): error TS2305: Module '"@/types/entities/file3d/types"' has no exported member 'File3D'.
src/transformers/file3d/serializers.ts(3,15): error TS2305: Module '"@/types/entities/file3d/types"' has no exported member 'File3D'.
src/transformers/file3d/transformer.ts(2,15): error TS2305: Module '"@/types/entities/file3d/types"' has no exported member 'File3D'.
src/transformers/folder/mappers.ts(8,5): error TS2305: Module '"@/types/entities/folder"' has no exported member 'Folder'.
src/transformers/folder/mappers.ts(9,5): error TS2305: Module '"@/types/entities/folder"' has no exported member 'FolderComplete'.
src/transformers/folder/mappers.ts(11,5): error TS2305: Module '"@/types/entities/folder"' has no exported member 'FolderFilters'.
src/transformers/folder/mappers.ts(12,5): error TS2305: Module '"@/types/entities/folder"' has no exported member 'FolderSearchOptions'.
src/transformers/folder/mappers.ts(77,40): error TS2353: Object literal may only specify known properties, and 'mode' does not exist in type 'StringFilter<"Folder">'.
src/transformers/folder/mappers.ts(78,47): error TS2353: Object literal may only specify known properties, and 'mode' does not exist in type 'StringNullableFilter<"Folder">'.
src/transformers/folder/mappers.ts(79,40): error TS2353: Object literal may only specify known properties, and 'mode' does not exist in type 'StringFilter<"Folder">'.
src/transformers/folder/transformer.ts(8,15): error TS2305: Module '"@/types/entities/folder"' has no exported member 'FolderComplete'.
src/transformers/group/index.ts(6,10): error TS2305: Module '"@/lib/constants"' has no exported member 'DEFAULT_PAGE_SIZE'.
src/transformers/group/index.ts(6,29): error TS2305: Module '"@/lib/constants"' has no exported member 'MAX_PAGE_SIZE'.
src/transformers/group/index.ts(10,33): error TS2305: Module '"@/types/entities/group"' has no exported member 'GroupExtended'.
src/transformers/group/index.ts(10,48): error TS2305: Module '"@/types/entities/group"' has no exported member 'GroupSearchResult'.
src/transformers/group/index.ts(50,18): error TS2339: Property 'isActive' does not exist on type 'GroupWhereInput'.
src/transformers/group/index.ts(362,6): error TS2353: Object literal may only specify known properties, and 'isActive' does not exist in type '(Without<GroupUpdateInput, GroupUncheckedUpdateInput> & GroupUncheckedUpdateInput) | (Without<...> & GroupUpdateInput)'.
src/transformers/group/index.ts(393,10): error TS2304: Cannot find name 'mapGroupToRelatedGroup'.
src/transformers/group/index.ts(395,9): error TS2304: Cannot find name 'handleTransformerError'.
src/transformers/group/mappers.ts(10,2): error TS2305: Module '"@/types/entities/group"' has no exported member 'GroupCard'.
src/transformers/group/mappers.ts(11,2): error TS2305: Module '"@/types/entities/group"' has no exported member 'GroupListItem'.
src/transformers/group/mappers.ts(12,2): error TS2305: Module '"@/types/entities/group"' has no exported member 'GroupListItemImage'.
src/transformers/group/mappers.ts(13,2): error TS2305: Module '"@/types/entities/group"' has no exported member 'GroupListProps'.
src/transformers/group/mappers.ts(14,2): error TS2305: Module '"@/types/entities/group"' has no exported member 'GroupSearchParams'.
src/transformers/group/mappers.ts(47,22): error TS2551: Property 'favorite' does not exist on type '{ id: string; createdAt: Date; updatedAt: Date; name: string; description: string | null; emoji: string; color: string; featuredImage: string | null; isFavorite: boolean; filters: string; shortcut: string | null; category: string | null; sortBy: string; }'. Did you mean 'isFavorite'?
src/transformers/group/mappers.ts(99,22): error TS2551: Property 'favorite' does not exist on type '{ id: string; createdAt: Date; updatedAt: Date; name: string; description: string | null; emoji: string; color: string; featuredImage: string | null; isFavorite: boolean; filters: string; shortcut: string | null; category: string | null; sortBy: string; }'. Did you mean 'isFavorite'?
src/transformers/group/mappers.ts(181,40): error TS2353: Object literal may only specify known properties, and 'mode' does not exist in type 'StringFilter<"Group">'.
src/transformers/group/mappers.ts(182,47): error TS2353: Object literal may only specify known properties, and 'mode' does not exist in type 'StringNullableFilter<"Group">'.
src/transformers/group/mappers.ts(193,10): error TS2551: Property 'favorite' does not exist on type 'GroupWhereInput'. Did you mean 'isFavorite'?
src/transformers/group/serializers.ts(10,7): error TS2305: Module '"@/types/entities/group/types"' has no exported member 'GroupComplete'.
src/transformers/group/serializers.ts(13,7): error TS2305: Module '"@/types/entities/group/types"' has no exported member 'GroupTransformerOptions'.
src/transformers/group/serializers.ts(42,27): error TS2345: Argument of type 'GroupCreateInput | Partial<Omit<GroupBase, "id" | "createdAt" | "updatedAt">>' is not assignable to parameter of type 'Record<string, unknown>'.
  Type 'GroupCreateInput' is not assignable to type 'Record<string, unknown>'.
    Index signature for type 'string' is missing in type 'GroupCreateInput'.
src/transformers/group/serializers.ts(68,53): error TS2345: Argument of type 'GroupCreateInput | Partial<Omit<GroupBase, "id" | "createdAt" | "updatedAt">>' is not assignable to parameter of type 'Record<string, unknown>'.
  Type 'GroupCreateInput' is not assignable to type 'Record<string, unknown>'.
    Index signature for type 'string' is missing in type 'GroupCreateInput'.
src/transformers/group/serializers.ts(117,4): error TS2322: Type 'never[]' is not assignable to type 'string'.
src/transformers/group/serializers.ts(119,28): error TS2551: Property 'favorite' does not exist on type '{ images: { id: string; createdAt: Date; updatedAt: Date; name: string; description: string | null; path: string; isFavorite: boolean; metadata: string | null; hash: string; size: number; ... 12 more ...; noteId: string | null; }[]; ... 12 more ...; properties: { ...; }[]; } & { ...; }'. Did you mean 'isFavorite'?
src/transformers/group/serializers.ts(240,54): error TS2353: Object literal may only specify known properties, and 'mode' does not exist in type 'StringFilter<"Group">'.
src/transformers/group/serializers.ts(241,61): error TS2353: Object literal may only specify known properties, and 'mode' does not exist in type 'StringNullableFilter<"Group">'.
src/transformers/group/serializers.ts(252,11): error TS2551: Property 'favorite' does not exist on type 'GroupWhereInput'. Did you mean 'isFavorite'?
src/transformers/group/serializers.ts(254,11): error TS2551: Property 'favorite' does not exist on type 'GroupWhereInput'. Did you mean 'isFavorite'?
src/transformers/group/serializers.ts(378,4): error TS2322: Type 'never[]' is not assignable to type 'string'.
src/transformers/group/transformer.ts(7,15): error TS2305: Module '"@/types/entities/group/types"' has no exported member 'Group'.
src/transformers/group/transformer.ts(7,22): error TS2305: Module '"@/types/entities/group/types"' has no exported member 'GroupComplete'.
src/transformers/group/transformer.ts(7,37): error TS2305: Module '"@/types/entities/group/types"' has no exported member 'GroupExtended'.
src/transformers/group/transformer.ts(7,52): error TS2305: Module '"@/types/entities/group/types"' has no exported member 'GroupWithStats'.
src/transformers/image/mappers.ts(12,2): error TS2741: Property 'folderId' is missing in type '{ id: string; name: string; description: string | null; path: string; hash: string; size: number; width: number; height: number; metadata: string | null; isFavorite: boolean; addedAt: Date; ... 26 more ...; _count: { ...; } | undefined; }' but required in type 'ImageComplete'.
src/transformers/image/serializers.ts(21,2): error TS2741: Property 'folderId' is missing in type '{ id: string; name: string; description: string | null; path: string; hash: string; size: number; width: number; height: number; metadata: string | null; isFavorite: boolean; addedAt: Date; ... 26 more ...; _count: { ...; } | undefined; }' but required in type 'ImageComplete'.
src/transformers/image/transformer.ts(16,27): error TS2559: Type '"ImageTransformer"' has no properties in common with type 'ServerLoggerOptions'.
src/transformers/image/transformer.ts(41,21): error TS2304: Cannot find name 'mapImageToBase'.
src/transformers/image/transformer.ts(48,4): error TS2739: Type '{ id: any; name: any; path: any; hash: any; createdAt: any; updatedAt: any; size: any; width: any; height: any; folderId: any; }' is missing the following properties from type 'ImageBase': isFavorite, addedAt, sortBy, filters
src/transformers/image/transformer.ts(62,3): error TS2739: Type '{ id: string; createdAt: Date; updatedAt: Date; name: string; path: string; size: number; width: number; height: number; hash?: string | null | undefined; folderId?: string | null | undefined; }' is missing the following properties from type 'ImageBase': isFavorite, addedAt, sortBy, filters
src/transformers/image/transformer.ts(121,25): error TS2304: Cannot find name 'mapImageToComplete'.
src/transformers/image/transformer.ts(135,6): error TS2353: Object literal may only specify known properties, and 'views' does not exist in type '{ id: string; }'.
src/transformers/image/transformer.ts(149,3): error TS2739: Type '{ id: string; createdAt: Date; updatedAt: Date; name: string; path: string; stats: { views: number; favorites: number; downloads: number; lastAccessed?: Date | null | undefined; }; ... 10 more ...; folderId?: string | ... 1 more ... | undefined; }' is missing the following properties from type 'ImageComplete': isFavorite, addedAt, sortBy, filters, folder
src/transformers/image/transformer.ts(159,5): error TS2322: Type '{}' is not assignable to type 'string'.
src/transformers/image/transformer.ts(160,14): error TS2353: Object literal may only specify known properties, and 'views' does not exist in type '{ id: string; }'.
src/transformers/image/transformer.ts(223,25): error TS2304: Cannot find name 'mapImageToExtended'.
src/transformers/image/transformer.ts(226,36): error TS1361: 'ThumbnailQuality' cannot be used as a value because it was imported using 'import type'.
src/transformers/image/transformer.ts(247,5): error TS2353: Object literal may only specify known properties, and 'thumbnails' does not exist in type 'ImageExtended'.
src/transformers/image/transformer.ts(258,3): error TS2739: Type '{ id: string; createdAt: Date; updatedAt: Date; name: string; path: string; isFavorite: boolean; stats: { views: number; favorites: number; downloads: number; lastAccessed?: Date | null | undefined; }; ... 19 more ...; displayDimensions?: string | undefined; }' is missing the following properties from type 'ImageExtended': addedAt, sortBy, filters
src/transformers/image/transformer.ts(266,5): error TS2353: Object literal may only specify known properties, and 'thumbnails' does not exist in type 'ImageExtended'.
src/transformers/json-file/mappers.ts(2,15): error TS2305: Module '"@/types/entities/json-file/types"' has no exported member 'JsonFile'.
src/transformers/json-file/serializers.ts(3,15): error TS2305: Module '"@/types/entities/json-file/types"' has no exported member 'JsonFile'.
src/transformers/json-file/transformer.ts(2,15): error TS2305: Module '"@/types/entities/json-file/types"' has no exported member 'JsonFile'.
src/transformers/metadata/index.ts(6,35): error TS2306: File 'D:/DEV/image-manager/src/types/entities/metadata/base.ts' is not a module.
src/transformers/metadata/mappers.ts(19,35): error TS2306: File 'D:/DEV/image-manager/src/types/entities/metadata/base.ts' is not a module.
src/transformers/note/index.test.ts(41,42): error TS2353: Object literal may only specify known properties, and 'page' does not exist in type 'NoteSearchOptions'.
src/transformers/note/index.ts(21,2): error TS2459: Module '"./mappers"' declares 'mapNoteFiltersToPrisma' locally, but it is not exported.
src/transformers/note/index.ts(308,52): error TS2554: Expected 1 arguments, but got 2.
src/transformers/note/index.ts(313,21): error TS2339: Property 'data' does not exist on type 'NoteUpdateInput'.
src/transformers/note/index.ts(314,24): error TS2339: Property 'include' does not exist on type 'NoteUpdateInput'.
src/transformers/note/index.ts(425,10): error TS2305: Module '"./mappers"' has no exported member 'toCreateNoteData'.
src/transformers/note/index.ts(425,28): error TS2305: Module '"./mappers"' has no exported member 'toUpdateNoteData'.
src/transformers/note/mappers.ts(112,46): error TS2353: Object literal may only specify known properties, and 'mode' does not exist in type 'StringFilter<"Note">'.
src/transformers/note/mappers.ts(113,48): error TS2353: Object literal may only specify known properties, and 'mode' does not exist in type 'StringFilter<"Note">'.
src/transformers/note/transformer.ts(7,29): error TS2724: '"@/types/entities/note"' has no exported member named 'NoteWithStats'. Did you mean 'NoteStatus'?
src/transformers/note/transformer.ts(19,47): error TS2304: Cannot find name 'NoteBase'.
src/transformers/note/transformer.ts(44,51): error TS2304: Cannot find name 'NoteBase'.
src/transformers/note/transformer.ts(62,47): error TS2304: Cannot find name 'NoteBase'.
src/transformers/note/transformer.ts(62,58): error TS2304: Cannot find name 'NoteWithRelations'.
src/transformers/note/transformer.ts(90,48): error TS2304: Cannot find name 'NoteBase'.
src/transformers/note/transformer.ts(147,41): error TS2304: Cannot find name 'NoteBase'.
src/transformers/place/mappers.ts(13,5): error TS2305: Module '"@/types/entities/place"' has no exported member 'RelatedPlace'.
src/transformers/place/mappers.ts(35,12): error TS2551: Property 'images' does not exist on type 'PlaceCreateInput'. Did you mean 'imageIds'?
src/transformers/place/mappers.ts(35,27): error TS2551: Property 'images' does not exist on type 'PlaceCreateInput'. Did you mean 'imageIds'?
src/transformers/place/mappers.ts(37,19): error TS2551: Property 'images' does not exist on type 'PlaceCreateInput'. Did you mean 'imageIds'?
src/transformers/place/mappers.ts(37,31): error TS7006: Parameter 'img' implicitly has an 'any' type.
src/transformers/place/mappers.ts(41,12): error TS2339: Property 'videos' does not exist on type 'PlaceCreateInput'.
src/transformers/place/mappers.ts(41,27): error TS2339: Property 'videos' does not exist on type 'PlaceCreateInput'.
src/transformers/place/mappers.ts(43,19): error TS2339: Property 'videos' does not exist on type 'PlaceCreateInput'.
src/transformers/place/mappers.ts(43,31): error TS7006: Parameter 'vid' implicitly has an 'any' type.
src/transformers/place/mappers.ts(47,12): error TS2339: Property 'albums' does not exist on type 'PlaceCreateInput'.
src/transformers/place/mappers.ts(47,27): error TS2339: Property 'albums' does not exist on type 'PlaceCreateInput'.
src/transformers/place/mappers.ts(49,19): error TS2339: Property 'albums' does not exist on type 'PlaceCreateInput'.
src/transformers/place/mappers.ts(49,31): error TS7006: Parameter 'album' implicitly has an 'any' type.
src/transformers/place/mappers.ts(53,12): error TS2339: Property 'collections' does not exist on type 'PlaceCreateInput'.
src/transformers/place/mappers.ts(53,32): error TS2339: Property 'collections' does not exist on type 'PlaceCreateInput'.
src/transformers/place/mappers.ts(55,19): error TS2339: Property 'collections' does not exist on type 'PlaceCreateInput'.
src/transformers/place/mappers.ts(55,36): error TS7006: Parameter 'collection' implicitly has an 'any' type.
src/transformers/place/mappers.ts(61,12): error TS2339: Property 'tags' does not exist on type 'PlaceCreateInput'.
src/transformers/place/mappers.ts(61,25): error TS2339: Property 'tags' does not exist on type 'PlaceCreateInput'.
src/transformers/place/mappers.ts(63,19): error TS2339: Property 'tags' does not exist on type 'PlaceCreateInput'.
src/transformers/place/mappers.ts(63,29): error TS7006: Parameter 'tag' implicitly has an 'any' type.
src/transformers/place/mappers.ts(67,12): error TS2339: Property 'characters' does not exist on type 'PlaceCreateInput'.
src/transformers/place/mappers.ts(67,31): error TS2339: Property 'characters' does not exist on type 'PlaceCreateInput'.
src/transformers/place/mappers.ts(69,19): error TS2339: Property 'characters' does not exist on type 'PlaceCreateInput'.
src/transformers/place/mappers.ts(69,35): error TS7006: Parameter 'character' implicitly has an 'any' type.
src/transformers/place/mappers.ts(73,12): error TS2339: Property 'worldItems' does not exist on type 'PlaceCreateInput'.
src/transformers/place/mappers.ts(73,31): error TS2339: Property 'worldItems' does not exist on type 'PlaceCreateInput'.
src/transformers/place/mappers.ts(75,19): error TS2339: Property 'worldItems' does not exist on type 'PlaceCreateInput'.
src/transformers/place/mappers.ts(75,35): error TS7006: Parameter 'item' implicitly has an 'any' type.
src/transformers/place/mappers.ts(79,12): error TS2339: Property 'concepts' does not exist on type 'PlaceCreateInput'.
src/transformers/place/mappers.ts(79,29): error TS2339: Property 'concepts' does not exist on type 'PlaceCreateInput'.
src/transformers/place/mappers.ts(81,19): error TS2339: Property 'concepts' does not exist on type 'PlaceCreateInput'.
src/transformers/place/mappers.ts(81,33): error TS7006: Parameter 'concept' implicitly has an 'any' type.
src/transformers/place/mappers.ts(85,12): error TS2339: Property 'prompts' does not exist on type 'PlaceCreateInput'.
src/transformers/place/mappers.ts(85,28): error TS2339: Property 'prompts' does not exist on type 'PlaceCreateInput'.
src/transformers/place/mappers.ts(87,19): error TS2339: Property 'prompts' does not exist on type 'PlaceCreateInput'.
src/transformers/place/mappers.ts(87,32): error TS7006: Parameter 'prompt' implicitly has an 'any' type.
src/transformers/place/mappers.ts(91,12): error TS2339: Property 'notes' does not exist on type 'PlaceCreateInput'.
src/transformers/place/mappers.ts(91,26): error TS2339: Property 'notes' does not exist on type 'PlaceCreateInput'.
src/transformers/place/mappers.ts(93,19): error TS2339: Property 'notes' does not exist on type 'PlaceCreateInput'.
src/transformers/place/mappers.ts(93,30): error TS7006: Parameter 'note' implicitly has an 'any' type.
src/transformers/place/mappers.ts(97,12): error TS2339: Property 'wildcards' does not exist on type 'PlaceCreateInput'.
src/transformers/place/mappers.ts(97,30): error TS2339: Property 'wildcards' does not exist on type 'PlaceCreateInput'.
src/transformers/place/mappers.ts(99,19): error TS2339: Property 'wildcards' does not exist on type 'PlaceCreateInput'.
src/transformers/place/mappers.ts(99,34): error TS7006: Parameter 'wildcard' implicitly has an 'any' type.
src/transformers/place/mappers.ts(103,12): error TS2339: Property 'properties' does not exist on type 'PlaceCreateInput'.
src/transformers/place/mappers.ts(103,31): error TS2339: Property 'properties' does not exist on type 'PlaceCreateInput'.
src/transformers/place/mappers.ts(105,19): error TS2339: Property 'properties' does not exist on type 'PlaceCreateInput'.
src/transformers/place/mappers.ts(105,35): error TS7006: Parameter 'property' implicitly has an 'any' type.
src/transformers/place/mappers.ts(109,12): error TS2339: Property 'groups' does not exist on type 'PlaceCreateInput'.
src/transformers/place/mappers.ts(109,27): error TS2339: Property 'groups' does not exist on type 'PlaceCreateInput'.
src/transformers/place/mappers.ts(111,19): error TS2339: Property 'groups' does not exist on type 'PlaceCreateInput'.
src/transformers/place/mappers.ts(111,31): error TS7006: Parameter 'group' implicitly has an 'any' type.
src/transformers/place/mappers.ts(141,12): error TS2551: Property 'images' does not exist on type 'PlaceUpdateInput'. Did you mean 'imageIds'?
src/transformers/place/mappers.ts(143,15): error TS2551: Property 'images' does not exist on type 'PlaceUpdateInput'. Did you mean 'imageIds'?
src/transformers/place/mappers.ts(143,27): error TS7006: Parameter 'img' implicitly has an 'any' type.
src/transformers/place/mappers.ts(147,12): error TS2339: Property 'videos' does not exist on type 'PlaceUpdateInput'.
src/transformers/place/mappers.ts(149,15): error TS2339: Property 'videos' does not exist on type 'PlaceUpdateInput'.
src/transformers/place/mappers.ts(149,27): error TS7006: Parameter 'vid' implicitly has an 'any' type.
src/transformers/place/mappers.ts(153,12): error TS2339: Property 'albums' does not exist on type 'PlaceUpdateInput'.
src/transformers/place/mappers.ts(155,15): error TS2339: Property 'albums' does not exist on type 'PlaceUpdateInput'.
src/transformers/place/mappers.ts(155,27): error TS7006: Parameter 'album' implicitly has an 'any' type.
src/transformers/place/mappers.ts(159,12): error TS2339: Property 'collections' does not exist on type 'PlaceUpdateInput'.
src/transformers/place/mappers.ts(161,15): error TS2339: Property 'collections' does not exist on type 'PlaceUpdateInput'.
src/transformers/place/mappers.ts(161,32): error TS7006: Parameter 'collection' implicitly has an 'any' type.
src/transformers/place/mappers.ts(167,12): error TS2339: Property 'tags' does not exist on type 'PlaceUpdateInput'.
src/transformers/place/mappers.ts(169,15): error TS2339: Property 'tags' does not exist on type 'PlaceUpdateInput'.
src/transformers/place/mappers.ts(169,25): error TS7006: Parameter 'tag' implicitly has an 'any' type.
src/transformers/place/mappers.ts(173,12): error TS2339: Property 'characters' does not exist on type 'PlaceUpdateInput'.
src/transformers/place/mappers.ts(175,15): error TS2339: Property 'characters' does not exist on type 'PlaceUpdateInput'.
src/transformers/place/mappers.ts(175,31): error TS7006: Parameter 'character' implicitly has an 'any' type.
src/transformers/place/mappers.ts(179,12): error TS2339: Property 'worldItems' does not exist on type 'PlaceUpdateInput'.
src/transformers/place/mappers.ts(181,15): error TS2339: Property 'worldItems' does not exist on type 'PlaceUpdateInput'.
src/transformers/place/mappers.ts(181,31): error TS7006: Parameter 'item' implicitly has an 'any' type.
src/transformers/place/mappers.ts(185,12): error TS2339: Property 'concepts' does not exist on type 'PlaceUpdateInput'.
src/transformers/place/mappers.ts(187,15): error TS2339: Property 'concepts' does not exist on type 'PlaceUpdateInput'.
src/transformers/place/mappers.ts(187,29): error TS7006: Parameter 'concept' implicitly has an 'any' type.
src/transformers/place/mappers.ts(191,12): error TS2339: Property 'prompts' does not exist on type 'PlaceUpdateInput'.
src/transformers/place/mappers.ts(193,15): error TS2339: Property 'prompts' does not exist on type 'PlaceUpdateInput'.
src/transformers/place/mappers.ts(193,28): error TS7006: Parameter 'prompt' implicitly has an 'any' type.
src/transformers/place/mappers.ts(197,12): error TS2339: Property 'notes' does not exist on type 'PlaceUpdateInput'.
src/transformers/place/mappers.ts(199,15): error TS2339: Property 'notes' does not exist on type 'PlaceUpdateInput'.
src/transformers/place/mappers.ts(199,26): error TS7006: Parameter 'note' implicitly has an 'any' type.
src/transformers/place/mappers.ts(203,12): error TS2339: Property 'wildcards' does not exist on type 'PlaceUpdateInput'.
src/transformers/place/mappers.ts(205,15): error TS2339: Property 'wildcards' does not exist on type 'PlaceUpdateInput'.
src/transformers/place/mappers.ts(205,30): error TS7006: Parameter 'wildcard' implicitly has an 'any' type.
src/transformers/place/mappers.ts(209,12): error TS2339: Property 'properties' does not exist on type 'PlaceUpdateInput'.
src/transformers/place/mappers.ts(211,15): error TS2339: Property 'properties' does not exist on type 'PlaceUpdateInput'.
src/transformers/place/mappers.ts(211,31): error TS7006: Parameter 'property' implicitly has an 'any' type.
src/transformers/place/mappers.ts(215,12): error TS2339: Property 'groups' does not exist on type 'PlaceUpdateInput'.
src/transformers/place/mappers.ts(217,15): error TS2339: Property 'groups' does not exist on type 'PlaceUpdateInput'.
src/transformers/place/mappers.ts(217,27): error TS7006: Parameter 'group' implicitly has an 'any' type.
src/transformers/place/mappers.ts(260,15): error TS2339: Property 'where' does not exist on type 'PlaceSearchOptions'.
src/transformers/place/mappers.ts(261,58): error TS2339: Property 'where' does not exist on type 'PlaceSearchOptions'.
src/transformers/place/mappers.ts(344,15): error TS2339: Property 'searchQuery' does not exist on type 'PlaceFilters'.
src/transformers/place/mappers.ts(347,34): error TS2339: Property 'searchQuery' does not exist on type 'PlaceFilters'.
src/transformers/place/mappers.ts(347,47): error TS2353: Object literal may only specify known properties, and 'mode' does not exist in type 'StringFilter<"Place">'.
src/transformers/place/mappers.ts(348,41): error TS2339: Property 'searchQuery' does not exist on type 'PlaceFilters'.
src/transformers/place/mappers.ts(348,54): error TS2353: Object literal may only specify known properties, and 'mode' does not exist in type 'StringNullableFilter<"Place">'.
src/transformers/place/mappers.ts(349,36): error TS2339: Property 'searchQuery' does not exist on type 'PlaceFilters'.
src/transformers/place/mappers.ts(349,49): error TS2353: Object literal may only specify known properties, and 'mode' does not exist in type 'StringFilter<"Place">'.
src/transformers/place/mappers.ts(350,34): error TS2339: Property 'searchQuery' does not exist on type 'PlaceFilters'.
src/transformers/place/mappers.ts(350,47): error TS2353: Object literal may only specify known properties, and 'mode' does not exist in type 'StringFilter<"Place">'.
src/transformers/place/mappers.ts(351,37): error TS2339: Property 'searchQuery' does not exist on type 'PlaceFilters'.
src/transformers/place/mappers.ts(351,50): error TS2353: Object literal may only specify known properties, and 'mode' does not exist in type 'StringFilter<"Place">'.
src/transformers/place/mappers.ts(352,40): error TS2339: Property 'searchQuery' does not exist on type 'PlaceFilters'.
src/transformers/place/mappers.ts(352,53): error TS2353: Object literal may only specify known properties, and 'mode' does not exist in type 'StringFilter<"Place">'.
src/transformers/place/mappers.ts(353,34): error TS2339: Property 'searchQuery' does not exist on type 'PlaceFilters'.
src/transformers/place/mappers.ts(353,47): error TS2353: Object literal may only specify known properties, and 'mode' does not exist in type 'StringFilter<"Place">'.
src/transformers/place/mappers.ts(354,37): error TS2339: Property 'searchQuery' does not exist on type 'PlaceFilters'.
src/transformers/place/mappers.ts(354,50): error TS2353: Object literal may only specify known properties, and 'mode' does not exist in type 'StringFilter<"Place">'.
src/transformers/place/mappers.ts(360,15): error TS2551: Property 'categories' does not exist on type 'PlaceFilters'. Did you mean 'category'?
src/transformers/place/mappers.ts(360,37): error TS2551: Property 'categories' does not exist on type 'PlaceFilters'. Did you mean 'category'?
src/transformers/place/mappers.ts(362,29): error TS2551: Property 'categories' does not exist on type 'PlaceFilters'. Did you mean 'category'?
src/transformers/place/mappers.ts(367,15): error TS2551: Property 'regions' does not exist on type 'PlaceFilters'. Did you mean 'region'?
src/transformers/place/mappers.ts(367,34): error TS2551: Property 'regions' does not exist on type 'PlaceFilters'. Did you mean 'region'?
src/transformers/place/mappers.ts(368,37): error TS2551: Property 'regions' does not exist on type 'PlaceFilters'. Did you mean 'region'?
src/transformers/place/mappers.ts(368,50): error TS7006: Parameter 'region' implicitly has an 'any' type.
src/transformers/place/mappers.ts(375,15): error TS2551: Property 'types' does not exist on type 'PlaceFilters'. Did you mean 'type'?
src/transformers/place/mappers.ts(375,32): error TS2551: Property 'types' does not exist on type 'PlaceFilters'. Did you mean 'type'?
src/transformers/place/mappers.ts(377,25): error TS2551: Property 'types' does not exist on type 'PlaceFilters'. Did you mean 'type'?
src/transformers/place/mappers.ts(382,15): error TS2339: Property 'climates' does not exist on type 'PlaceFilters'.
src/transformers/place/mappers.ts(382,35): error TS2339: Property 'climates' does not exist on type 'PlaceFilters'.
src/transformers/place/mappers.ts(384,28): error TS2339: Property 'climates' does not exist on type 'PlaceFilters'.
src/transformers/place/mappers.ts(389,15): error TS2339: Property 'populationRange' does not exist on type 'PlaceFilters'.
src/transformers/place/mappers.ts(390,16): error TS2339: Property 'populationRange' does not exist on type 'PlaceFilters'.
src/transformers/place/mappers.ts(391,43): error TS2339: Property 'populationRange' does not exist on type 'PlaceFilters'.
src/transformers/place/mappers.ts(394,16): error TS2339: Property 'populationRange' does not exist on type 'PlaceFilters'.
src/transformers/place/mappers.ts(395,43): error TS2339: Property 'populationRange' does not exist on type 'PlaceFilters'.
src/transformers/place/mappers.ts(400,15): error TS2339: Property 'governments' does not exist on type 'PlaceFilters'.
src/transformers/place/mappers.ts(400,38): error TS2339: Property 'governments' does not exist on type 'PlaceFilters'.
src/transformers/place/mappers.ts(401,34): error TS2339: Property 'governments' does not exist on type 'PlaceFilters'.
src/transformers/place/mappers.ts(401,51): error TS7006: Parameter 'government' implicitly has an 'any' type.
src/transformers/place/mappers.ts(408,15): error TS2339: Property 'onlyFavorites' does not exist on type 'PlaceFilters'.
src/transformers/place/mappers.ts(413,15): error TS2339: Property 'hasImages' does not exist on type 'PlaceFilters'.
src/transformers/place/mappers.ts(421,15): error TS2339: Property 'hasNotes' does not exist on type 'PlaceFilters'.
src/transformers/place/mappers.ts(429,15): error TS2339: Property 'hasConcepts' does not exist on type 'PlaceFilters'.
src/transformers/place/mappers.ts(437,15): error TS2339: Property 'hasPrompts' does not exist on type 'PlaceFilters'.
src/transformers/place/serializers.ts(74,14): error TS2339: Property 'filters' does not exist on type 'PlaceCreateInput | PlaceUpdateInput | PlaceComplete'.
  Property 'filters' does not exist on type 'PlaceCreateInput'.
src/transformers/place/serializers.ts(74,38): error TS2339: Property 'filters' does not exist on type 'PlaceCreateInput | PlaceUpdateInput | PlaceComplete'.
  Property 'filters' does not exist on type 'PlaceCreateInput'.
src/transformers/place/serializers.ts(75,54): error TS2339: Property 'filters' does not exist on type 'PlaceCreateInput | PlaceUpdateInput | PlaceComplete'.
  Property 'filters' does not exist on type 'PlaceCreateInput'.
src/transformers/place/serializers.ts(140,57): error TS2345: Argument of type 'JsonValue' is not assignable to parameter of type 'string | null'.
  Type 'number' is not assignable to type 'string'.
src/transformers/place/serializers.ts(143,61): error TS2345: Argument of type 'JsonValue' is not assignable to parameter of type 'string | null'.
  Type 'number' is not assignable to type 'string'.
src/transformers/place/serializers.ts(146,54): error TS2345: Argument of type 'JsonValue' is not assignable to parameter of type 'string | null'.
  Type 'number' is not assignable to type 'string'.
src/transformers/place/serializers.ts(185,47): error TS2345: Argument of type 'JsonValue' is not assignable to parameter of type 'string | null'.
  Type 'number' is not assignable to type 'string'.
src/transformers/place/serializers.ts(187,47): error TS2345: Argument of type 'JsonValue' is not assignable to parameter of type 'string | null'.
  Type 'number' is not assignable to type 'string'.
src/transformers/place/transformer.ts(7,26): error TS2724: '"@/types/entities/place"' has no exported member named 'PlaceWithRelations'. Did you mean 'PlaceRelations'?
src/transformers/place/transformer.ts(91,28): error TS2339: Property '_count' does not exist on type 'PlaceBase'.
src/transformers/profile/profile-transformers.ts(19,8): error TS1362: 'ThemeMode' cannot be used as a value because it was exported using 'export type'.
src/transformers/profile/profile-transformers.ts(21,8): error TS1362: 'ThemeMode' cannot be used as a value because it was exported using 'export type'.
src/transformers/profile/profile-transformers.ts(23,8): error TS1362: 'ThemeMode' cannot be used as a value because it was exported using 'export type'.
src/transformers/profile/profile-transformers.ts(37,8): error TS1362: 'Language' cannot be used as a value because it was exported using 'export type'.
src/transformers/profile/profile-transformers.ts(39,8): error TS1362: 'Language' cannot be used as a value because it was exported using 'export type'.
src/transformers/profile/profile-transformers.ts(41,8): error TS1362: 'Language' cannot be used as a value because it was exported using 'export type'.
src/transformers/profile/profile-transformers.ts(43,8): error TS1362: 'Language' cannot be used as a value because it was exported using 'export type'.
src/transformers/profile/profile-transformers.ts(70,15): error TS2551: Property 'settings' does not exist on type '{ id: string; createdAt: Date; updatedAt: Date; name: string; description: string | null; emoji: string; color: string; isActive: boolean; settingsId: string | null; imageId: string | null; }'. Did you mean 'settingsId'?
src/transformers/profile/profile-transformers.ts(70,42): error TS2551: Property 'settings' does not exist on type '{ id: string; createdAt: Date; updatedAt: Date; name: string; description: string | null; emoji: string; color: string; isActive: boolean; settingsId: string | null; imageId: string | null; }'. Did you mean 'settingsId'?
src/transformers/profile/profile-transformers.ts(73,41): error TS2551: Property 'settings' does not exist on type '{ id: string; createdAt: Date; updatedAt: Date; name: string; description: string | null; emoji: string; color: string; isActive: boolean; settingsId: string | null; imageId: string | null; }'. Did you mean 'settingsId'?
src/transformers/profile/profile-transformers.ts(83,22): error TS2551: Property 'settings' does not exist on type '{ id: string; createdAt: Date; updatedAt: Date; name: string; description: string | null; emoji: string; color: string; isActive: boolean; settingsId: string | null; imageId: string | null; }'. Did you mean 'settingsId'?
src/transformers/profile/profile-transformers.ts(83,49): error TS2551: Property 'settings' does not exist on type '{ id: string; createdAt: Date; updatedAt: Date; name: string; description: string | null; emoji: string; color: string; isActive: boolean; settingsId: string | null; imageId: string | null; }'. Did you mean 'settingsId'?
src/transformers/profile/profile-transformers.ts(85,29): error TS2551: Property 'settings' does not exist on type '{ id: string; createdAt: Date; updatedAt: Date; name: string; description: string | null; emoji: string; color: string; isActive: boolean; settingsId: string | null; imageId: string | null; }'. Did you mean 'settingsId'?
src/transformers/profile/profile-transformers.ts(124,3): error TS2353: Object literal may only specify known properties, and 'parsedPreferences' does not exist in type 'ProfileBase'.
src/transformers/profile/profile-transformers.ts(146,8): error TS1362: 'ThemeMode' cannot be used as a value because it was exported using 'export type'.
src/transformers/profile/profile-transformers.ts(148,8): error TS1362: 'ThemeMode' cannot be used as a value because it was exported using 'export type'.
src/transformers/profile/profile-transformers.ts(150,8): error TS1362: 'ThemeMode' cannot be used as a value because it was exported using 'export type'.
src/transformers/prompt/index.ts(8,2): error TS2305: Module '"./mappers"' has no exported member 'filterPrompts'.
src/transformers/prompt/index.ts(11,2): error TS2305: Module '"./mappers"' has no exported member 'paginatePrompts'.
src/transformers/prompt/index.ts(12,2): error TS2305: Module '"./mappers"' has no exported member 'processPrompts'.
src/transformers/prompt/index.ts(13,2): error TS2305: Module '"./mappers"' has no exported member 'sortPrompts'.
src/transformers/prompt/index.ts(14,2): error TS2305: Module '"./mappers"' has no exported member 'toPromptWithStats'.
src/transformers/prompt/mappers.ts(153,15): error TS2339: Property 'searchQuery' does not exist on type 'PromptFilters'.
src/transformers/prompt/mappers.ts(155,33): error TS2339: Property 'searchQuery' does not exist on type 'PromptFilters'.
src/transformers/prompt/mappers.ts(155,46): error TS2353: Object literal may only specify known properties, and 'mode' does not exist in type 'StringFilter<"Prompt">'.
src/transformers/prompt/mappers.ts(156,40): error TS2339: Property 'searchQuery' does not exist on type 'PromptFilters'.
src/transformers/prompt/mappers.ts(156,53): error TS2353: Object literal may only specify known properties, and 'mode' does not exist in type 'StringNullableFilter<"Prompt">'.
src/transformers/prompt/mappers.ts(157,36): error TS2339: Property 'searchQuery' does not exist on type 'PromptFilters'.
src/transformers/prompt/mappers.ts(157,49): error TS2353: Object literal may only specify known properties, and 'mode' does not exist in type 'StringFilter<"Prompt">'.
src/transformers/prompt/mappers.ts(162,15): error TS2551: Property 'categories' does not exist on type 'PromptFilters'. Did you mean 'category'?
src/transformers/prompt/mappers.ts(162,37): error TS2551: Property 'categories' does not exist on type 'PromptFilters'. Did you mean 'category'?
src/transformers/prompt/mappers.ts(163,35): error TS2551: Property 'categories' does not exist on type 'PromptFilters'. Did you mean 'category'?
src/transformers/prompt/mappers.ts(167,15): error TS2339: Property 'purposes' does not exist on type 'PromptFilters'.
src/transformers/prompt/mappers.ts(167,35): error TS2339: Property 'purposes' does not exist on type 'PromptFilters'.
src/transformers/prompt/mappers.ts(168,34): error TS2339: Property 'purposes' does not exist on type 'PromptFilters'.
src/transformers/prompt/mappers.ts(177,15): error TS2339: Property 'contentContains' does not exist on type 'PromptFilters'.
src/transformers/prompt/mappers.ts(178,40): error TS2339: Property 'contentContains' does not exist on type 'PromptFilters'.
src/transformers/prompt/mappers.ts(178,57): error TS2353: Object literal may only specify known properties, and 'mode' does not exist in type 'StringFilter<"Prompt">'.
src/transformers/prompt/mappers.ts(193,76): error TS1361: 'PromptSortCriteria' cannot be used as a value because it was imported using 'import type'.
src/transformers/prompt/serializers.ts(9,27): error TS2559: Type '"PromptSerializers"' has no properties in common with type 'ServerLoggerOptions'.
src/transformers/prompt/serializers.ts(104,3): error TS2353: Object literal may only specify known properties, and 'parsedTags' does not exist in type 'PromptWithRelations'.
src/transformers/prompt/serializers.ts(105,41): error TS2345: Argument of type 'string' is not assignable to parameter of type 'Record<string, any>'.
src/transformers/prompt/transformer.ts(7,27): error TS2305: Module '"@/types/entities/prompt"' has no exported member 'PromptComplete'.
src/transformers/prompt/transformer.ts(13,27): error TS2559: Type '"PromptTransformer"' has no properties in common with type 'ServerLoggerOptions'.
src/transformers/prompt/transformer.ts(51,25): error TS2352: Conversion of type 'NonNullable<T>' to type 'PromptBase' may be a mistake because neither type sufficiently overlaps with the other. If this was intentional, convert the expression to 'unknown' first.
  Type 'NonNullable<T>' is missing the following properties from type 'PromptBase': id, name, emoji, color, and 9 more.
src/transformers/prompt/transformer.ts(57,4): error TS2322: Type '{ createdAt: Date; updatedAt: Date; name: string; description: string | null; emoji: string; color: string; featuredImage: string | null; isFavorite: boolean; tags: string | string[]; ... 4 more ...; id?: string | undefined; }' is not assignable to type 'PromptBase'.
  Types of property 'id' are incompatible.
    Type 'string | undefined' is not assignable to type 'string'.
      Type 'undefined' is not assignable to type 'string'.
src/transformers/prompt/transformer.ts(126,4): error TS2353: Object literal may only specify known properties, and 'isSelected' does not exist in type 'PromptWithRelations'.
src/transformers/property/mappers.ts(9,7): error TS2305: Module '"@/types/entities/property/types"' has no exported member 'CreatePropertyData'.
src/transformers/property/mappers.ts(10,2): error TS2305: Module '"@/types/entities/property/types"' has no exported member 'PROPERTY_SORT_PROPERTY_MAP'.
src/transformers/property/mappers.ts(12,7): error TS2305: Module '"@/types/entities/property/types"' has no exported member 'PropertyComplete'.
src/transformers/property/mappers.ts(13,7): error TS2305: Module '"@/types/entities/property/types"' has no exported member 'PropertyFilters'.
src/transformers/property/mappers.ts(14,7): error TS2724: '"@/types/entities/property/types"' has no exported member named 'PropertySearchOptions'. Did you mean 'PropertyRelations'?
src/transformers/property/mappers.ts(15,7): error TS2305: Module '"@/types/entities/property/types"' has no exported member 'PropertySearchResult'.
src/transformers/property/serializers.ts(8,29): error TS2305: Module '"@/types/entities/property/types"' has no exported member 'PropertyComplete'.
src/transformers/property/serializers.ts(8,47): error TS2305: Module '"@/types/entities/property/types"' has no exported member 'PropertyDeserialized'.
src/transformers/property/transformer.ts(17,2): error TS2305: Module '"@/types/entities/property/types"' has no exported member 'PropertyComplete'.
src/transformers/property/transformer.ts(18,2): error TS2305: Module '"@/types/entities/property/types"' has no exported member 'PropertyCounts'.
src/transformers/property/transformer.ts(19,2): error TS2305: Module '"@/types/entities/property/types"' has no exported member 'PropertyExtended'.
src/transformers/property/transformer.ts(20,2): error TS2305: Module '"@/types/entities/property/types"' has no exported member 'PropertyWithStats'.
src/transformers/property/transformer.ts(211,2): error TS2322: Type 'unknown' is not assignable to type 'number'.
src/transformers/property/transformer.ts(211,54): error TS18046: 'sum' is of type 'unknown'.
src/transformers/property/v2/index.ts(24,2): error TS1205: Re-exporting a type when 'isolatedModules' is enabled requires using 'export type'.
src/transformers/property/v2/index.ts(32,2): error TS18004: No value exists in scope for the shorthand property 'fromPrismaProperty'. Either declare one or provide an initializer.
src/transformers/property/v2/index.ts(33,2): error TS18004: No value exists in scope for the shorthand property 'toPrismaProperty'. Either declare one or provide an initializer.
src/transformers/property/v2/index.ts(34,2): error TS18004: No value exists in scope for the shorthand property 'validateProperty'. Either declare one or provide an initializer.
src/transformers/property/v2/index.ts(35,2): error TS18004: No value exists in scope for the shorthand property 'extendProperty'. Either declare one or provide an initializer.
src/transformers/property/v2/index.ts(36,2): error TS18004: No value exists in scope for the shorthand property 'extendProperties'. Either declare one or provide an initializer.
src/transformers/property/v2/index.ts(37,2): error TS18004: No value exists in scope for the shorthand property 'generatePropertyColor'. Either declare one or provide an initializer.
src/transformers/property/v2/index.ts(38,2): error TS18004: No value exists in scope for the shorthand property 'generatePropertyEmoji'. Either declare one or provide an initializer.
src/transformers/property/v2/index.ts(39,2): error TS18004: No value exists in scope for the shorthand property 'DEFAULT_PROPERTY_COLOR'. Either declare one or provide an initializer.
src/transformers/property/v2/index.ts(40,2): error TS18004: No value exists in scope for the shorthand property 'DEFAULT_PROPERTY_EMOJI'. Either declare one or provide an initializer.
src/transformers/property/v2/index.ts(43,2): error TS18004: No value exists in scope for the shorthand property 'toCreatePropertyData'. Either declare one or provide an initializer.
src/transformers/property/v2/index.ts(44,2): error TS18004: No value exists in scope for the shorthand property 'toUpdatePropertyData'. Either declare one or provide an initializer.
src/transformers/property/v2/index.ts(45,2): error TS18004: No value exists in scope for the shorthand property 'toSearchOptions'. Either declare one or provide an initializer.
src/transformers/property/v2/index.ts(46,2): error TS18004: No value exists in scope for the shorthand property 'toSearchFilters'. Either declare one or provide an initializer.
src/transformers/property/v2/index.ts(47,2): error TS18004: No value exists in scope for the shorthand property 'toSearchResult'. Either declare one or provide an initializer.
src/transformers/property/v2/index.ts(48,2): error TS18004: No value exists in scope for the shorthand property 'toRelatedProperty'. Either declare one or provide an initializer.
src/transformers/property/v2/mappers.ts(9,7): error TS2305: Module '"@/types/entities/property/types"' has no exported member 'CreatePropertyData'.
src/transformers/property/v2/mappers.ts(10,2): error TS2305: Module '"@/types/entities/property/types"' has no exported member 'PROPERTY_SORT_PROPERTY_MAP'.
src/transformers/property/v2/mappers.ts(12,7): error TS2305: Module '"@/types/entities/property/types"' has no exported member 'PropertyComplete'.
src/transformers/property/v2/mappers.ts(13,7): error TS2305: Module '"@/types/entities/property/types"' has no exported member 'PropertyFilters'.
src/transformers/property/v2/mappers.ts(14,7): error TS2724: '"@/types/entities/property/types"' has no exported member named 'PropertySearchOptions'. Did you mean 'PropertyRelations'?
src/transformers/property/v2/mappers.ts(15,7): error TS2305: Module '"@/types/entities/property/types"' has no exported member 'PropertySearchResult'.
src/transformers/property/v2/mappers.ts(23,29): error TS2339: Property 'child' does not exist on type 'ServerLogger'.
src/transformers/property/v2/mappers.ts(40,4): error TS2561: Object literal may only specify known properties, but 'favorite' does not exist in type 'PropertyCreateInput'. Did you mean to write 'isFavorite'?
src/transformers/property/v2/mappers.ts(65,49): error TS2551: Property 'favorite' does not exist on type 'PropertyUpdateInput'. Did you mean 'isFavorite'?
src/transformers/property/v2/serializers.ts(8,29): error TS2305: Module '"@/types/entities/property/types"' has no exported member 'PropertyComplete'.
src/transformers/property/v2/serializers.ts(8,47): error TS2305: Module '"@/types/entities/property/types"' has no exported member 'PropertyDeserialized'.
src/transformers/property/v2/serializers.ts(12,29): error TS2339: Property 'child' does not exist on type 'ServerLogger'.
src/transformers/settings/index.ts(29,4): error TS2322: Type 'string' is not assignable to type '"daily" | "weekly" | "monthly"'.
src/transformers/tag/index.ts(25,28): error TS2559: Type '"TagTransformer"' has no properties in common with type 'ServerLoggerOptions'.
src/transformers/tag/index.ts(45,53): error TS2345: Argument of type '{ id: string; createdAt: Date; updatedAt: Date; name: string; description: string | null; emoji: string; color: string; featuredImage: string | null; isFavorite: boolean; shortcut: string | null; category: string | null; }' is not assignable to parameter of type 'TagComplete | Partial<TagComplete>'.
  Type '{ id: string; createdAt: Date; updatedAt: Date; name: string; description: string | null; emoji: string; color: string; featuredImage: string | null; isFavorite: boolean; shortcut: string | null; category: string | null; }' is not assignable to type 'Partial<TagComplete>'.
    Types of property 'category' are incompatible.
      Type 'string | null' is not assignable to type 'string | undefined'.
        Type 'null' is not assignable to type 'string | undefined'.
src/transformers/tag/index.ts(86,27): error TS2345: Argument of type '{ images: { id: string; createdAt: Date; updatedAt: Date; name: string; description: string | null; path: string; isFavorite: boolean; metadata: string | null; hash: string; size: number; ... 12 more ...; noteId: string | null; }[]; ... 12 more ...; groups: { ...; }[]; } & { ...; }' is not assignable to parameter of type 'TagComplete | Partial<TagComplete>'.
  Type '{ images: { id: string; createdAt: Date; updatedAt: Date; name: string; description: string | null; path: string; isFavorite: boolean; metadata: string | null; hash: string; size: number; ... 12 more ...; noteId: string | null; }[]; ... 12 more ...; groups: { ...; }[]; } & { ...; }' is not assignable to type 'Partial<TagComplete>'.
    Types of property 'category' are incompatible.
      Type 'string | null' is not assignable to type 'string | undefined'.
        Type 'null' is not assignable to type 'string | undefined'.
src/transformers/tag/index.ts(101,22): error TS2304: Cannot find name 'mapCreateTagDataToPrisma'.
src/transformers/tag/index.ts(124,27): error TS2345: Argument of type '{ images: { id: string; createdAt: Date; updatedAt: Date; name: string; description: string | null; path: string; isFavorite: boolean; metadata: string | null; hash: string; size: number; ... 12 more ...; noteId: string | null; }[]; ... 12 more ...; groups: { ...; }[]; } & { ...; }' is not assignable to parameter of type 'TagComplete | Partial<TagComplete>'.
  Type '{ images: { id: string; createdAt: Date; updatedAt: Date; name: string; description: string | null; path: string; isFavorite: boolean; metadata: string | null; hash: string; size: number; ... 12 more ...; noteId: string | null; }[]; ... 12 more ...; groups: { ...; }[]; } & { ...; }' is not assignable to type 'Partial<TagComplete>'.
    Types of property 'category' are incompatible.
      Type 'string | null' is not assignable to type 'string | undefined'.
        Type 'null' is not assignable to type 'string | undefined'.
src/transformers/tag/index.ts(139,22): error TS2304: Cannot find name 'mapUpdateTagDataToPrisma'.
src/transformers/tag/index.ts(163,27): error TS2345: Argument of type '{ images: { id: string; createdAt: Date; updatedAt: Date; name: string; description: string | null; path: string; isFavorite: boolean; metadata: string | null; hash: string; size: number; ... 12 more ...; noteId: string | null; }[]; ... 12 more ...; groups: { ...; }[]; } & { ...; }' is not assignable to parameter of type 'TagComplete | Partial<TagComplete>'.
  Type '{ images: { id: string; createdAt: Date; updatedAt: Date; name: string; description: string | null; path: string; isFavorite: boolean; metadata: string | null; hash: string; size: number; ... 12 more ...; noteId: string | null; }[]; ... 12 more ...; groups: { ...; }[]; } & { ...; }' is not assignable to type 'Partial<TagComplete>'.
    Types of property 'category' are incompatible.
      Type 'string | null' is not assignable to type 'string | undefined'.
        Type 'null' is not assignable to type 'string | undefined'.
src/transformers/tag/index.ts(187,10): error TS2304: Cannot find name 'mapTagToRelatedTag'.
src/transformers/tag/mappers.ts(21,28): error TS2559: Type '"TagMapper"' has no properties in common with type 'ServerLoggerOptions'.
src/transformers/tag/mappers.ts(146,56): error TS2339: Property 'filters' does not exist on type 'TagSearchOptions'.
src/transformers/tag/mappers.ts(154,15): error TS2339: Property 'field' does not exist on type '{ id?: "asc" | "desc" | undefined; name?: "asc" | "desc" | undefined; emoji?: "asc" | "desc" | undefined; color?: "asc" | "desc" | undefined; description?: "asc" | "desc" | undefined; ... 5 more ...; updatedAt?: "asc" | ... 1 more ... | undefined; }'.
src/transformers/tag/mappers.ts(154,31): error TS2339: Property 'direction' does not exist on type '{ id?: "asc" | "desc" | undefined; name?: "asc" | "desc" | undefined; emoji?: "asc" | "desc" | undefined; color?: "asc" | "desc" | undefined; description?: "asc" | "desc" | undefined; ... 5 more ...; updatedAt?: "asc" | ... 1 more ... | undefined; }'.
src/transformers/tag/mappers.ts(182,4): error TS2322: Type '{ [x: number]: any; createdAt?: undefined; } | { createdAt: string; }' is not assignable to type 'TagOrderByWithRelationInput | TagOrderByWithRelationInput[] | undefined'.
  Type '{ createdAt: string; }' is not assignable to type 'TagOrderByWithRelationInput | TagOrderByWithRelationInput[] | undefined'.
    Type '{ createdAt: string; }' is not assignable to type 'TagOrderByWithRelationInput'.
      Types of property 'createdAt' are incompatible.
        Type 'string' is not assignable to type 'SortOrder | undefined'.
src/transformers/tag/mappers.ts(201,41): error TS2353: Object literal may only specify known properties, and 'mode' does not exist in type 'StringFilter<"Tag">'.
src/transformers/tag/mappers.ts(202,48): error TS2353: Object literal may only specify known properties, and 'mode' does not exist in type 'StringNullableFilter<"Tag">'.
src/transformers/tag/mappers.ts(232,24): error TS2698: Spread types may only be created from object types.
src/transformers/tag/mappers.ts(235,24): error TS2698: Spread types may only be created from object types.
src/transformers/tag/serializers.ts(18,10): error TS2305: Module '"@/types/entities/tag"' has no exported member 'TagExtended'.
src/transformers/tag/serializers.ts(19,10): error TS2305: Module '"@/types/entities/tag"' has no exported member 'TagWithStats'.
src/transformers/tag/serializers.ts(38,28): error TS2559: Type '"TagSerializer"' has no properties in common with type 'ServerLoggerOptions'.
src/transformers/tag/serializers.ts(59,3): error TS2322: Type '{ name: string; description?: string | null | undefined; emoji: string; color: string; featuredImage?: string | null | undefined; isFavorite: boolean; shortcut?: string | null | undefined; ... 13 more ...; groups?: { ...; }[] | undefined; } | { ...; }' is not assignable to type 'TagUpdateInput | TagCreateInput'.
  Type '{ name: string; description?: string | null | undefined; emoji: string; color: string; featuredImage?: string | null | undefined; isFavorite: boolean; shortcut?: string | null | undefined; category: string; images?: { id: string; }[] | undefined; ... 11 more ...; groups?: { id: string; }[] | undefined; }' is not assignable to type 'TagUpdateInput | TagCreateInput'.
    Type '{ name: string; description?: string | null | undefined; emoji: string; color: string; featuredImage?: string | null | undefined; isFavorite: boolean; shortcut?: string | null | undefined; category: string; images?: { id: string; }[] | undefined; ... 11 more ...; groups?: { id: string; }[] | undefined; }' is not assignable to type 'TagCreateInput'.
      Types of property 'images' are incompatible.
        Type '{ id: string; }[] | undefined' is not assignable to type 'ImageCreateNestedManyWithoutTagsInput | undefined'.
          Type '{ id: string; }[]' has no properties in common with type 'ImageCreateNestedManyWithoutTagsInput'.
src/transformers/tag/serializers.ts(103,4): error TS2322: Type 'string | null' is not assignable to type 'string'.
  Type 'null' is not assignable to type 'string'.
src/transformers/tag/serializers.ts(195,32): error TS2339: Property 'length' does not exist on type '{}'.
src/transformers/tag/serializers.ts(219,31): error TS2339: Property 'start' does not exist on type '{}'.
src/transformers/tag/serializers.ts(220,25): error TS2698: Spread types may only be created from object types.
src/transformers/tag/serializers.ts(220,74): error TS2339: Property 'start' does not exist on type '{}'.
src/transformers/tag/serializers.ts(222,31): error TS2339: Property 'end' does not exist on type '{}'.
src/transformers/tag/serializers.ts(223,25): error TS2698: Spread types may only be created from object types.
src/transformers/tag/serializers.ts(223,74): error TS2339: Property 'end' does not exist on type '{}'.
src/transformers/tag/serializers.ts(312,13): error TS2339: Property 'totalSize' does not exist on type 'TagBase & { _count?: { images?: number | undefined; } | undefined; }'.
src/transformers/tag/serializers.ts(312,40): error TS2339: Property 'totalSize' does not exist on type 'TagBase & { _count?: { images?: number | undefined; } | undefined; }'.
src/transformers/tag/transformer.ts(9,5): error TS2724: '"@/types/entities/tag"' has no exported member named 'TagWithRelations'. Did you mean 'TagRelations'?
src/transformers/tag/transformer.ts(10,5): error TS2305: Module '"@/types/entities/tag"' has no exported member 'TagWithStats'.
src/transformers/tag/transformer.ts(15,27): error TS2559: Type '"TagTransformer"' has no properties in common with type 'ServerLoggerOptions'.
src/transformers/tag/transformer.ts(51,40): error TS2554: Expected 1 arguments, but got 2.
src/transformers/tag/transformer.ts(69,40): error TS2554: Expected 1 arguments, but got 2.
src/transformers/tag/transformer.ts(76,17): error TS2323: Cannot redeclare exported variable 'transformTags'.
src/transformers/tag/transformer.ts(76,17): error TS2393: Duplicate function implementation.
src/transformers/tag/transformer.ts(87,10): error TS2339: Property 'trace' does not exist on type 'typeof ServerLogger'.
src/transformers/tag/transformer.ts(95,10): error TS2352: Conversion of type 'TransformerError' to type 'TagWithRelations[]' may be a mistake because neither type sufficiently overlaps with the other. If this was intentional, convert the expression to 'unknown' first.
  Type 'TransformerError' is missing the following properties from type 'TagWithRelations[]': length, pop, push, concat, and 35 more.
src/transformers/tag/transformer.ts(95,40): error TS2554: Expected 1 arguments, but got 2.
src/transformers/tag/transformer.ts(108,7): error TS2304: Cannot find name 'Tag'.
src/transformers/tag/transformer.ts(161,46): error TS2304: Cannot find name 'Tag'.
src/transformers/tag/transformer.ts(230,17): error TS2323: Cannot redeclare exported variable 'transformTags'.
src/transformers/tag/transformer.ts(230,17): error TS2393: Duplicate function implementation.
src/transformers/tag/v2/converters.ts(10,27): error TS2559: Type '"TagConverters"' has no properties in common with type 'ServerLoggerOptions'.
src/transformers/tag/v2/converters.ts(129,34): error TS18048: 'tag._count' is possibly 'undefined'.
src/transformers/tag/v2/converters.ts(129,61): error TS18048: 'tag._count' is possibly 'undefined'.
src/transformers/tag/v2/converters.ts(129,88): error TS18048: 'tag._count' is possibly 'undefined'.
src/transformers/tag/v2/index.ts(15,2): error TS2305: Module '"./mappers"' has no exported member 'toRelatedTag'.
src/transformers/tag/v2/mappers.ts(88,47): error TS2551: Property 'favorite' does not exist on type 'TagUpdateInput'. Did you mean 'isFavorite'?
src/transformers/tag/v2/mappers.ts(124,56): error TS2339: Property 'filters' does not exist on type 'TagSearchOptions'.
src/transformers/tag/v2/mappers.ts(132,15): error TS2339: Property 'field' does not exist on type '{ id?: "asc" | "desc" | undefined; name?: "asc" | "desc" | undefined; emoji?: "asc" | "desc" | undefined; color?: "asc" | "desc" | undefined; description?: "asc" | "desc" | undefined; ... 5 more ...; updatedAt?: "asc" | ... 1 more ... | undefined; }'.
src/transformers/tag/v2/mappers.ts(132,31): error TS2339: Property 'direction' does not exist on type '{ id?: "asc" | "desc" | undefined; name?: "asc" | "desc" | undefined; emoji?: "asc" | "desc" | undefined; color?: "asc" | "desc" | undefined; description?: "asc" | "desc" | undefined; ... 5 more ...; updatedAt?: "asc" | ... 1 more ... | undefined; }'.
src/transformers/tag/v2/mappers.ts(162,4): error TS2322: Type '{ [x: number]: any; createdAt?: undefined; } | { createdAt: string; }' is not assignable to type 'TagOrderByWithRelationInput | TagOrderByWithRelationInput[] | undefined'.
  Type '{ createdAt: string; }' is not assignable to type 'TagOrderByWithRelationInput | TagOrderByWithRelationInput[] | undefined'.
    Type '{ createdAt: string; }' is not assignable to type 'TagOrderByWithRelationInput'.
      Types of property 'createdAt' are incompatible.
        Type 'string' is not assignable to type 'SortOrder | undefined'.
src/transformers/tag/v2/mappers.ts(184,41): error TS2353: Object literal may only specify known properties, and 'mode' does not exist in type 'StringFilter<"Tag">'.
src/transformers/tag/v2/mappers.ts(185,48): error TS2353: Object literal may only specify known properties, and 'mode' does not exist in type 'StringNullableFilter<"Tag">'.
src/transformers/tag/v2/mappers.ts(195,15): error TS2339: Property 'onlyFavorites' does not exist on type 'TagFilters'.
src/transformers/tag/v2/mappers.ts(196,10): error TS2551: Property 'favorite' does not exist on type 'TagWhereInput'. Did you mean 'isFavorite'?
src/transformers/tag/v2/mappers.ts(200,15): error TS2339: Property 'ids' does not exist on type 'TagFilters'.
src/transformers/tag/v2/mappers.ts(201,29): error TS2339: Property 'ids' does not exist on type 'TagFilters'.
src/transformers/tag/v2/mappers.ts(234,4): error TS2353: Object literal may only specify known properties, and 'page' does not exist in type 'TagSearchResult'.
src/transformers/task/index.ts(14,2): error TS1205: Re-exporting a type when 'isolatedModules' is enabled requires using 'export type'.
src/transformers/task/serializers.ts(7,10): error TS2305: Module '"@/types/entities/task"' has no exported member 'TaskBase'.
src/transformers/task/serializers.ts(7,34): error TS2305: Module '"@/types/entities/task"' has no exported member 'TaskPriority'.
src/transformers/task/serializers.ts(7,48): error TS2305: Module '"@/types/entities/task"' has no exported member 'TaskStatus'.
src/transformers/task/serializers.ts(7,60): error TS2305: Module '"@/types/entities/task"' has no exported member 'TaskType'.
src/transformers/task/serializers.ts(12,29): error TS2339: Property 'child' does not exist on type 'ServerLogger'.
src/transformers/task/serializers.ts(57,4): error TS2353: Object literal may only specify known properties, and 'id' does not exist in type 'TaskExtended'.
src/transformers/task/serializers.ts(124,48): error TS2339: Property 'type' does not exist on type 'TaskExtended'.
src/transformers/task/serializers.ts(125,52): error TS2339: Property 'status' does not exist on type 'TaskExtended'.
src/transformers/task/transformer.ts(7,10): error TS2305: Module '"@/types/entities/task"' has no exported member 'TaskBase'.
src/transformers/task/transformer.ts(7,34): error TS2305: Module '"@/types/entities/task"' has no exported member 'TaskStatus'.
src/transformers/task/transformer.ts(7,46): error TS2305: Module '"@/types/entities/task"' has no exported member 'TaskType'.
src/transformers/task/transformer.ts(12,29): error TS2339: Property 'child' does not exist on type 'ServerLogger'.
src/transformers/thumbnail/transformer.ts(9,2): error TS2305: Module '"@/types/entities/thumbnail"' has no exported member 'ThumbnailQuality'.
src/transformers/thumbnail/transformer.ts(13,41): error TS2307: Cannot find module '@/utils/formatters' or its corresponding type declarations.
src/transformers/thumbnail/transformer.ts(85,3): error TS2353: Object literal may only specify known properties, and 'id' does not exist in type 'ThumbnailComplete'.
src/transformers/thumbnail/transformer.ts(145,26): error TS2339: Property 'size' does not exist on type 'ThumbnailComplete'.
src/transformers/thumbnail/transformer.ts(146,27): error TS2339: Property 'width' does not exist on type 'ThumbnailComplete'.
src/transformers/thumbnail/transformer.ts(147,28): error TS2339: Property 'height' does not exist on type 'ThumbnailComplete'.
src/transformers/thumbnail/transformer.ts(150,33): error TS2339: Property 'format' does not exist on type 'ThumbnailComplete'.
src/transformers/thumbnail/transformer.ts(150,74): error TS2339: Property 'format' does not exist on type 'ThumbnailComplete'.
src/transformers/thumbnail/transformer.ts(153,33): error TS2339: Property 'quality' does not exist on type 'ThumbnailComplete'.
src/transformers/thumbnail/transformer.ts(153,75): error TS2339: Property 'quality' does not exist on type 'ThumbnailComplete'.
src/transformers/thumbnail/transformer.ts(156,36): error TS2339: Property 'createdAt' does not exist on type 'ThumbnailComplete'.
src/transformers/thumbnail/transformer.ts(156,59): error TS2339: Property 'createdAt' does not exist on type 'ThumbnailComplete'.
src/transformers/thumbnail/transformer.ts(157,30): error TS2339: Property 'createdAt' does not exist on type 'ThumbnailComplete'.
src/transformers/thumbnail/transformer.ts(203,46): error TS2339: Property 'size' does not exist on type 'ThumbnailComplete'.
src/transformers/thumbnail/transformer.ts(204,50): error TS2339: Property 'createdAt' does not exist on type 'ThumbnailComplete'.
src/transformers/thumbnail/transformer.ts(205,50): error TS2339: Property 'updatedAt' does not exist on type 'ThumbnailComplete'.
src/transformers/thumbnail/transformer.ts(206,43): error TS2339: Property 'width' does not exist on type 'ThumbnailComplete'.
src/transformers/thumbnail/transformer.ts(206,62): error TS2339: Property 'height' does not exist on type 'ThumbnailComplete'.
src/transformers/uploaded-image/transformer.ts(11,7): error TS2724: '"@/types/entities/uploaded-image/types"' has no exported member named 'UploadedImageType'. Did you mean 'UploadedFileType'?
src/transformers/video/index.ts(43,40): error TS2345: Argument of type 'Record<string, any>' is not assignable to parameter of type 'VideoBase & Record<string, any>'.
  Type 'Record<string, any>' is missing the following properties from type 'VideoBase': id, name, description, path, and 15 more.
src/transformers/video/index.ts(50,39): error TS2345: Argument of type 'number | null' is not assignable to parameter of type 'number'.
  Type 'null' is not assignable to type 'number'.
src/transformers/video/index.ts(51,37): error TS2345: Argument of type 'number | null' is not assignable to parameter of type 'number'.
  Type 'null' is not assignable to type 'number'.
src/transformers/video/index.ts(57,33): error TS2339: Property '_count' does not exist on type 'VideoComplete'.
src/transformers/video/index.ts(179,26): error TS2345: Argument of type 'Record<string, any>' is not assignable to parameter of type 'VideoBase & Record<string, any>'.
  Type 'Record<string, any>' is missing the following properties from type 'VideoBase': id, name, description, path, and 15 more.
src/transformers/video/index.ts(200,23): error TS2345: Argument of type 'Record<string, any>[]' is not assignable to parameter of type '(VideoBase & Record<string, any>)[]'.
  Type 'Record<string, any>' is not assignable to type 'VideoBase & Record<string, any>'.
    Type 'Record<string, any>' is missing the following properties from type 'VideoBase': id, name, description, path, and 15 more.
src/transformers/video/mappers.ts(9,2): error TS2305: Module '"@/types/entities/video/types"' has no exported member 'RelatedVideo'.
src/transformers/video/mappers.ts(12,2): error TS2305: Module '"@/types/entities/video/types"' has no exported member 'VideoFilters'.
src/transformers/video/mappers.ts(14,2): error TS2305: Module '"@/types/entities/video/types"' has no exported member 'VideoSearchOptions'.
src/transformers/video/mappers.ts(16,2): error TS2305: Module '"@/types/entities/video/types"' has no exported member 'VideoVisualConfigComplete'.
src/transformers/video/mappers.ts(357,42): error TS2353: Object literal may only specify known properties, and 'mode' does not exist in type 'StringFilter<"Video">'.
src/transformers/video/mappers.ts(358,49): error TS2353: Object literal may only specify known properties, and 'mode' does not exist in type 'StringNullableFilter<"Video">'.
src/transformers/video/mappers.ts(388,47): error TS7006: Parameter 'format' implicitly has an 'any' type.
src/transformers/video/serializers.ts(15,2): error TS2305: Module '"@/types/entities/video/types"' has no exported member 'VideoVisualConfig'.
src/transformers/video/serializers.ts(16,2): error TS2305: Module '"@/types/entities/video/types"' has no exported member 'VideoVisualConfigComplete'.
src/transformers/video/serializers.ts(110,3): error TS2322: Type 'undefined' is not assignable to type 'Record<string, any>'.
src/transformers/video/serializers.ts(141,5): error TS2322: Type '"folder"' is not assignable to type 'keyof VideoRelations'.
src/transformers/video/serializers.ts(284,3): error TS2322: Type '{ id: string; name: string; description: string | null; path: string; isFavorite: boolean; filters: string; metadata: string | { size: number; width: number; height: number; duration: number; format: VideoFormat; ... 13 more ...; creationDate?: string | ... 1 more ... | undefined; } | null; ... 24 more ...; playStat...' is not assignable to type 'VideoBase'.
  Types of property 'metadata' are incompatible.
    Type 'string | { size: number; width: number; height: number; duration: number; format: VideoFormat; location?: { latitude: number; longitude: number; name?: string | undefined; } | undefined; ... 12 more ...; creationDate?: string | ... 1 more ... | undefined; } | null' is not assignable to type 'string | null'.
      Type '{ size: number; width: number; height: number; duration: number; format: VideoFormat; location?: { latitude: number; longitude: number; name?: string | undefined; } | undefined; ... 12 more ...; creationDate?: string | ... 1 more ... | undefined; }' is not assignable to type 'string'.
src/transformers/video/serializers.ts(286,3): error TS2322: Type 'undefined' is not assignable to type 'VideoBase'.
src/transformers/video/serializers.ts(309,22): error TS2339: Property 'privacyLevel' does not exist on type 'VideoComplete'.
src/transformers/video/serializers.ts(310,18): error TS2339: Property 'privacyLevel' does not exist on type 'VideoComplete'.
src/transformers/wildcard/mappers.ts(81,3): error TS2322: Type '{ where: WildcardWhereInput; orderBy: WildcardOrderByWithRelationInput | WildcardOrderByWithRelationInput[]; skip?: number | undefined; take?: number | undefined; } | undefined' is not assignable to type 'WildcardWhereInput | undefined'.
  Type '{ where: WildcardWhereInput; orderBy: WildcardOrderByWithRelationInput | WildcardOrderByWithRelationInput[]; skip?: number | undefined; take?: number | undefined; }' has no properties in common with type 'WildcardWhereInput'.
src/transformers/wildcard/mappers.ts(85,10): error TS2393: Duplicate function implementation.
src/transformers/wildcard/mappers.ts(90,45): error TS2353: Object literal may only specify known properties, and 'mode' does not exist in type 'StringFilter<"Wildcard">'.
src/transformers/wildcard/mappers.ts(91,52): error TS2353: Object literal may only specify known properties, and 'mode' does not exist in type 'StringNullableFilter<"Wildcard">'.
src/transformers/wildcard/mappers.ts(119,17): error TS2393: Duplicate function implementation.
src/transformers/wildcard/mappers.ts(130,15): error TS2339: Property 'ids' does not exist on type 'WildcardFilters'.
src/transformers/wildcard/mappers.ts(130,30): error TS2339: Property 'ids' does not exist on type 'WildcardFilters'.
src/transformers/wildcard/mappers.ts(131,29): error TS2339: Property 'ids' does not exist on type 'WildcardFilters'.
src/transformers/wildcard/mappers.ts(135,15): error TS2339: Property 'id' does not exist on type 'WildcardFilters'.
src/transformers/wildcard/mappers.ts(136,23): error TS2339: Property 'id' does not exist on type 'WildcardFilters'.
src/transformers/wildcard/mappers.ts(140,15): error TS2339: Property 'name' does not exist on type 'WildcardFilters'.
src/transformers/wildcard/mappers.ts(142,23): error TS2339: Property 'name' does not exist on type 'WildcardFilters'.
src/transformers/wildcard/mappers.ts(143,5): error TS2353: Object literal may only specify known properties, and 'mode' does not exist in type 'StringFilter<"Wildcard">'.
src/transformers/wildcard/mappers.ts(148,15): error TS2339: Property 'userId' does not exist on type 'WildcardFilters'.
src/transformers/wildcard/mappers.ts(149,10): error TS2339: Property 'userId' does not exist on type 'WildcardWhereInput'.
src/transformers/wildcard/mappers.ts(149,27): error TS2339: Property 'userId' does not exist on type 'WildcardFilters'.
src/transformers/wildcard/mappers.ts(153,15): error TS2339: Property 'isPublic' does not exist on type 'WildcardFilters'.
src/transformers/wildcard/mappers.ts(154,10): error TS2339: Property 'isPublic' does not exist on type 'WildcardWhereInput'.
src/transformers/wildcard/mappers.ts(154,29): error TS2339: Property 'isPublic' does not exist on type 'WildcardFilters'.
src/transformers/wildcard/mappers.ts(158,15): error TS2339: Property 'isActive' does not exist on type 'WildcardFilters'.
src/transformers/wildcard/mappers.ts(159,10): error TS2339: Property 'isActive' does not exist on type 'WildcardWhereInput'.
src/transformers/wildcard/mappers.ts(159,29): error TS2339: Property 'isActive' does not exist on type 'WildcardFilters'.
src/transformers/wildcard/mappers.ts(163,15): error TS2339: Property 'isLocked' does not exist on type 'WildcardFilters'.
src/transformers/wildcard/mappers.ts(164,10): error TS2339: Property 'isLocked' does not exist on type 'WildcardWhereInput'.
src/transformers/wildcard/mappers.ts(164,29): error TS2339: Property 'isLocked' does not exist on type 'WildcardFilters'.
src/transformers/wildcard/mappers.ts(168,15): error TS2339: Property 'isHidden' does not exist on type 'WildcardFilters'.
src/transformers/wildcard/mappers.ts(169,10): error TS2339: Property 'isHidden' does not exist on type 'WildcardWhereInput'.
src/transformers/wildcard/mappers.ts(169,29): error TS2339: Property 'isHidden' does not exist on type 'WildcardFilters'.
src/transformers/wildcard/mappers.ts(173,15): error TS2339: Property 'isDefault' does not exist on type 'WildcardFilters'.
src/transformers/wildcard/mappers.ts(174,10): error TS2339: Property 'isDefault' does not exist on type 'WildcardWhereInput'.
src/transformers/wildcard/mappers.ts(174,30): error TS2339: Property 'isDefault' does not exist on type 'WildcardFilters'.
src/transformers/wildcard/mappers.ts(187,15): error TS2339: Property 'tagIds' does not exist on type 'WildcardFilters'.
src/transformers/wildcard/mappers.ts(187,33): error TS2339: Property 'tagIds' does not exist on type 'WildcardFilters'.
src/transformers/wildcard/mappers.ts(190,24): error TS2339: Property 'tagIds' does not exist on type 'WildcardFilters'.
src/transformers/wildcard/mappers.ts(196,15): error TS2339: Property 'collectionIds' does not exist on type 'WildcardFilters'.
src/transformers/wildcard/mappers.ts(196,40): error TS2339: Property 'collectionIds' does not exist on type 'WildcardFilters'.
src/transformers/wildcard/mappers.ts(199,24): error TS2339: Property 'collectionIds' does not exist on type 'WildcardFilters'.
src/transformers/wildcard/mappers.ts(205,15): error TS2339: Property 'relatedTo' does not exist on type 'WildcardFilters'.
src/transformers/wildcard/mappers.ts(206,45): error TS2339: Property 'relatedTo' does not exist on type 'WildcardFilters'.
src/transformers/wildcard/mappers.ts(254,15): error TS2339: Property 'searchTerm' does not exist on type 'WildcardFilters'.
src/transformers/wildcard/mappers.ts(255,25): error TS2339: Property 'searchTerm' does not exist on type 'WildcardFilters'.
src/transformers/wildcard/mappers.ts(258,32): error TS2353: Object literal may only specify known properties, and 'mode' does not exist in type 'StringFilter<"Wildcard">'.
src/transformers/wildcard/mappers.ts(259,39): error TS2353: Object literal may only specify known properties, and 'mode' does not exist in type 'StringNullableFilter<"Wildcard">'.
src/transformers/wildcard/mappers.ts(267,15): error TS2339: Property 'sortBy' does not exist on type 'WildcardFilters'.
src/transformers/wildcard/mappers.ts(268,25): error TS2304: Cannot find name 'WILDCARD_SORT_PROPERTY_MAP'.
src/transformers/wildcard/mappers.ts(268,60): error TS2339: Property 'sortBy' does not exist on type 'WildcardFilters'.
src/transformers/wildcard/mappers.ts(268,70): error TS2304: Cannot find name 'WildcardSortCriteria'.
src/transformers/wildcard/mappers.ts(269,30): error TS2339: Property 'sortDirection' does not exist on type 'WildcardFilters'.
src/transformers/wildcard/mappers.ts(278,24): error TS2339: Property 'skip' does not exist on type 'WildcardFilters'.
src/transformers/wildcard/mappers.ts(279,24): error TS2339: Property 'limit' does not exist on type 'WildcardFilters'.
src/transformers/wildcard/mappers.ts(294,27): error TS2304: Cannot find name 'WildcardComplete'.
src/transformers/wildcard/mappers.ts(306,34): error TS2304: Cannot find name 'WildcardComplete'.
src/transformers/wildcard/serializers.ts(200,11): error TS2339: Property 'parsedChildren' does not exist on type 'T & WildcardComplete'.
src/transformers/wildcard/serializers.ts(205,11): error TS2339: Property '_relations' does not exist on type 'T & WildcardComplete'.
src/transformers/wildcard/serializers.ts(215,11): error TS2339: Property '_ui' does not exist on type 'T & WildcardComplete'.
src/transformers/wildcard/serializers.ts(219,28): error TS2339: Property 'parsedChildren' does not exist on type 'T & WildcardComplete'.
src/transformers/wildcard/serializers.ts(254,11): error TS2339: Property 'parsedChildren' does not exist on type 'Partial<WildcardComplete>'.
src/transformers/wildcard/serializers.ts(254,27): error TS2339: Property '_relations' does not exist on type 'Partial<WildcardComplete>'.
src/transformers/wildcard/serializers.ts(254,47): error TS2339: Property '_ui' does not exist on type 'Partial<WildcardComplete>'.
src/transformers/wildcard/serializers.ts(315,22): error TS2339: Property '_ui' does not exist on type 'T & WildcardComplete'.
src/transformers/wildcard/serializers.ts(316,33): error TS2339: Property 'parsedChildren' does not exist on type 'T & WildcardComplete'.
src/transformers/wildcard/transformer.ts(57,12): error TS2339: Property 'parsedChildren' does not exist on type 'Partial<WildcardComplete>'.
src/transformers/wildcard/transformer.ts(62,12): error TS2339: Property '_ui' does not exist on type 'Partial<WildcardComplete>'.
src/transformers/wildcard/transformer.ts(64,27): error TS2339: Property 'parsedChildren' does not exist on type 'Partial<WildcardComplete>'.
src/transformers/wildcard/transformer.ts(66,29): error TS2339: Property 'parsedChildren' does not exist on type 'Partial<WildcardComplete>'.
src/transformers/wildcard/transformer.ts(83,10): error TS2352: Conversion of type 'T & {}' to type 'WildcardComplete' may be a mistake because neither type sufficiently overlaps with the other. If this was intentional, convert the expression to 'unknown' first.
  Type 'T & {}' is missing the following properties from type 'WildcardComplete': id, name, emoji, color, and 4 more.
src/transformers/wildcard/transformer.ts(140,4): error TS2353: Object literal may only specify known properties, and 'isSelected' does not exist in type 'WildcardComplete'.
src/transformers/wildcard/transformer.ts(143,36): error TS2339: Property 'parsedChildren' does not exist on type 'WildcardComplete'.
src/transformers/wildcard/transformer.ts(177,4): error TS2353: Object literal may only specify known properties, and 'stats' does not exist in type 'WildcardComplete'.
src/transformers/wildcard/transformer.ts(178,34): error TS2339: Property 'parsedChildren' does not exist on type 'WildcardComplete'.
src/transformers/wildcard/transformer.ts(204,30): error TS2339: Property 'parsedChildren' does not exist on type 'WildcardComplete'.
src/transformers/wildcard/transformer.ts(241,16): error TS2339: Property '_relations' does not exist on type 'WildcardComplete'.
src/transformers/wildcard/transformer.ts(246,26): error TS2339: Property '_relations' does not exist on type 'WildcardComplete'.
src/transformers/wildcard/v2/index.ts(23,2): error TS1205: Re-exporting a type when 'isolatedModules' is enabled requires using 'export type'.
src/transformers/wildcard/v2/mappers.ts(11,2): error TS2305: Module '"@/types/entities/wildcard/types"' has no exported member 'WildcardBulkUpdateData'.
src/transformers/wildcard/v2/mappers.ts(12,2): error TS2724: '"@/types/entities/wildcard/types"' has no exported member named 'WildcardRelated'. Did you mean 'WildcardRelations'?
src/transformers/wildcard/v2/mappers.ts(13,2): error TS2724: '"@/types/entities/wildcard/types"' has no exported member named 'WildcardSearchFilters'. Did you mean 'WildcardFilters'?
src/transformers/wildcard/v2/mappers.ts(20,29): error TS2339: Property 'child' does not exist on type 'ServerLogger'.
src/transformers/wildcard/v2/mappers.ts(30,13): error TS2339: Property 'id' does not exist on type 'WildcardCreateInput'.
src/transformers/wildcard/v2/mappers.ts(132,4): error TS2339: Property 'page' does not exist on type 'WildcardSearchOptions'.
src/transformers/wildcard/v2/mappers.ts(133,4): error TS2339: Property 'limit' does not exist on type 'WildcardSearchOptions'.
src/transformers/wildcard/v2/mappers.ts(135,4): error TS2339: Property 'sortOrder' does not exist on type 'WildcardSearchOptions'.
src/transformers/wildcard/v2/mappers.ts(136,4): error TS2339: Property 'searchQuery' does not exist on type 'WildcardSearchOptions'.
src/transformers/wildcard/v2/mappers.ts(138,4): error TS2339: Property 'includeStats' does not exist on type 'WildcardSearchOptions'.
src/transformers/wildcard/v2/mappers.ts(139,4): error TS2339: Property 'includeImages' does not exist on type 'WildcardSearchOptions'.
src/transformers/wildcard/v2/mappers.ts(140,4): error TS2339: Property 'includeVideos' does not exist on type 'WildcardSearchOptions'.
src/transformers/wildcard/v2/mappers.ts(141,4): error TS2339: Property 'includeAlbums' does not exist on type 'WildcardSearchOptions'.
src/transformers/wildcard/v2/mappers.ts(142,4): error TS2339: Property 'includeTags' does not exist on type 'WildcardSearchOptions'.
src/transformers/wildcard/v2/mappers.ts(143,4): error TS2339: Property 'includeParent' does not exist on type 'WildcardSearchOptions'.
src/transformers/wildcard/v2/serializers.ts(12,29): error TS2339: Property 'child' does not exist on type 'ServerLogger'.
src/transformers/wildcard/v2/serializers.ts(84,12): error TS2339: Property 'children' does not exist on type '{ id: string | undefined; name: string | undefined; emoji: string; color: string; description: string | null | undefined; shortcut: string | null | undefined; category: string; parentId: string | ... 1 more ... | undefined; featuredImage: string | ... 1 more ... | undefined; }'.
src/transformers/wildcard/v2/serializers.ts(85,24): error TS2339: Property 'parsedChildren' does not exist on type 'Partial<WildcardComplete>'.
src/transformers/wildcard/v2/serializers.ts(86,12): error TS2339: Property 'children' does not exist on type '{ id: string | undefined; name: string | undefined; emoji: string; color: string; description: string | null | undefined; shortcut: string | null | undefined; category: string; parentId: string | ... 1 more ... | undefined; featuredImage: string | ... 1 more ... | undefined; }'.
src/transformers/wildcard/v2/serializers.ts(86,47): error TS2339: Property 'parsedChildren' does not exist on type 'Partial<WildcardComplete>'.
src/transformers/wildcard/v2/serializers.ts(88,12): error TS2339: Property 'children' does not exist on type '{ id: string | undefined; name: string | undefined; emoji: string; color: string; description: string | null | undefined; shortcut: string | null | undefined; category: string; parentId: string | ... 1 more ... | undefined; featuredImage: string | ... 1 more ... | undefined; }'.
src/transformers/wildcard/v2/serializers.ts(90,12): error TS2339: Property 'children' does not exist on type '{ id: string | undefined; name: string | undefined; emoji: string; color: string; description: string | null | undefined; shortcut: string | null | undefined; category: string; parentId: string | ... 1 more ... | undefined; featuredImage: string | ... 1 more ... | undefined; }'.
src/transformers/wildcard/v2/serializers.ts(92,23): error TS2339: Property 'parsedChildren' does not exist on type 'Partial<WildcardComplete>'.
src/transformers/wildcard/v2/serializers.ts(93,11): error TS2339: Property 'children' does not exist on type '{ id: string | undefined; name: string | undefined; emoji: string; color: string; description: string | null | undefined; shortcut: string | null | undefined; category: string; parentId: string | ... 1 more ... | undefined; featuredImage: string | ... 1 more ... | undefined; }'.
src/transformers/wildcard/v2/serializers.ts(93,46): error TS2339: Property 'parsedChildren' does not exist on type 'Partial<WildcardComplete>'.
src/transformers/wildcard/v2/serializers.ts(136,13): error TS2339: Property 'parsedChildren' does not exist on type 'T & WildcardComplete'.
src/transformers/wildcard/v2/serializers.ts(138,13): error TS2339: Property 'parsedChildren' does not exist on type 'T & WildcardComplete'.
src/transformers/wildcard/v2/serializers.ts(145,12): error TS2339: Property 'parsedChildren' does not exist on type 'T & WildcardComplete'.
src/transformers/wildcard/v2/serializers.ts(151,11): error TS2339: Property '_relations' does not exist on type 'T & WildcardComplete'.
src/transformers/wildcard/v2/serializers.ts(161,11): error TS2339: Property '_ui' does not exist on type 'T & WildcardComplete'.
src/transformers/wildcard/v2/serializers.ts(164,39): error TS2339: Property 'parsedChildren' does not exist on type 'T & WildcardComplete'.
src/transformers/wildcard/v2/serializers.ts(164,64): error TS2339: Property 'parsedChildren' does not exist on type 'T & WildcardComplete'.
src/transformers/wildcard/v2/serializers.ts(165,28): error TS2339: Property 'parsedChildren' does not exist on type 'T & WildcardComplete'.
src/transformers/workflow/mappers.ts(2,15): error TS2305: Module '"@/types/entities/workflow/types"' has no exported member 'Workflow'.
src/transformers/workflow/serializers.ts(2,15): error TS2305: Module '"@/types/entities/workflow/types"' has no exported member 'Workflow'.
src/transformers/workflow/transformer.ts(2,15): error TS2305: Module '"@/types/entities/workflow/types"' has no exported member 'Workflow'.
src/transformers/world-item/mappers.ts(190,13): error TS2339: Property 'id' does not exist on type 'WorldItemCreateInput'.
src/transformers/world-item/mappers.ts(224,4): error TS2559: Type 'string' has no properties in common with type 'PropertyCreateNestedManyWithoutWorldItemsInput'.
src/transformers/world-item/mappers.ts(232,4): error TS2559: Type 'string' has no properties in common with type 'TagCreateNestedManyWithoutWorldItemsInput'.
src/transformers/world-item/mappers.ts(256,9): error TS2322: Type '{ name?: string; description?: string | null; shortcut?: string | null; category?: string; type?: string; rarity?: string; size?: string; origin?: string; attributes?: string | WorldItemAttribute[]; ... 11 more ...; images?: { set: { id: string; }[]; }; }' is not assignable to type 'WorldItemUpdateInput'.
  Types of property 'filters' are incompatible.
    Type 'string | WorldItemFilter[] | undefined' is not assignable to type 'string | StringFieldUpdateOperationsInput | undefined'.
      Type 'WorldItemFilter[]' is not assignable to type 'string | StringFieldUpdateOperationsInput | undefined'.
src/transformers/world-item/mappers.ts(288,4): error TS2559: Type 'string' has no properties in common with type 'PropertyUpdateManyWithoutWorldItemsNestedInput'.
src/transformers/world-item/mappers.ts(296,4): error TS2559: Type 'string' has no properties in common with type 'TagUpdateManyWithoutWorldItemsNestedInput'.
src/transformers/world-item/mappers.ts(346,7): error TS2353: Object literal may only specify known properties, and 'relatedItems' does not exist in type 'WorldItemCountOutputTypeSelect<DefaultArgs>'.
src/transformers/world-item/mappers.ts(378,41): error TS2353: Object literal may only specify known properties, and 'mode' does not exist in type 'StringFilter<"WorldItem">'.
src/transformers/world-item/mappers.ts(379,48): error TS2353: Object literal may only specify known properties, and 'mode' does not exist in type 'StringNullableFilter<"WorldItem">'.
src/transformers/world-item/mappers.ts(380,45): error TS2353: Object literal may only specify known properties, and 'mode' does not exist in type 'StringNullableFilter<"WorldItem">'.
src/transformers/world-item/mappers.ts(381,43): error TS2353: Object literal may only specify known properties, and 'mode' does not exist in type 'StringFilter<"WorldItem">'.
src/transformers/world-item/mappers.ts(423,19): error TS2353: Object literal may only specify known properties, and 'contains' does not exist in type 'PropertyListRelationFilter'.
src/transformers/world-item/mappers.ts(429,19): error TS2353: Object literal may only specify known properties, and 'contains' does not exist in type 'PropertyListRelationFilter'.
src/types/common/transformer.ts(131,28): error TS2724: '"D:/DEV/image-manager/node_modules/.prisma/client/index".Prisma' has no exported member named 'Prisma__BaseClient'. Did you mean 'Prisma__ImageClient'?
src/types/config.ts(274,25): error TS2345: Argument of type '{ new (): CacheStorage; prototype: CacheStorage; }' is not assignable to parameter of type 'EnumLike'.
  Index signature for type 'string' is missing in type '{ new (): CacheStorage; prototype: CacheStorage; }'.
src/types/entities/album/extended.ts(7,15): error TS2305: Module '"./types"' has no exported member 'Album'.
src/types/entities/album/extended.ts(7,33): error TS2305: Module '"./types"' has no exported member 'AlbumFilters'.
src/types/entities/character/extended.ts(6,15): error TS2305: Module '"../concept/types"' has no exported member 'Concept'.
src/types/entities/character/extended.ts(7,15): error TS2305: Module '"../image/types"' has no exported member 'Image'.
src/types/entities/character/extended.ts(8,15): error TS2305: Module '"../note/types"' has no exported member 'Note'.
src/types/entities/character/extended.ts(9,15): error TS2305: Module '"../prompt/types"' has no exported member 'Prompt'.
src/types/entities/character/extended.ts(10,77): error TS2306: File 'D:/DEV/image-manager/src/types/entities/character/base.ts' is not a module.
src/types/entities/character/index.ts(20,2): error TS2305: Module '"./types"' has no exported member 'CHARACTER_SORT_PROPERTY_MAP'.
src/types/entities/character/index.ts(21,2): error TS2305: Module '"./types"' has no exported member 'CharacterSortCriteria'.
src/types/entities/character/index.ts(26,2): error TS2724: '"./types"' has no exported member named 'CharacterCount'. Did you mean 'CharacterCounts'?
src/types/entities/character/index.ts(30,2): error TS2305: Module '"./types"' has no exported member 'CharacterIncludes'.
src/types/entities/character/index.ts(33,2): error TS2305: Module '"./types"' has no exported member 'CharacterSearchResult'.
src/types/entities/character/index.ts(34,2): error TS2305: Module '"./types"' has no exported member 'CharacterTransformerOptions'.
src/types/entities/collection/extended.ts(7,37): error TS2306: File 'D:/DEV/image-manager/src/types/entities/collection/base.ts' is not a module.
src/types/entities/collection/extended.ts(8,15): error TS2305: Module '"./types"' has no exported member 'CollectionFilter'.
src/types/entities/concept/actions.ts(1,15): error TS2305: Module '"./index"' has no exported member 'ConceptComplete'.
src/types/entities/concept/actions.ts(1,49): error TS2724: '"./index"' has no exported member named 'ConceptWithStats'. Did you mean 'ConceptStatus'?
src/types/entities/concept/actions.ts(1,67): error TS2305: Module '"./index"' has no exported member 'CreateConceptData'.
src/types/entities/concept/complete.ts(6,28): error TS2305: Module '"./types"' has no exported member 'ConceptWithRelations'.
src/types/entities/concept/extended.ts(1,28): error TS2305: Module '"./index"' has no exported member 'ConceptComplete'.
src/types/entities/concept/extended.ts(1,45): error TS2724: '"./index"' has no exported member named 'ConceptStats'. Did you mean 'ConceptStatus'?
src/types/entities/concept/extended.ts(1,59): error TS2724: '"./index"' has no exported member named 'ConceptWithRelationsComplete'. Did you mean 'ConceptWithRelationsExtendedComplete'?
src/types/entities/concept/schema.ts(8,10): error TS2305: Module '"./types"' has no exported member 'ConceptSortCriteria'.
src/types/entities/entities/index.ts(49,15): error TS2724: '"@/types/entities/uploaded-image"' has no exported member named 'UploadedImageType'. Did you mean 'UploadedFileType'?
src/types/entities/file/extended.ts(6,61): error TS2306: File 'D:/DEV/image-manager/src/types/entities/file/base.ts' is not a module.
src/types/entities/group/schema.ts(7,10): error TS2305: Module '"./types"' has no exported member 'GroupViewMode'.
src/types/entities/image/complete.ts(6,15): error TS2305: Module '"../album"' has no exported member 'Album'.
src/types/entities/image/complete.ts(8,15): error TS2305: Module '"../collection"' has no exported member 'Collection'.
src/types/entities/image/complete.ts(9,15): error TS2305: Module '"../concept"' has no exported member 'Concept'.
src/types/entities/image/complete.ts(10,15): error TS2305: Module '"../group"' has no exported member 'Group'.
src/types/entities/image/complete.ts(11,15): error TS2305: Module '"../note"' has no exported member 'Note'.
src/types/entities/image/complete.ts(12,15): error TS2305: Module '"../place"' has no exported member 'Place'.
src/types/entities/image/complete.ts(14,15): error TS2305: Module '"../property"' has no exported member 'Property'.
src/types/entities/image/complete.ts(15,15): error TS2305: Module '"../tag"' has no exported member 'Tag'.
src/types/entities/image/complete.ts(16,15): error TS2724: '"../wildcard"' has no exported member named 'Wildcard'. Did you mean 'WildcardUI'?
src/types/entities/image/extended.ts(48,18): error TS2430: Interface 'ImageExtended' incorrectly extends interface 'ImageBase'.
  Types of property 'metadata' are incompatible.
    Type 'ImageMetadata | undefined' is not assignable to type 'string | null | undefined'.
      Type 'ImageMetadata' is not assignable to type 'string'.
src/types/entities/image/transformer.ts(26,3): error TS2741: Property 'folderId' is missing in type '{ id: string; name: string; description: string | null | undefined; path: string; hash: string; size: number; width: number; height: number; metadata: string | null | undefined; isFavorite: boolean; ... 4 more ...; filters: string; }' but required in type 'ImageBase'.
src/types/entities/metadata/extended.ts(1,35): error TS2306: File 'D:/DEV/image-manager/src/types/entities/metadata/base.ts' is not a module.
src/types/entities/metadata/index.ts(1,15): error TS2306: File 'D:/DEV/image-manager/src/types/entities/metadata/base.ts' is not a module.
src/types/entities/note/complete.ts(6,25): error TS2724: '"./types"' has no exported member named 'NoteWithRelations'. Did you mean 'NoteRelations'?
src/types/entities/note/extended.ts(1,31): error TS2306: File 'D:/DEV/image-manager/src/types/entities/note/base.ts' is not a module.
src/types/entities/place/extended.ts(6,26): error TS2305: Module '"./types"' has no exported member 'PlaceDanger'.
src/types/entities/place/extended.ts(6,55): error TS2305: Module '"./types"' has no exported member 'PlaceResource'.
src/types/entities/place/extended.ts(6,70): error TS2305: Module '"./types"' has no exported member 'PlaceStats'.
src/types/entities/place/index.ts(8,49): error TS2305: Module '"./types"' has no exported member 'PlaceDanger'.
src/types/entities/place/index.ts(8,62): error TS2305: Module '"./types"' has no exported member 'PlaceDeserialized'.
src/types/entities/place/index.ts(8,111): error TS2305: Module '"./types"' has no exported member 'PlaceResource'.
src/types/entities/place/index.ts(9,5): error TS2305: Module '"./types"' has no exported member 'PlaceSearchResult'.
src/types/entities/place/index.ts(9,24): error TS2305: Module '"./types"' has no exported member 'PlaceStat'.
src/types/entities/place/index.ts(10,5): error TS2305: Module '"./types"' has no exported member 'PlaceStats'.
src/types/entities/place/index.ts(15,5): error TS2305: Module '"./types"' has no exported member 'PlaceCategory'.
src/types/entities/place/index.ts(15,20): error TS2305: Module '"./types"' has no exported member 'PlaceClimate'.
src/types/entities/place/index.ts(16,5): error TS2305: Module '"./types"' has no exported member 'PlaceSortCriteria'.
src/types/entities/place/index.ts(16,24): error TS2305: Module '"./types"' has no exported member 'PlaceType'.
src/types/entities/place/schema.ts(8,10): error TS2305: Module '"./types"' has no exported member 'PlaceCategory'.
src/types/entities/place/schema.ts(8,25): error TS2305: Module '"./types"' has no exported member 'PlaceClimate'.
src/types/entities/place/schema.ts(8,39): error TS2305: Module '"./types"' has no exported member 'PlaceType'.
src/types/entities/prompt/extended.ts(6,27): error TS2305: Module '"./types"' has no exported member 'PromptParameter'.
src/types/entities/prompt/index.ts(11,1): error TS2308: Module './extended' has already exported a member named 'PromptFilters'. Consider explicitly re-exporting to resolve the ambiguity.
src/types/entities/prompt/index.ts(12,15): error TS2305: Module '"./types"' has no exported member 'PromptComplete'.
src/types/entities/prompt/types.ts(22,15): error TS2305: Module '"../album"' has no exported member 'Album'.
src/types/entities/prompt/types.ts(24,15): error TS2305: Module '"../collection"' has no exported member 'Collection'.
src/types/entities/prompt/types.ts(25,15): error TS2305: Module '"../concept"' has no exported member 'Concept'.
src/types/entities/prompt/types.ts(26,15): error TS2305: Module '"../group"' has no exported member 'Group'.
src/types/entities/prompt/types.ts(27,15): error TS2305: Module '"../image"' has no exported member 'Image'.
src/types/entities/prompt/types.ts(28,15): error TS2305: Module '"../note"' has no exported member 'Note'.
src/types/entities/prompt/types.ts(29,15): error TS2305: Module '"../place"' has no exported member 'Place'.
src/types/entities/prompt/types.ts(30,15): error TS2305: Module '"../property"' has no exported member 'Property'.
src/types/entities/prompt/types.ts(31,15): error TS2305: Module '"../tag"' has no exported member 'Tag'.
src/types/entities/prompt/types.ts(32,15): error TS2724: '"../video"' has no exported member named 'Video'. Did you mean 'VideoUI'?
src/types/entities/prompt/types.ts(33,15): error TS2724: '"../wildcard"' has no exported member named 'Wildcard'. Did you mean 'WildcardUI'?
src/types/entities/queue-job/index.ts(27,2): error TS2305: Module '"./types"' has no exported member 'CreateQueueJobInput'.
src/types/entities/queue-job/index.ts(28,2): error TS2305: Module '"./types"' has no exported member 'PaginatedQueueJobs'.
src/types/entities/queue-job/index.ts(29,2): error TS2305: Module '"./types"' has no exported member 'QueueJobExtended'.
src/types/entities/queue-job/index.ts(30,2): error TS2305: Module '"./types"' has no exported member 'QueueJobFilters'.
src/types/entities/queue-job/index.ts(31,2): error TS2305: Module '"./types"' has no exported member 'QueueJobMetadata'.
src/types/entities/queue-job/index.ts(32,2): error TS2305: Module '"./types"' has no exported member 'QueueJobPaginationOptions'.
src/types/entities/queue-job/index.ts(33,2): error TS2305: Module '"./types"' has no exported member 'QueueStats'.
src/types/entities/queue-job/index.ts(34,2): error TS2305: Module '"./types"' has no exported member 'UpdateQueueJobInput'.
src/types/entities/task/extended.ts(6,26): error TS2306: File 'D:/DEV/image-manager/src/types/entities/task/base.ts' is not a module.
src/types/entities/task/index.ts(6,15): error TS2306: File 'D:/DEV/image-manager/src/types/entities/task/base.ts' is not a module.
src/types/entities/thumbnail/extended.ts(7,71): error TS2306: File 'D:/DEV/image-manager/src/types/entities/thumbnail/base.ts' is not a module.
src/types/entities/thumbnail/index.ts(6,15): error TS2306: File 'D:/DEV/image-manager/src/types/entities/thumbnail/base.ts' is not a module.
src/types/entities/uploaded-image/transformers.ts(6,15): error TS2305: Module '"@/types/common/transformer"' has no exported member 'Transformer'.
src/types/entities/uploaded-image/transformers.ts(9,82): error TS2724: '"./types"' has no exported member named 'UploadedImageType'. Did you mean 'UploadedFileType'?
src/types/entities/uploaded-image/transformers.ts(43,11): error TS7006: Parameter 'record' implicitly has an 'any' type.
src/types/entities/uploaded-image/transformers.ts(65,13): error TS7006: Parameter 'entity' implicitly has an 'any' type.
src/types/entities/uploaded-image/transformers.ts(65,21): error TS7006: Parameter '_options' implicitly has an 'any' type.
src/types/entities/uploaded-image/transformers.ts(92,9): error TS7006: Parameter 'input' implicitly has an 'any' type.
src/types/entities/wildcard/schema.ts(32,14): error TS7022: 'WildcardChildSchema' implicitly has type 'any' because it does not have a type annotation and is referenced directly or indirectly in its own initializer.
src/types/entities/wildcard/schema.ts(35,27): error TS7024: Function implicitly has return type 'any' because it does not have a return type annotation and is referenced directly or indirectly in one of its return expressions.
src/types/entities/world-item/types.ts(24,15): error TS2305: Module '"../image"' has no exported member 'Image'.
src/types/file-item.ts(337,18): error TS2430: Interface 'SerializableFileItem' incorrectly extends interface 'Omit<FileItem, "createdAt" | "updatedAt">'.
  Types of property 'thumbnail' are incompatible.
    Type 'string | null | undefined' is not assignable to type 'string | undefined'.
      Type 'null' is not assignable to type 'string | undefined'.
src/types/search.ts(141,14): error TS2322: Type 'ZodLazy<ZodObject<{ operator: ZodEnum<["and", "or"]>; conditions: ZodArray<ZodUnion<[ZodObject<{ field: ZodString; operator: ZodNativeEnum<typeof SearchOperator>; value: ZodUnknown; metadata: ZodOptional<...>; }, "strip", ZodTypeAny, { ...; }, { ...; }>, ZodType<...>]>, "many">; metadata: ZodOptional<...>; }, "strip...' is not assignable to type 'ZodType<SearchGroup, ZodTypeDef, SearchGroup>'.
  The types of '_type.conditions' are incompatible between these types.
    Type '({ operator: SearchOperator; field: string; metadata?: string | undefined; value?: unknown; } | SearchGroup)[]' is not assignable to type '(SearchGroup | SearchCondition)[]'.
      Type '{ operator: SearchOperator; field: string; metadata?: string | undefined; value?: unknown; } | SearchGroup' is not assignable to type 'SearchGroup | SearchCondition'.
        Type '{ operator: SearchOperator; field: string; metadata?: string | undefined; value?: unknown; }' is not assignable to type 'SearchGroup | SearchCondition'.
          Type '{ operator: SearchOperator; field: string; metadata?: string | undefined; value?: unknown; }' is not assignable to type 'SearchCondition'.
            Property 'value' is optional in type '{ operator: SearchOperator; field: string; metadata?: string | undefined; value?: unknown; }' but required in type 'SearchCondition'.
src/types/store.types.ts(6,43): error TS2307: Cannot find module './utils/types/utility-types' or its corresponding type declarations.
src/types/uploaded-images.ts(8,15): error TS2724: '"./entities/uploaded-image"' has no exported member named 'UploadedImageType'. Did you mean 'UploadedFileType'?
src/utils/activity/helpers.ts(7,25): error TS2305: Module '"../../types/entities/activity"' has no exported member 'ActivityCategory'.
src/utils/album/helpers.ts(6,15): error TS2305: Module '"../../types/entities/album"' has no exported member 'Album'.
src/utils/album/helpers.ts(6,22): error TS2305: Module '"../../types/entities/album"' has no exported member 'AlbumMetadata'.
src/utils/album/validators.ts(7,10): error TS2305: Module '"../../types/entities/album"' has no exported member 'AlbumPrivacyLevel'.
src/utils/album/validators.ts(178,103): error TS2304: Cannot find name 'Album'.
src/utils/character/helpers.ts(11,2): error TS2724: '"@/types/entities/character"' has no exported member named 'CharacterCategory'. Did you mean 'CharacterCard'?
src/utils/character/helpers.ts(12,2): error TS2724: '"@/types/entities/character"' has no exported member named 'CharacterClass'. Did you mean 'CharacterCard'?
src/utils/character/helpers.ts(14,2): error TS2724: '"@/types/entities/character"' has no exported member named 'CharacterRace'. Did you mean 'Character'?
src/utils/character/helpers.ts(15,2): error TS2724: '"@/types/entities/character"' has no exported member named 'CharacterRelationship'. Did you mean 'CharacterRelations'?
src/utils/character/helpers.ts(16,2): error TS2724: '"@/types/entities/character"' has no exported member named 'CharacterSortOption'. Did you mean 'CharacterSearchOptions'?
src/utils/character/helpers.ts(48,3): error TS2353: Object literal may only specify known properties, and 'emoji' does not exist in type 'CharacterBase'.
src/utils/character/helpers.ts(182,10): error TS2538: Type 'unknown' cannot be used as an index type.
src/utils/collection/helpers.ts(7,10): error TS2305: Module '"@/types/entities/collection"' has no exported member 'CollectionSortOption'.
src/utils/concept/helpers.ts(3,45): error TS2724: '"@/types/entities/concept"' has no exported member named 'ConceptStats'. Did you mean 'ConceptStatus'?
src/utils/concept/helpers.ts(144,50): error TS2339: Property 'tags' does not exist on type 'ConceptBase'.
src/utils/concept/helpers.ts(145,14): error TS2339: Property 'tags' does not exist on type 'ConceptBase'.
src/utils/concept/helpers.ts(146,21): error TS2339: Property 'tags' does not exist on type 'ConceptBase'.
src/utils/concept/helpers.ts(147,31): error TS2339: Property 'tags' does not exist on type 'ConceptBase'.
src/utils/concept/helpers.ts(162,39): error TS2339: Property 'tags' does not exist on type 'ConceptBase'.
src/utils/concept/helpers.ts(162,49): error TS2339: Property 'tags' does not exist on type 'ConceptBase'.
src/utils/concept/helpers.ts(162,65): error TS2339: Property 'tags' does not exist on type 'ConceptBase'.
src/utils/concept/helpers.ts(162,103): error TS2339: Property 'tags' does not exist on type 'ConceptBase'.
src/utils/concept/helpers.ts(165,48): error TS7006: Parameter 'tag' implicitly has an 'any' type.
src/utils/concept/helpers.ts(190,12): error TS2339: Property 'tags' does not exist on type 'ConceptBase'.
src/utils/folder/helpers.ts(6,15): error TS2305: Module '"@/types/entities/folder"' has no exported member 'FolderExtended'.
src/utils/image-utils.ts(6,15): error TS2305: Module '"@/types/entities/image"' has no exported member 'Image'.
src/utils/image/helpers.ts(6,15): error TS2305: Module '"../../types/entities/image"' has no exported member 'Image'.
src/utils/image/helpers.ts(6,22): error TS2305: Module '"../../types/entities/image"' has no exported member 'ImageFormat'.
src/utils/image/validators.ts(7,10): error TS2305: Module '"../../types/entities/image"' has no exported member 'ImageFormat'.
src/utils/note/helpers.ts(1,10): error TS2614: Module '"@/transformers/note/serializers"' has no exported member 'deserializeTags'. Did you mean to use 'import deserializeTags from "@/transformers/note/serializers"' instead?
src/utils/place/helpers.ts(6,10): error TS2305: Module '"../../types/entities/place"' has no exported member 'PLACE_SORT_PROPERTY_MAP'.
src/utils/place/helpers.ts(6,40): error TS2305: Module '"../../types/entities/place"' has no exported member 'Place'.
src/utils/place/helpers.ts(64,15): error TS2339: Property 'searchQuery' does not exist on type 'PlaceFilters'.
src/utils/place/helpers.ts(65,43): error TS2339: Property 'searchQuery' does not exist on type 'PlaceFilters'.
src/utils/place/helpers.ts(85,15): error TS2551: Property 'categories' does not exist on type 'PlaceFilters'. Did you mean 'category'?
src/utils/place/helpers.ts(86,17): error TS2551: Property 'categories' does not exist on type 'PlaceFilters'. Did you mean 'category'?
src/utils/place/helpers.ts(92,15): error TS2551: Property 'types' does not exist on type 'PlaceFilters'. Did you mean 'type'?
src/utils/place/helpers.ts(93,17): error TS2551: Property 'types' does not exist on type 'PlaceFilters'. Did you mean 'type'?
src/utils/place/helpers.ts(99,15): error TS2339: Property 'climates' does not exist on type 'PlaceFilters'.
src/utils/place/helpers.ts(100,17): error TS2339: Property 'climates' does not exist on type 'PlaceFilters'.
src/utils/place/helpers.ts(106,15): error TS2339: Property 'governments' does not exist on type 'PlaceFilters'.
src/utils/place/helpers.ts(107,17): error TS2339: Property 'governments' does not exist on type 'PlaceFilters'.
src/utils/place/helpers.ts(113,44): error TS2339: Property 'populationRange' does not exist on type 'PlaceFilters'.
src/utils/place/helpers.ts(114,16): error TS2339: Property 'populationRange' does not exist on type 'PlaceFilters'.
src/utils/place/helpers.ts(114,80): error TS2339: Property 'populationRange' does not exist on type 'PlaceFilters'.
src/utils/place/helpers.ts(117,16): error TS2339: Property 'populationRange' does not exist on type 'PlaceFilters'.
src/utils/place/helpers.ts(117,80): error TS2339: Property 'populationRange' does not exist on type 'PlaceFilters'.
src/utils/place/helpers.ts(123,15): error TS2339: Property 'onlyFavorites' does not exist on type 'PlaceFilters'.
src/utils/place/helpers.ts(128,15): error TS2339: Property 'hasImages' does not exist on type 'PlaceFilters'.
src/utils/place/helpers.ts(131,15): error TS2339: Property 'hasNotes' does not exist on type 'PlaceFilters'.
src/utils/place/helpers.ts(134,15): error TS2339: Property 'hasConcepts' does not exist on type 'PlaceFilters'.
src/utils/place/helpers.ts(137,15): error TS2339: Property 'hasPrompts' does not exist on type 'PlaceFilters'.
src/utils/place/validators.ts(15,58): error TS2307: Cannot find module '../../types/entities/place/enums' or its corresponding type declarations.
src/utils/prompt/execution.ts(135,18): error TS2339: Property 'model' does not exist on type 'PromptBase'.
src/utils/prompt/execution.ts(148,56): error TS2339: Property 'title' does not exist on type 'PromptBase'.
src/utils/prompt/execution.ts(190,46): error TS2339: Property 'model' does not exist on type 'PromptBase'.
src/utils/prompt/export.ts(81,16): error TS2339: Property 'title' does not exist on type 'PromptExtended'.
src/utils/prompt/export.ts(81,42): error TS2339: Property 'model' does not exist on type 'PromptExtended'.
src/utils/prompt/export.ts(105,31): error TS2339: Property 'title' does not exist on type 'PromptExtended'.
src/utils/prompt/export.ts(110,39): error TS2339: Property 'model' does not exist on type 'PromptExtended'.
src/utils/prompt/export.ts(145,40): error TS2339: Property 'title' does not exist on type 'PromptBase | PromptExtended'.
  Property 'title' does not exist on type 'PromptBase'.
src/utils/prompt/export.ts(161,31): error TS2339: Property 'title' does not exist on type 'PromptExtended'.
src/utils/prompt/export.ts(166,37): error TS2339: Property 'model' does not exist on type 'PromptExtended'.
src/utils/prompt/export.ts(183,38): error TS2339: Property 'title' does not exist on type 'PromptBase | PromptExtended'.
  Property 'title' does not exist on type 'PromptBase'.
src/utils/prompt/export.ts(213,37): error TS2339: Property 'title' does not exist on type 'PromptExtended'.
src/utils/prompt/export.ts(224,34): error TS2339: Property 'title' does not exist on type 'PromptExtended'.
src/utils/prompt/export.ts(231,60): error TS2339: Property 'model' does not exist on type 'PromptExtended'.
src/utils/prompt/export.ts(281,54): error TS2339: Property 'title' does not exist on type 'PromptBase | PromptExtended'.
  Property 'title' does not exist on type 'PromptBase'.
src/utils/prompt/export.ts(327,39): error TS2339: Property 'title' does not exist on type 'PromptBase | PromptExtended'.
  Property 'title' does not exist on type 'PromptBase'.
src/utils/prompt/export.ts(327,86): error TS2339: Property 'model' does not exist on type 'PromptBase | PromptExtended'.
  Property 'model' does not exist on type 'PromptBase'.
src/utils/prompt/export.ts(330,19): error TS2339: Property 'title' does not exist on type 'PromptBase | PromptExtended'.
  Property 'title' does not exist on type 'PromptBase'.
src/utils/prompt/export.ts(385,4): error TS2353: Object literal may only specify known properties, and 'title' does not exist in type 'PromptBase'.
src/utils/prompt/helpers.ts(105,4): error TS2322: Type 'string' is not assignable to type 'string[]'.
src/utils/prompt/helpers.ts(106,4): error TS2322: Type 'string' is not assignable to type 'Record<string, PromptParameter>'.
src/utils/prompt/helpers.ts(106,42): error TS2345: Argument of type 'string' is not assignable to parameter of type 'Record<string, any>'.
src/utils/prompt/helpers.ts(127,4): error TS2322: Type 'string | string[]' is not assignable to type 'string | undefined'.
  Type 'string[]' is not assignable to type 'string'.
src/utils/prompt/helpers.ts(127,39): error TS2345: Argument of type 'string[]' is not assignable to parameter of type 'string'.
src/utils/prompt/helpers.ts(128,4): error TS2322: Type 'string | Record<string, any>' is not assignable to type 'string'.
  Type 'Record<string, any>' is not assignable to type 'string'.
src/utils/prompt/helpers.ts(128,57): error TS2345: Argument of type 'Record<string, PromptParameter>' is not assignable to parameter of type 'string'.
src/utils/prompt/templates.ts(210,4): error TS2353: Object literal may only specify known properties, and 'title' does not exist in type 'PromptBase'.
src/utils/prompt/templates.ts(280,33): error TS2339: Property 'title' does not exist on type 'PromptBase'.
src/utils/prompt/templates.ts(281,58): error TS2339: Property 'title' does not exist on type 'PromptBase'.
src/utils/prompt/templates.ts(283,18): error TS2339: Property 'model' does not exist on type 'PromptBase'.
src/utils/prompt/usage.ts(123,57): error TS2339: Property 'model' does not exist on type 'PromptBase'.
src/utils/prompt/validators.ts(131,34): error TS2339: Property 'title' does not exist on type 'PromptBase | PromptExtended'.
  Property 'title' does not exist on type 'PromptBase'.
src/utils/prompt/validators.ts(146,34): error TS2339: Property 'model' does not exist on type 'PromptBase | PromptExtended'.
  Property 'model' does not exist on type 'PromptBase'.
src/utils/prompt/validators.ts(153,32): error TS2345: Argument of type 'string | Record<string, PromptParameter> | undefined' is not assignable to parameter of type 'string | Record<string, any>'.
  Type 'undefined' is not assignable to type 'string | Record<string, any>'.
src/utils/prompt/validators.ts(160,26): error TS2345: Argument of type 'string | string[] | undefined' is not assignable to parameter of type 'string | string[]'.
  Type 'undefined' is not assignable to type 'string | string[]'.
src/utils/tag/helpers.ts(7,15): error TS2305: Module '"../../types/entities/tag"' has no exported member 'Tag'.
src/utils/types/export-validator.ts(10,15): error TS2305: Module '"@/types/entities/album"' has no exported member 'Album'.
src/utils/types/export-validator.ts(12,15): error TS2305: Module '"@/types/entities/collection"' has no exported member 'Collection'.
src/utils/types/export-validator.ts(13,15): error TS2305: Module '"@/types/entities/concept"' has no exported member 'Concept'.
src/utils/types/export-validator.ts(14,15): error TS2305: Module '"@/types/entities/folder"' has no exported member 'Folder'.
src/utils/types/export-validator.ts(15,15): error TS2305: Module '"@/types/entities/group"' has no exported member 'Group'.
src/utils/types/export-validator.ts(16,15): error TS2305: Module '"@/types/entities/image"' has no exported member 'Image'.
src/utils/types/export-validator.ts(17,15): error TS2305: Module '"@/types/entities/note"' has no exported member 'Note'.
src/utils/types/export-validator.ts(18,15): error TS2305: Module '"@/types/entities/place"' has no exported member 'Place'.
src/utils/types/export-validator.ts(20,15): error TS2305: Module '"@/types/entities/property"' has no exported member 'Property'.
src/utils/types/export-validator.ts(21,15): error TS2305: Module '"@/types/entities/tag"' has no exported member 'Tag'.
src/utils/types/export-validator.ts(22,15): error TS2724: '"@/types/entities/video"' has no exported member named 'Video'. Did you mean 'VideoUI'?
src/utils/types/export-validator.ts(23,15): error TS2724: '"@/types/entities/wildcard"' has no exported member named 'Wildcard'. Did you mean 'WildcardUI'?
src/utils/video/helpers.ts(6,15): error TS2724: '"../../types/entities/video"' has no exported member named 'Video'. Did you mean 'VideoUI'?
