Comando: npx eslint .
Fecha: 2025-07-01T23:48:11.398Z
Directorio: /workspace/image-manager
Modo tolerante: SÍ
Tipo: Linting
===============================================
npm warn Unknown env config "http-proxy". This will stop working in the next major version of npm.
npm warn Unknown env config "verify-deps-before-run". This will stop working in the next major version of npm.

/workspace/image-manager/prisma/seeds/audio.seed.ts
  33:3  warning  Unexpected console statement  no-console

/workspace/image-manager/prisma/seeds/document.seed.ts
  29:3  warning  Unexpected console statement  no-console

/workspace/image-manager/prisma/seeds/file3d.seed.ts
  31:3  warning  Unexpected console statement  no-console

/workspace/image-manager/prisma/seeds/json-file.seed.ts
  29:3  warning  Unexpected console statement  no-console

/workspace/image-manager/prisma/seeds/workflow.seed.ts
  29:3  warning  Unexpected console statement  no-console

/workspace/image-manager/setup-prisma.js
   8:2  warning  Unexpected console statement  no-console
  10:2  warning  Unexpected console statement  no-console
  12:2  warning  Unexpected console statement  no-console
  17:3  warning  Unexpected console statement  no-console
  19:3  warning  Unexpected console statement  no-console
  26:2  warning  Unexpected console statement  no-console
  29:3  warning  Unexpected console statement  no-console
  31:3  warning  Unexpected console statement  no-console
  35:2  warning  Unexpected console statement  no-console
  41:2  warning  Unexpected console statement  no-console
  44:3  warning  Unexpected console statement  no-console
  46:3  warning  Unexpected console statement  no-console
  48:3  warning  Unexpected console statement  no-console
  50:3  warning  Unexpected console statement  no-console
  54:2  warning  Unexpected console statement  no-console
  57:1  warning  Unexpected console statement  no-console
  58:1  warning  Unexpected console statement  no-console

/workspace/image-manager/src/adapters/folder/index.ts
  15:37  warning  Unexpected any. Specify a different type  @typescript-eslint/no-explicit-any
  19:11  warning  Unexpected any. Specify a different type  @typescript-eslint/no-explicit-any

/workspace/image-manager/src/app/actions/activity/activity.actions.ts
  33:72  warning  Unexpected any. Specify a different type  @typescript-eslint/no-explicit-any
  37:41  warning  Unexpected any. Specify a different type  @typescript-eslint/no-explicit-any
  41:77  warning  Unexpected any. Specify a different type  @typescript-eslint/no-explicit-any
  57:54  warning  Unexpected any. Specify a different type  @typescript-eslint/no-explicit-any

/workspace/image-manager/src/app/actions/activity/delete.actions.ts
   48:16  warning  Unexpected any. Specify a different type  @typescript-eslint/no-explicit-any
   98:17  warning  Unexpected any. Specify a different type  @typescript-eslint/no-explicit-any
  121:16  warning  Unexpected any. Specify a different type  @typescript-eslint/no-explicit-any

/workspace/image-manager/src/app/actions/activity/log.actions.ts
   49:16  warning  Unexpected any. Specify a different type  @typescript-eslint/no-explicit-any
  103:27  warning  Unexpected any. Specify a different type  @typescript-eslint/no-explicit-any

/workspace/image-manager/src/app/actions/characters/index.ts
  14:49  warning  Unexpected any. Specify a different type  @typescript-eslint/no-explicit-any
  22:45  warning  Unexpected any. Specify a different type  @typescript-eslint/no-explicit-any
  26:57  warning  Unexpected any. Specify a different type  @typescript-eslint/no-explicit-any

/workspace/image-manager/src/app/actions/concepts/concept.actions.ts
   42:3  warning  Unexpected console statement  no-console
   55:3  warning  Unexpected console statement  no-console
   74:3  warning  Unexpected console statement  no-console
   94:3  warning  Unexpected console statement  no-console
  105:3  warning  Unexpected console statement  no-console

/workspace/image-manager/src/app/actions/concepts/index.ts
  27:44  warning  Unexpected any. Specify a different type  @typescript-eslint/no-explicit-any
  35:43  warning  Unexpected any. Specify a different type  @typescript-eslint/no-explicit-any
  39:55  warning  Unexpected any. Specify a different type  @typescript-eslint/no-explicit-any

/workspace/image-manager/src/app/actions/favorites/favorite.actions.ts
  87:42  warning  Unexpected any. Specify a different type  @typescript-eslint/no-explicit-any

/workspace/image-manager/src/app/actions/files/file.actions.ts
  296:19  warning  Unexpected any. Specify a different type  @typescript-eslint/no-explicit-any
  352:19  warning  Unexpected any. Specify a different type  @typescript-eslint/no-explicit-any
  409:19  warning  Unexpected any. Specify a different type  @typescript-eslint/no-explicit-any
  494:19  warning  Unexpected any. Specify a different type  @typescript-eslint/no-explicit-any

/workspace/image-manager/src/app/actions/folders/query.actions.ts
  102:50  warning  Forbidden non-null assertion  @typescript-eslint/no-non-null-assertion
  104:14  warning  Forbidden non-null assertion  @typescript-eslint/no-non-null-assertion

/workspace/image-manager/src/app/actions/images/folder-images.action.ts
  45:52  warning  Unexpected any. Specify a different type  @typescript-eslint/no-explicit-any

/workspace/image-manager/src/app/actions/images/images-random.action.ts
  195:24  warning  Unexpected any. Specify a different type  @typescript-eslint/no-explicit-any

/workspace/image-manager/src/app/actions/images/metadata.actions.ts
  29:3  warning  Unexpected console statement  no-console
  39:3  warning  Unexpected console statement  no-console
  55:3  warning  Unexpected console statement  no-console
  65:3  warning  Unexpected console statement  no-console

/workspace/image-manager/src/app/actions/metadata/metadata-extractors.actions.ts
  185:14  warning  Forbidden non-null assertion  @typescript-eslint/no-non-null-assertion
  186:14  warning  Forbidden non-null assertion  @typescript-eslint/no-non-null-assertion
  187:17  warning  Forbidden non-null assertion  @typescript-eslint/no-non-null-assertion
  188:13  warning  Forbidden non-null assertion  @typescript-eslint/no-non-null-assertion
  189:13  warning  Forbidden non-null assertion  @typescript-eslint/no-non-null-assertion
  190:11  warning  Forbidden non-null assertion  @typescript-eslint/no-non-null-assertion

/workspace/image-manager/src/app/actions/metadata/metadata-parsers.actions.ts
  193:16  warning  Unexpected any. Specify a different type  @typescript-eslint/no-explicit-any

/workspace/image-manager/src/app/actions/profile-actions.ts
   67:3  warning  Unexpected console statement  no-console
   87:3  warning  Unexpected console statement  no-console
  121:3  warning  Unexpected console statement  no-console
  166:3  warning  Unexpected console statement  no-console
  213:3  warning  Unexpected console statement  no-console
  243:3  warning  Unexpected console statement  no-console
  276:3  warning  Unexpected console statement  no-console
  328:3  warning  Unexpected console statement  no-console
  373:3  warning  Unexpected console statement  no-console

/workspace/image-manager/src/app/actions/prompts/index.ts
  23:42  warning  Unexpected any. Specify a different type  @typescript-eslint/no-explicit-any
  27:54  warning  Unexpected any. Specify a different type  @typescript-eslint/no-explicit-any

/workspace/image-manager/src/app/actions/properties/index.ts
  19:44  warning  Unexpected any. Specify a different type  @typescript-eslint/no-explicit-any
  23:56  warning  Unexpected any. Specify a different type  @typescript-eslint/no-explicit-any

/workspace/image-manager/src/app/actions/queue/stats.actions.ts
  89:17  warning  Unexpected any. Specify a different type  @typescript-eslint/no-explicit-any

/workspace/image-manager/src/app/actions/system/settings.errors.ts
  32:85  warning  Unexpected any. Specify a different type  @typescript-eslint/no-explicit-any

/workspace/image-manager/src/app/actions/system/system.errors.ts
  32:85  warning  Unexpected any. Specify a different type  @typescript-eslint/no-explicit-any

/workspace/image-manager/src/app/actions/tags/query.actions.ts
  291:60  warning  Unexpected any. Specify a different type  @typescript-eslint/no-explicit-any
  303:17  warning  Unexpected any. Specify a different type  @typescript-eslint/no-explicit-any

/workspace/image-manager/src/app/actions/tags/relation.actions.ts
  106:17  warning  Unexpected any. Specify a different type  @typescript-eslint/no-explicit-any
  163:17  warning  Unexpected any. Specify a different type  @typescript-eslint/no-explicit-any
  222:17  warning  Unexpected any. Specify a different type  @typescript-eslint/no-explicit-any
  276:17  warning  Unexpected any. Specify a different type  @typescript-eslint/no-explicit-any
  336:17  warning  Unexpected any. Specify a different type  @typescript-eslint/no-explicit-any

/workspace/image-manager/src/app/actions/tasks/index.ts
   43:2   error    Unnecessary try/catch wrapper             no-useless-catch
   59:2   error    Unnecessary try/catch wrapper             no-useless-catch
   70:2   error    Unnecessary try/catch wrapper             no-useless-catch
   81:2   error    Unnecessary try/catch wrapper             no-useless-catch
  100:57  warning  Unexpected any. Specify a different type  @typescript-eslint/no-explicit-any
  102:2   error    Unnecessary try/catch wrapper             no-useless-catch
  112:2   error    Unnecessary try/catch wrapper             no-useless-catch
  121:2   error    Unnecessary try/catch wrapper             no-useless-catch
  131:2   error    Unnecessary try/catch wrapper             no-useless-catch
  146:2   error    Unnecessary try/catch wrapper             no-useless-catch

/workspace/image-manager/src/app/actions/uploaded-images/uploaded-images.actions.ts
  142:43  warning  Unexpected any. Specify a different type  @typescript-eslint/no-explicit-any
  142:49  warning  Unexpected any. Specify a different type  @typescript-eslint/no-explicit-any
  206:40  warning  Unexpected any. Specify a different type  @typescript-eslint/no-explicit-any
  330:47  warning  Unexpected any. Specify a different type  @typescript-eslint/no-explicit-any

/workspace/image-manager/src/app/api/collections/[id]/images/all/route.ts
  18:3  warning  Unexpected console statement  no-console

/workspace/image-manager/src/app/api/images/[id]/content/route.ts
  21:3  warning  Unexpected console statement  no-console

/workspace/image-manager/src/app/api/images/[id]/thumbnail/generate/route.ts
  13:3  warning  Unexpected console statement  no-console

/workspace/image-manager/src/app/api/images/signed/[token]/route.ts
  23:3  warning  Unexpected console statement  no-console

/workspace/image-manager/src/app/api/local-files/[...path]/route.ts
  29:4  warning  Unexpected console statement  no-console
  50:3  warning  Unexpected console statement  no-console
  66:3  warning  Unexpected console statement  no-console

/workspace/image-manager/src/app/api/thumbnails/cleanup/route.ts
  12:3  warning  Unexpected console statement  no-console

/workspace/image-manager/src/app/api/thumbnails/events/route.ts
  43:26  error  'NodeJS' is not defined  no-undef

/workspace/image-manager/src/app/api/thumbnails/optimize/route.ts
  12:3  warning  Unexpected console statement  no-console

/workspace/image-manager/src/app/api/thumbnails/reprocess/route.ts
  12:3  warning  Unexpected console statement  no-console

/workspace/image-manager/src/app/debug/actions/page.tsx
  67:10  warning  Unexpected console statement  no-console

/workspace/image-manager/src/app/debug/api/page.tsx
  98:10  error  Unexpected alert  no-alert

/workspace/image-manager/src/app/debug/layout.tsx
  13:12  error  'React' is not defined  no-undef

/workspace/image-manager/src/app/error.tsx
  12:3  warning  Unexpected console statement  no-console

/workspace/image-manager/src/app/folders/[id]/delete-button.tsx
  44:4  warning  Unexpected console statement  no-console

/workspace/image-manager/src/app/folders/[id]/edit/page.tsx
  37:5   warning  Unexpected console statement      no-console
  46:37  error    'React' is not defined            no-undef
  46:53  error    'HTMLFormElement' is not defined  no-undef
  71:4   warning  Unexpected console statement      no-console

/workspace/image-manager/src/app/folders/create/page.tsx
  17:37  error    'React' is not defined            no-undef
  17:53  error    'HTMLFormElement' is not defined  no-undef
  43:4   warning  Unexpected console statement      no-console

/workspace/image-manager/src/components/cards/album-card/album-card-content.tsx
  112:41  warning  Unexpected any. Specify a different type  @typescript-eslint/no-explicit-any

/workspace/image-manager/src/components/cards/audio-card/audio-card.tsx
  105:7  error  'React' is not defined  no-undef
  120:7  error  'React' is not defined  no-undef

/workspace/image-manager/src/components/cards/card-container.tsx
   6:38  error  'React' is not defined  no-undef
  16:10  error  'React' is not defined  no-undef
  18:12  error  'React' is not defined  no-undef
  35:25  error  'React' is not defined  no-undef
  44:20  error  'React' is not defined  no-undef

/workspace/image-manager/src/components/cards/character-card/character-card-adapter.ts
  25:62  warning  Unexpected any. Specify a different type  @typescript-eslint/no-explicit-any
  82:48  warning  Unexpected any. Specify a different type  @typescript-eslint/no-explicit-any
  91:49  warning  Unexpected any. Specify a different type  @typescript-eslint/no-explicit-any

/workspace/image-manager/src/components/cards/character-card/character-card-images.tsx
  90:30  error  'React' is not defined  no-undef

/workspace/image-manager/src/components/cards/character-card/character-server-actions.ts
  341:43  warning  Unexpected any. Specify a different type  @typescript-eslint/no-explicit-any
  349:3   warning  Unexpected console statement              no-console

/workspace/image-manager/src/components/cards/collection-card/collection-card-images.tsx
  72:5  warning  Unexpected console statement  no-console

/workspace/image-manager/src/components/cards/collection-card/collection-server-actions.ts
   74:59  warning  Unexpected any. Specify a different type  @typescript-eslint/no-explicit-any
  230:50  warning  Unexpected any. Specify a different type  @typescript-eslint/no-explicit-any
  255:52  warning  Unexpected any. Specify a different type  @typescript-eslint/no-explicit-any
  359:39  warning  Unexpected any. Specify a different type  @typescript-eslint/no-explicit-any
  446:64  warning  Unexpected any. Specify a different type  @typescript-eslint/no-explicit-any
  454:66  warning  Unexpected any. Specify a different type  @typescript-eslint/no-explicit-any
  475:43  warning  Unexpected any. Specify a different type  @typescript-eslint/no-explicit-any
  475:49  warning  Unexpected any. Specify a different type  @typescript-eslint/no-explicit-any
  484:3   warning  Unexpected console statement              no-console

/workspace/image-manager/src/components/cards/concept-card/concept-card-content.tsx
  72:5  warning  Unexpected console statement  no-console

/workspace/image-manager/src/components/cards/concept-card/concept-card-images.tsx
  37:5  warning  Unexpected console statement  no-console

/workspace/image-manager/src/components/cards/concept-card/concept-card.tsx
   47:10  error  'React' is not defined  no-undef
  169:7   error  'React' is not defined  no-undef

/workspace/image-manager/src/components/cards/entity-card.tsx
  323:2  warning  Unexpected console statement  no-console

/workspace/image-manager/src/components/cards/file3d-card/file3d-card.tsx
  121:7  error  'React' is not defined  no-undef

/workspace/image-manager/src/components/cards/folder-card/folder-card.tsx
  36:3  warning  Unexpected console statement  no-console

/workspace/image-manager/src/components/cards/group-card/group-card-images.tsx
  85:30  error  'React' is not defined  no-undef

/workspace/image-manager/src/components/cards/group-card/group-server-actions.ts
   24:12  warning  Unexpected any. Specify a different type  @typescript-eslint/no-explicit-any
  128:4   warning  Unexpected console statement              no-console
  301:45  warning  Unexpected any. Specify a different type  @typescript-eslint/no-explicit-any

/workspace/image-manager/src/components/cards/image-card/image-card-improved.tsx
  58:36  error    'useState' is not defined     no-undef
  59:36  error    'useState' is not defined     no-undef
  60:28  error    'useState' is not defined     no-undef
  61:36  error    'useState' is not defined     no-undef
  66:2   error    'useEffect' is not defined    no-undef
  73:5   warning  Unexpected console statement  no-console

/workspace/image-manager/src/components/cards/image-card/image-card.tsx
   57:5   warning  Unexpected console statement  no-console
  202:20  error    'React' is not defined        no-undef

/workspace/image-manager/src/components/cards/image-card/image-gallery-example.tsx
  169:34  warning  Unexpected any. Specify a different type  @typescript-eslint/no-explicit-any

/workspace/image-manager/src/components/cards/image-card/image-server-actions.ts
  17:9  warning  Unexpected any. Specify a different type  @typescript-eslint/no-explicit-any

/workspace/image-manager/src/components/cards/json-file-card/json-file-card.tsx
  128:7  error  'React' is not defined  no-undef

/workspace/image-manager/src/components/cards/note-card/note-card-content.tsx
  82:5  warning  Unexpected console statement  no-console

/workspace/image-manager/src/components/cards/note-card/note-card-images.tsx
  37:5  warning  Unexpected console statement  no-console

/workspace/image-manager/src/components/cards/note-card/note-card.tsx
  33:10  error  'React' is not defined  no-undef
  84:7   error  'React' is not defined  no-undef

/workspace/image-manager/src/components/cards/place-card/place-card-images.tsx
  81:30  error  'React' is not defined  no-undef

/workspace/image-manager/src/components/cards/place-card/place-card.tsx
  134:7  error  'React' is not defined  no-undef

/workspace/image-manager/src/components/cards/place-card/place-server-actions.ts
  163:3  warning  Unexpected console statement  no-console

/workspace/image-manager/src/components/cards/prompt-card/prompt-card-content.tsx
   12:30  warning  Unexpected any. Specify a different type  @typescript-eslint/no-explicit-any
  231:8   error    'React' is not defined                    no-undef

/workspace/image-manager/src/components/cards/prompt-card/prompt-card-grid.tsx
  65:5   warning  Unexpected console statement  no-console
  83:33  error    'React' is not defined        no-undef

/workspace/image-manager/src/components/cards/prompt-card/prompt-card.tsx
   29:10  error  'React' is not defined  no-undef
  122:7   error  'React' is not defined  no-undef

/workspace/image-manager/src/components/cards/prompt-card/prompt-server-actions.ts
   26:36  warning  Unexpected any. Specify a different type  @typescript-eslint/no-explicit-any
  115:42  warning  Unexpected any. Specify a different type  @typescript-eslint/no-explicit-any
  121:6   warning  Unexpected console statement              no-console
  139:3   warning  Unexpected console statement              no-console
  173:3   warning  Unexpected console statement              no-console
  220:40  warning  Unexpected any. Specify a different type  @typescript-eslint/no-explicit-any
  226:4   warning  Unexpected console statement              no-console
  240:3   warning  Unexpected console statement              no-console
  254:3   warning  Unexpected console statement              no-console

/workspace/image-manager/src/components/cards/tag-card/tag-card-images.tsx
  73:5  warning  Unexpected console statement  no-console

/workspace/image-manager/src/components/cards/wildcard-card/wildcard-server-actions.ts
  19:13  warning  Unexpected any. Specify a different type  @typescript-eslint/no-explicit-any
  86:4   warning  Unexpected console statement              no-console

/workspace/image-manager/src/components/cards/world-item-card/world-item-card-images.tsx
  32:5  warning  Unexpected console statement  no-console

/workspace/image-manager/src/components/cards/world-item-card/world-item-card.tsx
   17:10  error  'React' is not defined  no-undef
  104:22  error  'React' is not defined  no-undef
  184:7   error  'React' is not defined  no-undef

/workspace/image-manager/src/components/core/error-boundary.tsx
  26:3  warning  Unexpected console statement  no-console

/workspace/image-manager/src/components/core/forms/base/text-input/component.tsx
  9:41  error  'React' is not defined  no-undef

/workspace/image-manager/src/components/core/forms/fields/text-input/component.tsx
   2:3   error    'label' is not defined                    no-undef
   2:13  error    'Label' is not defined                    no-undef
   2:28  error    'id' is not defined                       no-undef
   2:33  error    'label' is not defined                    no-undef
   2:41  error    'Label' is not defined                    no-undef
   3:3   error    'BaseTextInput' is not defined            no-undef
   4:7   error    'id' is not defined                       no-undef
   5:9   error    'name' is not defined                     no-undef
   6:10  error    'value' is not defined                    no-undef
   7:13  error    'onChange' is not defined                 no-undef
   8:16  error    'placeholder' is not defined              no-undef
   9:9   error    'type' is not defined                     no-undef
  10:14  error    'maxLength' is not defined                no-undef
  11:13  error    'required' is not defined                 no-undef
  12:13  error    'disabled' is not defined                 no-undef
  13:14  error    'className' is not defined                no-undef
  14:8   error    'props' is not defined                    no-undef
  14:17  warning  Unexpected any. Specify a different type  @typescript-eslint/no-explicit-any
  16:3   error    'error' is not defined                    no-undef
  16:54  error    'error' is not defined                    no-undef

/workspace/image-manager/src/components/core/global-error-handler.tsx
  15:3  warning  Unexpected console statement  no-console

/workspace/image-manager/src/components/entities/profile/ProfileControls.tsx
  36:7  error  'React' is not defined  no-undef

/workspace/image-manager/src/components/features/file-browser/components/grid-item.tsx
  34:16  error  'React' is not defined  no-undef

/workspace/image-manager/src/components/features/file-browser/context-menu/components/enhanced-submenu.tsx
  30:8  error  'React' is not defined  no-undef

/workspace/image-manager/src/components/features/file-browser/context-menu/components/entity-submenu.tsx
   45:35  error    'React' is not defined                    no-undef
  178:12  warning  Unexpected any. Specify a different type  @typescript-eslint/no-explicit-any
  180:68  warning  Unexpected any. Specify a different type  @typescript-eslint/no-explicit-any

/workspace/image-manager/src/components/features/file-browser/context-menu/components/submenu-search.tsx
  26:7  error  'React' is not defined  no-undef

/workspace/image-manager/src/components/features/file-browser/context-menu/context-action-handler.ts
  207:9  error    Unexpected confirm            no-alert
  240:5  warning  Unexpected console statement  no-console

/workspace/image-manager/src/components/features/file-browser/context-menu/hooks/use-entity-loader.ts
  127:17  error  'NodeJS' is not defined  no-undef

/workspace/image-manager/src/components/features/file-browser/context-menu/types.ts
  124:12  warning  Unexpected any. Specify a different type  @typescript-eslint/no-explicit-any
  127:27  warning  Unexpected any. Specify a different type  @typescript-eslint/no-explicit-any
  129:29  warning  Unexpected any. Specify a different type  @typescript-eslint/no-explicit-any

/workspace/image-manager/src/components/features/file-browser/details/bulk-metadata-editor.tsx
  69:5  warning  Unexpected console statement  no-console

/workspace/image-manager/src/components/features/file-browser/details/details-panel-ai-generation-info.tsx
  65:7  warning  Unexpected console statement  no-console

/workspace/image-manager/src/components/features/file-browser/details/details-panel-ai-generation-utils.ts
  42:3  warning  Unexpected console statement  no-console
  45:3  warning  Unexpected console statement  no-console
  48:3  warning  Unexpected console statement  no-console
  51:3  warning  Unexpected console statement  no-console

/workspace/image-manager/src/components/features/file-browser/details/details-panel-basic-info.tsx
  43:4  warning  Unexpected console statement  no-console

/workspace/image-manager/src/components/features/file-browser/details/details-panel-metadata-sections.tsx
   23:46  warning  Unexpected any. Specify a different type  @typescript-eslint/no-explicit-any
  157:48  warning  Unexpected any. Specify a different type  @typescript-eslint/no-explicit-any
  233:48  warning  Unexpected any. Specify a different type  @typescript-eslint/no-explicit-any
  432:24  warning  Unexpected any. Specify a different type  @typescript-eslint/no-explicit-any
  434:30  warning  Unexpected any. Specify a different type  @typescript-eslint/no-explicit-any
  438:24  warning  Unexpected any. Specify a different type  @typescript-eslint/no-explicit-any
  438:74  warning  Unexpected any. Specify a different type  @typescript-eslint/no-explicit-any
  440:28  warning  Unexpected any. Specify a different type  @typescript-eslint/no-explicit-any
  444:24  warning  Unexpected any. Specify a different type  @typescript-eslint/no-explicit-any
  446:30  warning  Unexpected any. Specify a different type  @typescript-eslint/no-explicit-any
  450:24  warning  Unexpected any. Specify a different type  @typescript-eslint/no-explicit-any
  450:55  warning  Unexpected any. Specify a different type  @typescript-eslint/no-explicit-any
  452:30  warning  Unexpected any. Specify a different type  @typescript-eslint/no-explicit-any

/workspace/image-manager/src/components/features/file-browser/details/details-panel-utils.ts
   7:45  warning  Unexpected console statement  no-console
   8:45  warning  Unexpected console statement  no-console
   9:46  warning  Unexpected console statement  no-console
  10:46  warning  Unexpected console statement  no-console

/workspace/image-manager/src/components/features/file-browser/details/details-panel.tsx
  311:3  warning  Unexpected console statement  no-console
  312:3  warning  Unexpected console statement  no-console
  314:4  warning  Unexpected console statement  no-console
  315:4  warning  Unexpected console statement  no-console
  317:3  warning  Unexpected console statement  no-console

/workspace/image-manager/src/components/features/file-browser/details/editable-metadata.tsx
  60:5  warning  Unexpected console statement  no-console

/workspace/image-manager/src/components/features/file-browser/entity-preloader.tsx
  207:46  warning  Unexpected any. Specify a different type  @typescript-eslint/no-explicit-any
  222:36  warning  Unexpected any. Specify a different type  @typescript-eslint/no-explicit-any

/workspace/image-manager/src/components/features/file-browser/file-browser.tsx
   57:30  warning  Unexpected any. Specify a different type  @typescript-eslint/no-explicit-any
  139:49  warning  Unexpected any. Specify a different type  @typescript-eslint/no-explicit-any
  161:18  warning  Unexpected any. Specify a different type  @typescript-eslint/no-explicit-any
  163:19  warning  Unexpected any. Specify a different type  @typescript-eslint/no-explicit-any
  173:13  warning  Unexpected any. Specify a different type  @typescript-eslint/no-explicit-any
  229:29  warning  Unexpected any. Specify a different type  @typescript-eslint/no-explicit-any

/workspace/image-manager/src/components/features/file-browser/filters/filter-panel.tsx
  56:23  warning  Unexpected any. Specify a different type  @typescript-eslint/no-explicit-any

/workspace/image-manager/src/components/features/file-browser/filters/search-bar.tsx
  51:39  error  'React' is not defined  no-undef

/workspace/image-manager/src/components/features/file-browser/hooks/use-grid-virtualizer.ts
   27:33  warning  Unexpected any. Specify a different type  @typescript-eslint/no-explicit-any
  132:52  warning  Unexpected any. Specify a different type  @typescript-eslint/no-explicit-any

/workspace/image-manager/src/components/features/file-browser/views/list-view.tsx
  30:42  error    'React' is not defined                    no-undef
  35:33  error    'React' is not defined                    no-undef
  35:53  warning  Unexpected any. Specify a different type  @typescript-eslint/no-explicit-any

/workspace/image-manager/src/components/features/file-browser/views/masonry-view.tsx
  19:42  error  'React' is not defined  no-undef

/workspace/image-manager/src/components/features/file-browser/views/simple-grid-view.tsx
  19:42  error  'React' is not defined  no-undef

/workspace/image-manager/src/components/features/file-browser/views/virtualized-cards-view.tsx
  31:27  warning  Unexpected any. Specify a different type  @typescript-eslint/no-explicit-any

/workspace/image-manager/src/components/features/file-browser/views/virtualized-list-view.tsx
  28:27  warning  Unexpected any. Specify a different type  @typescript-eslint/no-explicit-any

/workspace/image-manager/src/components/features/file-browser/views/virtualized-masonry-view.tsx
  30:27  warning  Unexpected any. Specify a different type  @typescript-eslint/no-explicit-any

/workspace/image-manager/src/components/features/file-browser/views/virtualized-simple-grid-view.tsx
  30:27  warning  Unexpected any. Specify a different type  @typescript-eslint/no-explicit-any

/workspace/image-manager/src/components/features/file-browser/views/virtualizer-wrapper.tsx
   95:44  error    'NodeJS' is not defined                   no-undef
  125:4   warning  Unexpected console statement              no-console
  150:3   warning  Unexpected console statement              no-console
  200:6   warning  Unexpected console statement              no-console
  359:4   warning  Unexpected console statement              no-console
  412:28  warning  Unexpected any. Specify a different type  @typescript-eslint/no-explicit-any
  413:15  warning  Unexpected any. Specify a different type  @typescript-eslint/no-explicit-any
  445:5   warning  Unexpected console statement              no-console
  451:5   warning  Unexpected console statement              no-console
  468:19  warning  Unexpected any. Specify a different type  @typescript-eslint/no-explicit-any
  469:29  warning  Unexpected any. Specify a different type  @typescript-eslint/no-explicit-any
  521:25  warning  Unexpected any. Specify a different type  @typescript-eslint/no-explicit-any
  521:58  warning  Unexpected any. Specify a different type  @typescript-eslint/no-explicit-any
  522:50  warning  Unexpected any. Specify a different type  @typescript-eslint/no-explicit-any
  523:30  warning  Unexpected any. Specify a different type  @typescript-eslint/no-explicit-any
  524:31  warning  Unexpected any. Specify a different type  @typescript-eslint/no-explicit-any
  526:30  warning  Unexpected any. Specify a different type  @typescript-eslint/no-explicit-any
  527:31  warning  Unexpected any. Specify a different type  @typescript-eslint/no-explicit-any

/workspace/image-manager/src/components/features/file-viewer/file-viewer.tsx
  330:4  warning  Unexpected console statement  no-console
  365:8  warning  Unexpected console statement  no-console
  376:5  warning  Unexpected console statement  no-console
  427:4  warning  Unexpected console statement  no-console
  467:4  warning  Unexpected console statement  no-console

/workspace/image-manager/src/components/forms/image-picker.tsx
  15:35  error  'ChangeEvent' is not defined  no-undef

/workspace/image-manager/src/components/navigation/actions/navigation.actions.temp.ts
   9:19  warning  Unexpected any. Specify a different type  @typescript-eslint/no-explicit-any
  10:15  warning  Unexpected any. Specify a different type  @typescript-eslint/no-explicit-any
  11:8   warning  Unexpected any. Specify a different type  @typescript-eslint/no-explicit-any
  12:10  warning  Unexpected any. Specify a different type  @typescript-eslint/no-explicit-any
  13:14  warning  Unexpected any. Specify a different type  @typescript-eslint/no-explicit-any
  14:10  warning  Unexpected any. Specify a different type  @typescript-eslint/no-explicit-any
  15:14  warning  Unexpected any. Specify a different type  @typescript-eslint/no-explicit-any
  16:12  warning  Unexpected any. Specify a different type  @typescript-eslint/no-explicit-any
  17:11  warning  Unexpected any. Specify a different type  @typescript-eslint/no-explicit-any
  18:9   warning  Unexpected any. Specify a different type  @typescript-eslint/no-explicit-any
  19:10  warning  Unexpected any. Specify a different type  @typescript-eslint/no-explicit-any
  20:14  warning  Unexpected any. Specify a different type  @typescript-eslint/no-explicit-any
  21:13  warning  Unexpected any. Specify a different type  @typescript-eslint/no-explicit-any
  22:10  warning  Unexpected any. Specify a different type  @typescript-eslint/no-explicit-any
  23:13  warning  Unexpected any. Specify a different type  @typescript-eslint/no-explicit-any
  24:13  warning  Unexpected any. Specify a different type  @typescript-eslint/no-explicit-any
  25:11  warning  Unexpected any. Specify a different type  @typescript-eslint/no-explicit-any
  26:13  warning  Unexpected any. Specify a different type  @typescript-eslint/no-explicit-any

/workspace/image-manager/src/components/navigation/components/nav-category-item.tsx
  107:34  warning  Unexpected any. Specify a different type  @typescript-eslint/no-explicit-any

/workspace/image-manager/src/components/navigation/components/nav-panel-header.tsx
  159:8  error    'React' is not defined        no-undef
  233:3  warning  Unexpected console statement  no-console

/workspace/image-manager/src/components/navigation/hooks/navigation.utils.ts
   76:15  warning  Unexpected any. Specify a different type  @typescript-eslint/no-explicit-any
  112:15  warning  Unexpected any. Specify a different type  @typescript-eslint/no-explicit-any

/workspace/image-manager/src/components/navigation/hooks/use-category-handlers.ts
   39:70  warning  Unexpected console statement  no-console
   40:49  warning  Unexpected console statement  no-console
   41:55  warning  Unexpected console statement  no-console
   42:67  warning  Unexpected console statement  no-console
   43:55  warning  Unexpected console statement  no-console
   44:67  warning  Unexpected console statement  no-console
   45:61  warning  Unexpected console statement  no-console
   46:58  warning  Unexpected console statement  no-console
   47:52  warning  Unexpected console statement  no-console
   60:5   warning  Unexpected console statement  no-console
   70:3   warning  Unexpected console statement  no-console
   75:3   warning  Unexpected console statement  no-console
   80:3   warning  Unexpected console statement  no-console
  158:4   warning  Unexpected console statement  no-console
  169:4   warning  Unexpected console statement  no-console

/workspace/image-manager/src/components/panels/stats/stats-actions-client.ts
  40:3  warning  Unexpected console statement  no-console

/workspace/image-manager/src/components/panels/stats/stats-client-components.tsx
   34:6  warning  Unexpected console statement  no-console
  191:6  warning  Unexpected console statement  no-console
  259:6  warning  Unexpected console statement  no-console

/workspace/image-manager/src/components/panels/stats/stats-client.tsx
  8:70  error  'React' is not defined  no-undef

/workspace/image-manager/src/components/settings/albums/albums-settings.tsx
  16:30  error    'React' is not defined                    no-undef
  21:49  warning  Unexpected any. Specify a different type  @typescript-eslint/no-explicit-any
  62:7   error    'React' is not defined                    no-undef
  88:43  warning  Unexpected any. Specify a different type  @typescript-eslint/no-explicit-any

/workspace/image-manager/src/components/settings/characters/create-character-form.tsx
   64:21  warning  Unexpected any. Specify a different type  @typescript-eslint/no-explicit-any
  246:34  warning  Unexpected any. Specify a different type  @typescript-eslint/no-explicit-any
  253:34  warning  Unexpected any. Specify a different type  @typescript-eslint/no-explicit-any
  258:34  warning  Unexpected any. Specify a different type  @typescript-eslint/no-explicit-any
  271:34  warning  Unexpected any. Specify a different type  @typescript-eslint/no-explicit-any

/workspace/image-manager/src/components/settings/collections/create-collection-form.tsx
   58:21  warning  Unexpected any. Specify a different type  @typescript-eslint/no-explicit-any
  225:34  warning  Unexpected any. Specify a different type  @typescript-eslint/no-explicit-any
  232:34  warning  Unexpected any. Specify a different type  @typescript-eslint/no-explicit-any
  237:34  warning  Unexpected any. Specify a different type  @typescript-eslint/no-explicit-any
  250:34  warning  Unexpected any. Specify a different type  @typescript-eslint/no-explicit-any
  267:34  warning  Unexpected any. Specify a different type  @typescript-eslint/no-explicit-any

/workspace/image-manager/src/components/settings/common/dynamic-create-form.tsx
  21:28  warning  Unexpected any. Specify a different type  @typescript-eslint/no-explicit-any
  21:47  warning  Unexpected any. Specify a different type  @typescript-eslint/no-explicit-any
  26:19  warning  Unexpected any. Specify a different type  @typescript-eslint/no-explicit-any
  43:58  warning  Unexpected any. Specify a different type  @typescript-eslint/no-explicit-any
  64:50  warning  Unexpected any. Specify a different type  @typescript-eslint/no-explicit-any
  82:17  warning  Unexpected any. Specify a different type  @typescript-eslint/no-explicit-any

/workspace/image-manager/src/components/settings/concepts/create-concept-form.tsx
   37:21  warning  Unexpected any. Specify a different type  @typescript-eslint/no-explicit-any
   51:32  error    'useCreateConcept' is not defined         no-undef
   52:32  error    'useUpdateConcept' is not defined         no-undef
  136:34  warning  Unexpected any. Specify a different type  @typescript-eslint/no-explicit-any
  143:34  warning  Unexpected any. Specify a different type  @typescript-eslint/no-explicit-any
  148:34  warning  Unexpected any. Specify a different type  @typescript-eslint/no-explicit-any

/workspace/image-manager/src/components/settings/folders/folder-form.tsx
  20:17  warning  Unexpected any. Specify a different type  @typescript-eslint/no-explicit-any

/workspace/image-manager/src/components/settings/folders/folder-progress-details.tsx
  29:31  error  'NodeJS' is not defined  no-undef

/workspace/image-manager/src/components/settings/folders/hooks/use-folders-polling.ts
  31:33  error  'NodeJS' is not defined  no-undef

/workspace/image-manager/src/components/settings/folders/hooks/use-folders-state.ts
  122:24  warning  Unexpected any. Specify a different type  @typescript-eslint/no-explicit-any

/workspace/image-manager/src/components/settings/groups/components/group-filters.tsx
  35:6  warning  Unexpected console statement  no-console
  40:4  warning  Unexpected console statement  no-console

/workspace/image-manager/src/components/settings/groups/create-group-form.tsx
  58:34  warning  Unexpected any. Specify a different type  @typescript-eslint/no-explicit-any
  65:34  warning  Unexpected any. Specify a different type  @typescript-eslint/no-explicit-any
  70:34  warning  Unexpected any. Specify a different type  @typescript-eslint/no-explicit-any

/workspace/image-manager/src/components/settings/groups/groups-settings.tsx
  262:25  error  'React' is not defined  no-undef

/workspace/image-manager/src/components/settings/interface-section.tsx
  24:55  warning  Unexpected any. Specify a different type  @typescript-eslint/no-explicit-any
  36:72  warning  Unexpected any. Specify a different type  @typescript-eslint/no-explicit-any
  49:97  warning  Unexpected any. Specify a different type  @typescript-eslint/no-explicit-any

/workspace/image-manager/src/components/settings/notes/notes-settings.tsx
  325:33  error  'formatDate' is not defined  no-undef

/workspace/image-manager/src/components/settings/places/create-place-form.tsx
  69:21  warning  Unexpected any. Specify a different type  @typescript-eslint/no-explicit-any
  73:30  error    'useCreatePlace' is not defined           no-undef
  74:30  error    'useUpdatePlace' is not defined           no-undef
  77:45  warning  Unexpected any. Specify a different type  @typescript-eslint/no-explicit-any

/workspace/image-manager/src/components/settings/places/places-settings.tsx
   20:30  error    'React' is not defined                    no-undef
   25:49  warning  Unexpected any. Specify a different type  @typescript-eslint/no-explicit-any
  124:43  warning  Unexpected any. Specify a different type  @typescript-eslint/no-explicit-any

/workspace/image-manager/src/components/settings/prompts/create-prompt-form.tsx
   46:21  warning  Unexpected any. Specify a different type  @typescript-eslint/no-explicit-any
  143:34  warning  Unexpected any. Specify a different type  @typescript-eslint/no-explicit-any
  148:34  warning  Unexpected any. Specify a different type  @typescript-eslint/no-explicit-any
  153:34  warning  Unexpected any. Specify a different type  @typescript-eslint/no-explicit-any
  166:34  warning  Unexpected any. Specify a different type  @typescript-eslint/no-explicit-any
  182:34  warning  Unexpected any. Specify a different type  @typescript-eslint/no-explicit-any
  210:6   warning  Unexpected console statement              no-console

/workspace/image-manager/src/components/settings/prompts/prompts-settings.tsx
  98:38  error  'React' is not defined  no-undef

/workspace/image-manager/src/components/settings/properties/create-property-form.tsx
   56:43  warning  Unexpected any. Specify a different type  @typescript-eslint/no-explicit-any
   56:62  warning  Unexpected any. Specify a different type  @typescript-eslint/no-explicit-any
   63:43  warning  Unexpected any. Specify a different type  @typescript-eslint/no-explicit-any
   63:62  warning  Unexpected any. Specify a different type  @typescript-eslint/no-explicit-any
   70:43  warning  Unexpected any. Specify a different type  @typescript-eslint/no-explicit-any
   70:62  warning  Unexpected any. Specify a different type  @typescript-eslint/no-explicit-any
  102:4   warning  Unexpected console statement              no-console

/workspace/image-manager/src/components/settings/properties/properties-settings.tsx
  242:26  error  'React' is not defined  no-undef

/workspace/image-manager/src/components/settings/shortcuts/shortcuts-settings.tsx
  64:36  error  'InterfacePreferences' is not defined  no-undef

/workspace/image-manager/src/components/settings/tags/create-tag-form.tsx
   51:21  warning  Unexpected any. Specify a different type  @typescript-eslint/no-explicit-any
   63:28  error    'useCreateTag' is not defined             no-undef
   64:28  error    'useUpdateTag' is not defined             no-undef
  141:34  warning  Unexpected any. Specify a different type  @typescript-eslint/no-explicit-any
  146:34  warning  Unexpected any. Specify a different type  @typescript-eslint/no-explicit-any
  151:34  warning  Unexpected any. Specify a different type  @typescript-eslint/no-explicit-any
  164:34  warning  Unexpected any. Specify a different type  @typescript-eslint/no-explicit-any

/workspace/image-manager/src/components/settings/thumbnails/thumbnails-settings.tsx
   44:52  error    'useThumbnail' is not defined             no-undef
  119:50  warning  Unexpected any. Specify a different type  @typescript-eslint/no-explicit-any
  135:6   warning  Unexpected console statement              no-console
  165:4   warning  Unexpected console statement              no-console
  183:4   warning  Unexpected console statement              no-console
  193:4   warning  Unexpected console statement              no-console

/workspace/image-manager/src/components/settings/uploaded-images/uploaded-images-settings.tsx
  57:53  error  'useUploadedImageStats' is not defined  no-undef
  58:31  error  'useUploadImages' is not defined        no-undef

/workspace/image-manager/src/components/settings/wildcards/create-wildcard-form.tsx
  67:4  warning  Unexpected console statement  no-console

/workspace/image-manager/src/components/settings/wildcards/wildcards-settings.tsx
  246:25  error  'WildcardCreateInput' is not defined  no-undef
  269:25  error  'WildcardUpdateInput' is not defined  no-undef
  302:36  error  'React' is not defined                no-undef
  308:36  error  'React' is not defined                no-undef
  332:27  error  'React' is not defined                no-undef
  352:25  error  'React' is not defined                no-undef

/workspace/image-manager/src/components/settings/world-items/create-world-item-form.tsx
  145:34  warning  Unexpected any. Specify a different type  @typescript-eslint/no-explicit-any
  150:34  warning  Unexpected any. Specify a different type  @typescript-eslint/no-explicit-any
  155:34  warning  Unexpected any. Specify a different type  @typescript-eslint/no-explicit-any
  168:34  warning  Unexpected any. Specify a different type  @typescript-eslint/no-explicit-any
  187:34  warning  Unexpected any. Specify a different type  @typescript-eslint/no-explicit-any
  206:34  warning  Unexpected any. Specify a different type  @typescript-eslint/no-explicit-any
  225:34  warning  Unexpected any. Specify a different type  @typescript-eslint/no-explicit-any
  238:34  warning  Unexpected any. Specify a different type  @typescript-eslint/no-explicit-any
  244:38  warning  Unexpected any. Specify a different type  @typescript-eslint/no-explicit-any
  255:6   warning  Unexpected console statement              no-console

/workspace/image-manager/src/components/settings/world-items/world-items-settings.tsx
  393:26  error  'React' is not defined  no-undef

/workspace/image-manager/src/components/toolbar/main-toolbar.tsx
  104:7  error    Unexpected confirm            no-alert
  123:3  warning  Unexpected console statement  no-console
  124:3  error    Unexpected alert              no-alert

/workspace/image-manager/src/components/ui/calendar.tsx
   9:57  warning  Unexpected any. Specify a different type  @typescript-eslint/no-explicit-any
  13:64  warning  Unexpected any. Specify a different type  @typescript-eslint/no-explicit-any
  23:53  warning  Unexpected any. Specify a different type  @typescript-eslint/no-explicit-any

/workspace/image-manager/src/components/ui/color-picker.tsx
  48:32  error  'React' is not defined  no-undef

/workspace/image-manager/src/components/ui/empty-state.tsx
  11:12  error  'React' is not defined  no-undef

/workspace/image-manager/src/components/ui/entity-filter.tsx
   67:17  warning  Unexpected any. Specify a different type  @typescript-eslint/no-explicit-any
   78:21  warning  Unexpected any. Specify a different type  @typescript-eslint/no-explicit-any
   83:9   error    'React' is not defined                    no-undef
   96:25  warning  Unexpected any. Specify a different type  @typescript-eslint/no-explicit-any
  109:33  warning  Unexpected any. Specify a different type  @typescript-eslint/no-explicit-any
  114:36  warning  Unexpected any. Specify a different type  @typescript-eslint/no-explicit-any
  187:66  warning  Unexpected any. Specify a different type  @typescript-eslint/no-explicit-any
  202:60  warning  Unexpected any. Specify a different type  @typescript-eslint/no-explicit-any

/workspace/image-manager/src/components/ui/entity-form.tsx
  100:25  warning  Unexpected any. Specify a different type  @typescript-eslint/no-explicit-any
  123:31  warning  Unexpected any. Specify a different type  @typescript-eslint/no-explicit-any
  128:34  warning  Unexpected any. Specify a different type  @typescript-eslint/no-explicit-any
  214:35  warning  Unexpected any. Specify a different type  @typescript-eslint/no-explicit-any
  217:21  warning  Unexpected any. Specify a different type  @typescript-eslint/no-explicit-any
  315:33  warning  Unexpected any. Specify a different type  @typescript-eslint/no-explicit-any
  322:40  warning  Unexpected any. Specify a different type  @typescript-eslint/no-explicit-any
  375:19  warning  Unexpected any. Specify a different type  @typescript-eslint/no-explicit-any

/workspace/image-manager/src/components/ui/entity-header.tsx
   32:9   error  'React' is not defined  no-undef
   79:9   error  'React' is not defined  no-undef
  142:17  error  'React' is not defined  no-undef
  232:9   error  'React' is not defined  no-undef
  237:10  error  'React' is not defined  no-undef

/workspace/image-manager/src/components/ui/entity-list.tsx
  64:15  error  'React' is not defined  no-undef

/workspace/image-manager/src/components/ui/entity-stats.tsx
  21:9  error  'React' is not defined  no-undef

/workspace/image-manager/src/components/ui/form.tsx
  20:61  warning  Unexpected any. Specify a different type  @typescript-eslint/no-explicit-any
  23:22  warning  Unexpected any. Specify a different type  @typescript-eslint/no-explicit-any

/workspace/image-manager/src/components/ui/particles.tsx
  12:10  error  'MousePosition' is already defined  no-redeclare
  94:31  error  'NodeJS' is not defined             no-undef

/workspace/image-manager/src/components/ui/scroll-area.tsx
  22:34  error  'NodeJS' is not defined  no-undef

/workspace/image-manager/src/components/ui/skeleton.tsx
  3:44  error  'React' is not defined  no-undef

/workspace/image-manager/src/components/ui/sonner.tsx
  18:10  error  'React' is not defined  no-undef

/workspace/image-manager/src/components/ui/theme-provider.tsx
  30:6  warning  Unexpected console statement  no-console
  31:6  warning  Unexpected console statement  no-console
  50:4  warning  Unexpected console statement  no-console

/workspace/image-manager/src/components/views/base/base-content-view.tsx
  117:36  warning  Unexpected any. Specify a different type  @typescript-eslint/no-explicit-any
  124:34  warning  Unexpected any. Specify a different type  @typescript-eslint/no-explicit-any
  142:42  warning  Unexpected any. Specify a different type  @typescript-eslint/no-explicit-any

/workspace/image-manager/src/components/views/collections/collection-content-view.tsx
  72:12  error  'removeImageFromCollection' is not defined  no-undef
  78:33  error  'getCollectionImages' is not defined        no-undef

/workspace/image-manager/src/components/views/concepts/concept-content-view.tsx
  30:42  error  'FileItem' is not defined  no-undef

/workspace/image-manager/src/components/views/development/debug-console.tsx
  28:3  warning  Unexpected console statement  no-console
  29:3  warning  Unexpected console statement  no-console
  30:3  warning  Unexpected console statement  no-console
  31:3  warning  Unexpected console statement  no-console
  32:3  warning  Unexpected console statement  no-console
  35:3  warning  Unexpected console statement  no-console
  36:3  warning  Unexpected console statement  no-console
  57:3  warning  Unexpected console statement  no-console
  58:3  warning  Unexpected console statement  no-console
  59:3  warning  Unexpected console statement  no-console
  61:3  warning  Unexpected console statement  no-console
  62:3  warning  Unexpected console statement  no-console
  63:3  warning  Unexpected console statement  no-console
  64:3  warning  Unexpected console statement  no-console
  66:3  warning  Unexpected console statement  no-console
  67:3  warning  Unexpected console statement  no-console
  72:3  warning  Unexpected console statement  no-console
  80:3  warning  Unexpected console statement  no-console

/workspace/image-manager/src/components/views/development/hooks/use-documentation.ts
  21:4  warning  Unexpected console statement  no-console

/workspace/image-manager/src/components/views/development/hooks/use-features-issues.ts
  79:5  warning  Unexpected console statement  no-console

/workspace/image-manager/src/components/views/development/hooks/use-system-stats.ts
  134:4  warning  Unexpected console statement  no-console

/workspace/image-manager/src/components/views/development/hooks/use-tech-metrics.ts
  34:4  warning  Unexpected console statement  no-console

/workspace/image-manager/src/components/views/development/services/documentation.ts
  21:3  warning  Unexpected console statement  no-console
  37:5  warning  Unexpected console statement  no-console

/workspace/image-manager/src/components/views/development/services/system-stats.ts
   15:3  warning  Unexpected console statement  no-console
   42:3  warning  Unexpected console statement  no-console
   59:3  warning  Unexpected console statement  no-console
   73:3  warning  Unexpected console statement  no-console
   87:3  warning  Unexpected console statement  no-console
  138:3  warning  Unexpected console statement  no-console
  192:3  warning  Unexpected console statement  no-console

/workspace/image-manager/src/components/views/folders/diagnostics/folder-diagnostics.tsx
  11:25  warning  Unexpected any. Specify a different type  @typescript-eslint/no-explicit-any
  27:4   warning  Unexpected console statement              no-console

/workspace/image-manager/src/components/views/folders/views/folders-view.tsx
  267:8  warning  Unexpected console statement  no-console

/workspace/image-manager/src/components/views/groups/groups-view.tsx
  108:8  warning  Unexpected console statement  no-console

/workspace/image-manager/src/components/views/places/place-content-view.tsx
  29:4  error    'viewLogger' is not defined   no-undef
  33:4  error    'viewLogger' is not defined   no-undef
  37:4  error    'viewLogger' is not defined   no-undef
  48:3  warning  Unexpected console statement  no-console

/workspace/image-manager/src/components/views/search/search-view.tsx
  68:4  warning  Unexpected console statement  no-console
  74:3  warning  Unexpected console statement  no-console

/workspace/image-manager/src/components/views/tags/tags-view.tsx
  51:5  warning  Unexpected console statement  no-console
  57:5  warning  Unexpected console statement  no-console

/workspace/image-manager/src/components/views/uploaded-images/uploaded-images-view.tsx
  235:12  error    Empty block statement                     no-empty
  245:44  warning  Unexpected any. Specify a different type  @typescript-eslint/no-explicit-any

/workspace/image-manager/src/components/views/world-items/world-items-view.tsx
  26:15  warning  Unexpected any. Specify a different type  @typescript-eslint/no-explicit-any

/workspace/image-manager/src/lib/api/client.ts
  13:39  error  'RequestInit' is not defined  no-undef
  20:17  error  'HeadersInit' is not defined  no-undef
  25:22  error  'RequestInit' is not defined  no-undef

/workspace/image-manager/src/lib/api/thumbnails.ts
  52:24  warning  Unexpected any. Specify a different type  @typescript-eslint/no-explicit-any
  54:22  warning  Unexpected any. Specify a different type  @typescript-eslint/no-explicit-any

/workspace/image-manager/src/lib/config/db.ts
  44:3  warning  Unexpected console statement  no-console

/workspace/image-manager/src/lib/config/index.ts
  11:3  warning  Unexpected console statement  no-console

/workspace/image-manager/src/lib/config/settings.ts
  16:3  warning  Unexpected console statement  no-console
  25:3  warning  Unexpected console statement  no-console
  66:3  warning  Unexpected console statement  no-console

/workspace/image-manager/src/lib/contexts/file-context.tsx
  272:4  warning  Unexpected console statement  no-console
  292:5  warning  Unexpected console statement  no-console
  341:5  warning  Unexpected console statement  no-console
  376:5  warning  Unexpected console statement  no-console

/workspace/image-manager/src/lib/contexts/profile-context.tsx
  12:15  error  'CollectionBase' is not defined  no-undef
  13:11  error  'FolderBase' is not defined      no-undef
  14:8   error  'TagBase' is not defined         no-undef

/workspace/image-manager/src/lib/contexts/settings-context.tsx
   95:4  warning  Unexpected console statement  no-console
  154:4  warning  Unexpected console statement  no-console
  185:5  warning  Unexpected console statement  no-console
  196:4  warning  Unexpected console statement  no-console
  220:4  warning  Unexpected console statement  no-console
  233:4  warning  Unexpected console statement  no-console
  246:4  warning  Unexpected console statement  no-console

/workspace/image-manager/src/lib/database/db-utils.ts
  32:4  warning  Unexpected console statement  no-console
  47:3  warning  Unexpected console statement  no-console

/workspace/image-manager/src/lib/dev/react-scan.tsx
   6:61  error    'React' is not defined        no-undef
  20:6   warning  Unexpected console statement  no-console

/workspace/image-manager/src/lib/filesystem/folder-cache.ts
   16:29  warning  Unexpected any. Specify a different type  @typescript-eslint/no-explicit-any
   32:20  warning  Unexpected any. Specify a different type  @typescript-eslint/no-explicit-any
   54:26  warning  Unexpected any. Specify a different type  @typescript-eslint/no-explicit-any
  140:64  warning  Unexpected any. Specify a different type  @typescript-eslint/no-explicit-any

/workspace/image-manager/src/lib/hooks/entities/concept/use-concept-actions.ts
  28:4  warning  Unexpected console statement  no-console
  40:5  warning  Unexpected console statement  no-console
  54:5  warning  Unexpected console statement  no-console
  68:5  warning  Unexpected console statement  no-console
  82:5  warning  Unexpected console statement  no-console
  96:5  warning  Unexpected console statement  no-console

/workspace/image-manager/src/lib/hooks/entities/use-entity-conversion.ts
  68:21  error    'formatFileSize' is not defined           no-undef
  72:10  warning  Unexpected any. Specify a different type  @typescript-eslint/no-explicit-any
  87:10  warning  Unexpected any. Specify a different type  @typescript-eslint/no-explicit-any
  92:23  warning  Unexpected any. Specify a different type  @typescript-eslint/no-explicit-any

/workspace/image-manager/src/lib/hooks/entities/useFilteredData.ts
  4:38  warning  Unexpected any. Specify a different type  @typescript-eslint/no-explicit-any

/workspace/image-manager/src/lib/hooks/system/use-console-capture.ts
  47:38  warning  Unexpected console statement  no-console
  50:4   warning  Unexpected console statement  no-console
  99:5   warning  Unexpected console statement  no-console

/workspace/image-manager/src/lib/hooks/ui/use-selection.ts
  140:27  error  'React' is not defined  no-undef
  171:21  error  'React' is not defined  no-undef

/workspace/image-manager/src/lib/hooks/ui/use-thumbnail-events.ts
  23:25  error  'NodeJS' is not defined          no-undef
  24:21  error  'NodeJS' is not defined          no-undef
  92:32  error  'ProcessStatus' is not defined   no-undef
  96:41  error  'ThumbnailError' is not defined  no-undef

/workspace/image-manager/src/lib/hooks/use-console-capture.ts
   9:8   warning  Unexpected any. Specify a different type  @typescript-eslint/no-explicit-any
  17:8   warning  Unexpected console statement              no-console
  18:9   warning  Unexpected console statement              no-console
  19:10  warning  Unexpected console statement              no-console
  20:9   warning  Unexpected console statement              no-console
  23:74  warning  Unexpected any. Specify a different type  @typescript-eslint/no-explicit-any
  40:3   warning  Unexpected console statement              no-console
  40:27  warning  Unexpected any. Specify a different type  @typescript-eslint/no-explicit-any
  45:3   warning  Unexpected console statement              no-console
  45:28  warning  Unexpected any. Specify a different type  @typescript-eslint/no-explicit-any
  50:3   warning  Unexpected console statement              no-console
  50:29  warning  Unexpected any. Specify a different type  @typescript-eslint/no-explicit-any
  55:3   warning  Unexpected console statement              no-console
  55:28  warning  Unexpected any. Specify a different type  @typescript-eslint/no-explicit-any
  66:3   warning  Unexpected console statement              no-console
  67:3   warning  Unexpected console statement              no-console
  68:3   warning  Unexpected console statement              no-console
  69:3   warning  Unexpected console statement              no-console

/workspace/image-manager/src/lib/hooks/utils/use-local-storage.ts
  31:4  warning  Unexpected console statement  no-console
  49:5  warning  Unexpected console statement  no-console

/workspace/image-manager/src/lib/hooks/utils/use-window-size.ts
  27:18  error  'NodeJS' is not defined  no-undef

/workspace/image-manager/src/lib/image/image-processing.ts
   87:3  warning  Unexpected console statement  no-console
  111:3  warning  Unexpected console statement  no-console
  131:3  warning  Unexpected console statement  no-console

/workspace/image-manager/src/lib/image/thumbnail.ts
  235:3   warning  Unexpected console statement              no-console
  277:22  warning  Unexpected any. Specify a different type  @typescript-eslint/no-explicit-any
  333:4   warning  Unexpected console statement              no-console

/workspace/image-manager/src/lib/logger/client-logger.ts
   70:4   warning  Unexpected console statement  no-console
   76:4   warning  Unexpected console statement  no-console
   82:4   warning  Unexpected console statement  no-console
   88:4   warning  Unexpected console statement  no-console
   94:4   warning  Unexpected console statement  no-console
  100:41  warning  Unexpected console statement  no-console
  101:4   warning  Unexpected console statement  no-console
  106:41  warning  Unexpected console statement  no-console
  107:4   warning  Unexpected console statement  no-console

/workspace/image-manager/src/lib/logger/server-logger.ts
  193:4  warning  Unexpected console statement  no-console
  199:4  warning  Unexpected console statement  no-console
  205:4  warning  Unexpected console statement  no-console
  219:4  warning  Unexpected console statement  no-console
  225:4  warning  Unexpected console statement  no-console
  231:4  warning  Unexpected console statement  no-console
  237:4  warning  Unexpected console statement  no-console
  243:4  warning  Unexpected console statement  no-console
  249:4  warning  Unexpected console statement  no-console
  256:4  warning  Unexpected console statement  no-console
  262:4  warning  Unexpected console statement  no-console
  268:4  warning  Unexpected console statement  no-console
  282:4  warning  Unexpected console statement  no-console
  294:4  warning  Unexpected console statement  no-console
  300:4  warning  Unexpected console statement  no-console
  307:4  warning  Unexpected console statement  no-console
  324:4  warning  Unexpected console statement  no-console
  331:4  warning  Unexpected console statement  no-console
  338:4  warning  Unexpected console statement  no-console
  352:4  warning  Unexpected console statement  no-console
  359:4  warning  Unexpected console statement  no-console

/workspace/image-manager/src/lib/system/event-throttler.ts
   18:20  warning  Unexpected any. Specify a different type  @typescript-eslint/no-explicit-any
   19:20  warning  Unexpected any. Specify a different type  @typescript-eslint/no-explicit-any
   20:19  warning  Unexpected any. Specify a different type  @typescript-eslint/no-explicit-any
   22:9   warning  Unexpected any. Specify a different type  @typescript-eslint/no-explicit-any
   44:51  warning  Unexpected any. Specify a different type  @typescript-eslint/no-explicit-any
   44:69  warning  Unexpected any. Specify a different type  @typescript-eslint/no-explicit-any
   76:26  warning  Unexpected any. Specify a different type  @typescript-eslint/no-explicit-any
   77:25  warning  Unexpected any. Specify a different type  @typescript-eslint/no-explicit-any
  125:21  error    'NodeJS' is not defined                   no-undef
  221:51  warning  Unexpected any. Specify a different type  @typescript-eslint/no-explicit-any
  221:61  warning  Unexpected any. Specify a different type  @typescript-eslint/no-explicit-any
  222:17  error    'NodeJS' is not defined                   no-undef

/workspace/image-manager/src/lib/utils.ts
  34:3  warning  Unexpected console statement  no-console

/workspace/image-manager/src/lib/utils/album/validators.ts
  182:29  error  'Album' is not defined  no-undef

/workspace/image-manager/src/lib/utils/array.utils.ts
   56:69  warning  Unexpected any. Specify a different type  @typescript-eslint/no-explicit-any
  116:32  warning  Unexpected any. Specify a different type  @typescript-eslint/no-explicit-any

/workspace/image-manager/src/lib/utils/character/validators.ts
  135:3  warning  Unexpected console statement  no-console
  174:3  warning  Unexpected console statement  no-console
  213:3  warning  Unexpected console statement  no-console
  243:3  warning  Unexpected console statement  no-console
  275:3  warning  Unexpected console statement  no-console

/workspace/image-manager/src/lib/utils/collection/helpers.ts
  57:80  warning  Unexpected any. Specify a different type  @typescript-eslint/no-explicit-any

/workspace/image-manager/src/lib/utils/collection/index.ts
  26:15  warning  Unexpected any. Specify a different type  @typescript-eslint/no-explicit-any
  27:15  warning  Unexpected any. Specify a different type  @typescript-eslint/no-explicit-any

/workspace/image-manager/src/lib/utils/entity-loading.utils.ts
  16:25  warning  Unexpected any. Specify a different type  @typescript-eslint/no-explicit-any

/workspace/image-manager/src/lib/utils/format.utils.ts
  67:3  warning  Unexpected console statement  no-console

/workspace/image-manager/src/lib/utils/json.ts
  27:3  warning  Unexpected console statement  no-console

/workspace/image-manager/src/lib/utils/note/helpers.ts
  86:3  warning  Unexpected console statement  no-console

/workspace/image-manager/src/lib/utils/place/helpers.ts
  116:58  warning  Unexpected any. Specify a different type  @typescript-eslint/no-explicit-any

/workspace/image-manager/src/lib/utils/profile/profile-utils.ts
  123:3  warning  Unexpected console statement  no-console

/workspace/image-manager/src/lib/utils/prompt/execution.ts
  21:29  warning  Unexpected any. Specify a different type  @typescript-eslint/no-explicit-any
  46:32  warning  Unexpected any. Specify a different type  @typescript-eslint/no-explicit-any
  73:78  warning  Unexpected any. Specify a different type  @typescript-eslint/no-explicit-any

/workspace/image-manager/src/lib/utils/prompt/export.ts
  40:33  warning  Unexpected any. Specify a different type  @typescript-eslint/no-explicit-any

/workspace/image-manager/src/lib/utils/prompt/formatters.ts
  158:71  warning  Unexpected any. Specify a different type  @typescript-eslint/no-explicit-any

/workspace/image-manager/src/lib/utils/prompt/helpers.ts
  12:63  warning  Unexpected any. Specify a different type  @typescript-eslint/no-explicit-any
  79:86  warning  Unexpected any. Specify a different type  @typescript-eslint/no-explicit-any

/workspace/image-manager/src/lib/utils/prompt/templates.ts
   35:29  warning  Unexpected any. Specify a different type  @typescript-eslint/no-explicit-any
   36:36  warning  Unexpected any. Specify a different type  @typescript-eslint/no-explicit-any
  192:89  warning  Unexpected any. Specify a different type  @typescript-eslint/no-explicit-any
  261:36  warning  Unexpected any. Specify a different type  @typescript-eslint/no-explicit-any

/workspace/image-manager/src/lib/utils/prompt/validators.ts
  72:77  warning  Unexpected any. Specify a different type  @typescript-eslint/no-explicit-any

/workspace/image-manager/src/lib/utils/store/create-selectors.ts
  27:19  warning  Unexpected any. Specify a different type  @typescript-eslint/no-explicit-any
  38:32  warning  Unexpected any. Specify a different type  @typescript-eslint/no-explicit-any

/workspace/image-manager/src/lib/utils/transformers/calculate-completeness.ts
  38:17  error  'calculateCompleteness' is already defined  no-redeclare
  40:17  error  'calculateCompleteness' is already defined  no-redeclare

/workspace/image-manager/src/lib/utils/types/export-validator.ts
  31:31  error    'Collection' is not defined   no-undef
  33:27  error    'Folder' is not defined       no-undef
  36:25  error    'Note' is not defined         no-undef
  39:29  error    'Property' is not defined     no-undef
  41:26  error    'Video' is not defined        no-undef
  42:29  error    'Wildcard' is not defined     no-undef
  51:2   warning  Unexpected console statement  no-console

/workspace/image-manager/src/lib/utils/video/helpers.ts
  238:68  warning  Unexpected any. Specify a different type  @typescript-eslint/no-explicit-any
  260:35  warning  Unexpected any. Specify a different type  @typescript-eslint/no-explicit-any
  261:35  warning  Unexpected any. Specify a different type  @typescript-eslint/no-explicit-any

/workspace/image-manager/src/lib/utils/video/validators.ts
  157:48  warning  Unexpected any. Specify a different type  @typescript-eslint/no-explicit-any
  157:56  warning  Unexpected any. Specify a different type  @typescript-eslint/no-explicit-any
  221:3   warning  Unexpected console statement              no-console
  235:3   warning  Unexpected console statement              no-console
  254:3   warning  Unexpected console statement              no-console

/workspace/image-manager/src/lib/utils/world-item/helpers.ts
  41:28  warning  Unexpected any. Specify a different type  @typescript-eslint/no-explicit-any

/workspace/image-manager/src/providers/profile-provider.tsx
  99:5  warning  Unexpected console statement  no-console

/workspace/image-manager/src/providers/theme-provider.tsx
  30:6  warning  Unexpected console statement  no-console
  31:6  warning  Unexpected console statement  no-console

/workspace/image-manager/src/router.tsx
  22:48  error  'React' is not defined  no-undef
  49:52  error  'React' is not defined  no-undef

/workspace/image-manager/src/server/index.ts
   68:15  warning  Unexpected any. Specify a different type  @typescript-eslint/no-explicit-any
   69:2   warning  Unexpected console statement              no-console
   88:2   warning  Unexpected console statement              no-console
   89:2   warning  Unexpected console statement              no-console
   90:2   warning  Unexpected console statement              no-console
   91:2   warning  Unexpected console statement              no-console
   92:2   warning  Unexpected console statement              no-console
   93:2   warning  Unexpected console statement              no-console
   94:2   warning  Unexpected console statement              no-console
   95:2   warning  Unexpected console statement              no-console
   96:2   warning  Unexpected console statement              no-console
   97:2   warning  Unexpected console statement              no-console
   98:2   warning  Unexpected console statement              no-console
   99:2   warning  Unexpected console statement              no-console
  100:2   warning  Unexpected console statement              no-console
  101:2   warning  Unexpected console statement              no-console
  102:2   warning  Unexpected console statement              no-console
  103:2   warning  Unexpected console statement              no-console
  104:2   warning  Unexpected console statement              no-console
  105:2   warning  Unexpected console statement              no-console
  106:2   warning  Unexpected console statement              no-console
  107:2   warning  Unexpected console statement              no-console
  109:2   warning  Unexpected console statement              no-console
  110:2   warning  Unexpected console statement              no-console
  111:2   warning  Unexpected console statement              no-console
  112:2   warning  Unexpected console statement              no-console
  113:2   warning  Unexpected console statement              no-console
  114:2   warning  Unexpected console statement              no-console
  116:2   warning  Unexpected console statement              no-console

/workspace/image-manager/src/server/routes/albums.ts
   89:3  warning  Unexpected console statement  no-console
  114:3  warning  Unexpected console statement  no-console
  153:3  warning  Unexpected console statement  no-console
  177:3  warning  Unexpected console statement  no-console
  204:3  warning  Unexpected console statement  no-console
  220:3  warning  Unexpected console statement  no-console
  241:3  warning  Unexpected console statement  no-console
  262:3  warning  Unexpected console statement  no-console

/workspace/image-manager/src/server/routes/audio.ts
  101:16  warning  Unexpected any. Specify a different type  @typescript-eslint/no-explicit-any
  141:18  warning  Unexpected any. Specify a different type  @typescript-eslint/no-explicit-any
  160:3   warning  Unexpected console statement              no-console
  189:3   warning  Unexpected console statement              no-console
  242:3   warning  Unexpected console statement              no-console
  308:3   warning  Unexpected console statement              no-console
  348:3   warning  Unexpected console statement              no-console
  379:3   warning  Unexpected console statement              no-console
  405:3   warning  Unexpected console statement              no-console

/workspace/image-manager/src/server/routes/characters.ts
  150:3  warning  Unexpected console statement  no-console
  179:3  warning  Unexpected console statement  no-console
  218:3  warning  Unexpected console statement  no-console
  263:3  warning  Unexpected console statement  no-console
  327:3  warning  Unexpected console statement  no-console
  412:3  warning  Unexpected console statement  no-console
  466:3  warning  Unexpected console statement  no-console
  512:3  warning  Unexpected console statement  no-console
  545:3  warning  Unexpected console statement  no-console
  579:3  warning  Unexpected console statement  no-console
  613:3  warning  Unexpected console statement  no-console

/workspace/image-manager/src/server/routes/collections.ts
   38:3  warning  Unexpected console statement  no-console
   55:3  warning  Unexpected console statement  no-console
   69:3  warning  Unexpected console statement  no-console
   92:3  warning  Unexpected console statement  no-console
  116:3  warning  Unexpected console statement  no-console
  134:3  warning  Unexpected console statement  no-console
  147:3  warning  Unexpected console statement  no-console
  160:3  warning  Unexpected console statement  no-console

/workspace/image-manager/src/server/routes/concepts.ts
   36:3  warning  Unexpected console statement  no-console
   53:3  warning  Unexpected console statement  no-console
   67:3  warning  Unexpected console statement  no-console
   90:3  warning  Unexpected console statement  no-console
  114:3  warning  Unexpected console statement  no-console
  132:3  warning  Unexpected console statement  no-console

/workspace/image-manager/src/server/routes/favorites.ts
   35:3  warning  Unexpected console statement  no-console
   52:3  warning  Unexpected console statement  no-console
   83:3  warning  Unexpected console statement  no-console
  105:3  warning  Unexpected console statement  no-console
  128:3  warning  Unexpected console statement  no-console
  146:3  warning  Unexpected console statement  no-console
  160:3  warning  Unexpected console statement  no-console
  174:3  warning  Unexpected console statement  no-console

/workspace/image-manager/src/server/routes/files.ts
   65:18  warning  Unexpected any. Specify a different type  @typescript-eslint/no-explicit-any
   92:18  warning  Unexpected any. Specify a different type  @typescript-eslint/no-explicit-any
  107:18  warning  Unexpected any. Specify a different type  @typescript-eslint/no-explicit-any
  123:18  warning  Unexpected any. Specify a different type  @typescript-eslint/no-explicit-any
  139:18  warning  Unexpected any. Specify a different type  @typescript-eslint/no-explicit-any
  155:18  warning  Unexpected any. Specify a different type  @typescript-eslint/no-explicit-any
  171:18  warning  Unexpected any. Specify a different type  @typescript-eslint/no-explicit-any

/workspace/image-manager/src/server/routes/folders.ts
   55:3  warning  Unexpected console statement  no-console
   97:3  warning  Unexpected console statement  no-console
  161:3  warning  Unexpected console statement  no-console
  229:3  warning  Unexpected console statement  no-console
  287:3  warning  Unexpected console statement  no-console

/workspace/image-manager/src/server/routes/groups.ts
   35:3  warning  Unexpected console statement  no-console
   52:3  warning  Unexpected console statement  no-console
   83:3  warning  Unexpected console statement  no-console
  105:3  warning  Unexpected console statement  no-console
  128:3  warning  Unexpected console statement  no-console
  146:3  warning  Unexpected console statement  no-console
  160:3  warning  Unexpected console statement  no-console
  174:3  warning  Unexpected console statement  no-console

/workspace/image-manager/src/server/routes/images.ts
   94:16  warning  Unexpected any. Specify a different type  @typescript-eslint/no-explicit-any
  130:18  warning  Unexpected any. Specify a different type  @typescript-eslint/no-explicit-any
  156:3   warning  Unexpected console statement              no-console
  195:3   warning  Unexpected console statement              no-console
  269:3   warning  Unexpected console statement              no-console
  319:3   warning  Unexpected console statement              no-console
  378:3   warning  Unexpected console statement              no-console
  421:21  warning  Unexpected any. Specify a different type  @typescript-eslint/no-explicit-any
  438:3   warning  Unexpected console statement              no-console
  481:21  warning  Unexpected any. Specify a different type  @typescript-eslint/no-explicit-any
  498:3   warning  Unexpected console statement              no-console

/workspace/image-manager/src/server/routes/metadata.ts
   24:3  warning  Unexpected console statement  no-console
   49:3  warning  Unexpected console statement  no-console
   67:3  warning  Unexpected console statement  no-console
   94:3  warning  Unexpected console statement  no-console
  117:3  warning  Unexpected console statement  no-console
  144:3  warning  Unexpected console statement  no-console

/workspace/image-manager/src/server/routes/notes.ts
   36:3  warning  Unexpected console statement  no-console
   53:3  warning  Unexpected console statement  no-console
   67:3  warning  Unexpected console statement  no-console
   90:3  warning  Unexpected console statement  no-console
  114:3  warning  Unexpected console statement  no-console
  132:3  warning  Unexpected console statement  no-console

/workspace/image-manager/src/server/routes/places.ts
   36:3  warning  Unexpected console statement  no-console
   53:3  warning  Unexpected console statement  no-console
   67:3  warning  Unexpected console statement  no-console
   91:3  warning  Unexpected console statement  no-console
  116:3  warning  Unexpected console statement  no-console
  134:3  warning  Unexpected console statement  no-console

/workspace/image-manager/src/server/routes/prompts.ts
   36:3  warning  Unexpected console statement  no-console
   53:3  warning  Unexpected console statement  no-console
   67:3  warning  Unexpected console statement  no-console
   91:3  warning  Unexpected console statement  no-console
  116:3  warning  Unexpected console statement  no-console
  134:3  warning  Unexpected console statement  no-console

/workspace/image-manager/src/server/routes/properties.ts
   36:3  warning  Unexpected console statement  no-console
   53:3  warning  Unexpected console statement  no-console
   77:3  warning  Unexpected console statement  no-console
  102:3  warning  Unexpected console statement  no-console
  120:3  warning  Unexpected console statement  no-console

/workspace/image-manager/src/server/routes/search.ts
  33:3  warning  Unexpected console statement  no-console
  58:3  warning  Unexpected console statement  no-console

/workspace/image-manager/src/server/routes/stats.ts
  12:3  warning  Unexpected console statement  no-console
  23:3  warning  Unexpected console statement  no-console
  38:3  warning  Unexpected console statement  no-console
  53:3  warning  Unexpected console statement  no-console
  73:3  warning  Unexpected console statement  no-console

/workspace/image-manager/src/server/routes/tags.ts
   36:3  warning  Unexpected console statement  no-console
   53:3  warning  Unexpected console statement  no-console
   67:3  warning  Unexpected console statement  no-console
   90:3  warning  Unexpected console statement  no-console
  114:3  warning  Unexpected console statement  no-console
  132:3  warning  Unexpected console statement  no-console

/workspace/image-manager/src/server/routes/thumbnails.ts
   15:3  warning  Unexpected console statement  no-console
   37:3  warning  Unexpected console statement  no-console
   53:3  warning  Unexpected console statement  no-console
   75:3  warning  Unexpected console statement  no-console
   90:3  warning  Unexpected console statement  no-console
  106:3  warning  Unexpected console statement  no-console

/workspace/image-manager/src/server/routes/videos.ts
   90:16  warning  Unexpected any. Specify a different type  @typescript-eslint/no-explicit-any
  129:18  warning  Unexpected any. Specify a different type  @typescript-eslint/no-explicit-any
  148:3   warning  Unexpected console statement              no-console
  177:3   warning  Unexpected console statement              no-console
  225:3   warning  Unexpected console statement              no-console
  286:3   warning  Unexpected console statement              no-console
  326:3   warning  Unexpected console statement              no-console
  358:3   warning  Unexpected console statement              no-console

/workspace/image-manager/src/server/routes/wildcards.ts
   35:3  warning  Unexpected console statement  no-console
   52:3  warning  Unexpected console statement  no-console
   76:3  warning  Unexpected console statement  no-console
  101:3  warning  Unexpected console statement  no-console
  119:3  warning  Unexpected console statement  no-console

/workspace/image-manager/src/server/routes/world-items.ts
   36:3  warning  Unexpected console statement  no-console
   53:3  warning  Unexpected console statement  no-console
   67:3  warning  Unexpected console statement  no-console
   91:3  warning  Unexpected console statement  no-console
  116:3  warning  Unexpected console statement  no-console
  134:3  warning  Unexpected console statement  no-console

/workspace/image-manager/src/services/activity/activity.service.ts
   89:4   warning  Unexpected console statement              no-console
  118:4   warning  Unexpected console statement              no-console
  149:4   warning  Unexpected console statement              no-console
  167:4   warning  Unexpected console statement              no-console
  187:4   warning  Unexpected console statement              no-console
  197:52  warning  Unexpected any. Specify a different type  @typescript-eslint/no-explicit-any

/workspace/image-manager/src/services/collection/collection.service.ts
  157:16  warning  Unexpected any. Specify a different type  @typescript-eslint/no-explicit-any

/workspace/image-manager/src/services/group/group.service.ts
  132:26  warning  Unexpected any. Specify a different type  @typescript-eslint/no-explicit-any
  294:23  error    'getGroup' is not defined                 no-undef

/workspace/image-manager/src/services/image/converter.service.ts
  133:7  error  'btoa' is not defined  no-undef

/workspace/image-manager/src/services/image/image.service.ts
  289:19  warning  Unexpected any. Specify a different type  @typescript-eslint/no-explicit-any
  375:22  warning  Unexpected any. Specify a different type  @typescript-eslint/no-explicit-any
  472:27  error    'GetImagesOptions' is not defined         no-undef
  472:59  error    'GetImagesResult' is not defined          no-undef
  486:17  warning  Unexpected any. Specify a different type  @typescript-eslint/no-explicit-any
  594:24  warning  Unexpected any. Specify a different type  @typescript-eslint/no-explicit-any
  623:19  warning  Unexpected any. Specify a different type  @typescript-eslint/no-explicit-any
  694:19  warning  Unexpected any. Specify a different type  @typescript-eslint/no-explicit-any

/workspace/image-manager/src/services/metadata/metadata.service.ts
   30:3  warning  Unexpected console statement  no-console
   50:3  warning  Unexpected console statement  no-console
   70:3  warning  Unexpected console statement  no-console
   90:3  warning  Unexpected console statement  no-console
  114:3  warning  Unexpected console statement  no-console
  134:3  warning  Unexpected console statement  no-console
  154:3  warning  Unexpected console statement  no-console

/workspace/image-manager/src/services/profile/profile.service.ts
   55:17  warning  Unexpected any. Specify a different type   @typescript-eslint/no-explicit-any
   84:26  error    'profileCreateInputSchema' is not defined  no-undef
   86:11  error    'toEntity' is not defined                  no-undef
  101:26  error    'profileUpdateInputSchema' is not defined  no-undef
  106:11  error    'toEntity' is not defined                  no-undef
  149:21  error    'toEntity' is not defined                  no-undef
  166:21  error    'toEntity' is not defined                  no-undef

/workspace/image-manager/src/services/stats/optimized-stats.service.ts
   90:64  warning  Unexpected any. Specify a different type  @typescript-eslint/no-explicit-any
  122:54  warning  Unexpected any. Specify a different type  @typescript-eslint/no-explicit-any
  151:31  warning  Unexpected any. Specify a different type  @typescript-eslint/no-explicit-any
  164:26  warning  Unexpected any. Specify a different type  @typescript-eslint/no-explicit-any
  214:76  warning  Unexpected any. Specify a different type  @typescript-eslint/no-explicit-any
  276:74  warning  Unexpected any. Specify a different type  @typescript-eslint/no-explicit-any
  305:53  warning  Unexpected any. Specify a different type  @typescript-eslint/no-explicit-any
  362:50  warning  Unexpected any. Specify a different type  @typescript-eslint/no-explicit-any
  362:63  warning  Unexpected any. Specify a different type  @typescript-eslint/no-explicit-any
  387:60  warning  Unexpected any. Specify a different type  @typescript-eslint/no-explicit-any
  443:50  warning  Unexpected any. Specify a different type  @typescript-eslint/no-explicit-any
  443:63  warning  Unexpected any. Specify a different type  @typescript-eslint/no-explicit-any
  486:80  warning  Unexpected any. Specify a different type  @typescript-eslint/no-explicit-any
  552:28  warning  Unexpected any. Specify a different type  @typescript-eslint/no-explicit-any

/workspace/image-manager/src/services/video/video.service.ts
   99:16  warning  Unexpected any. Specify a different type  @typescript-eslint/no-explicit-any
  156:16  warning  Unexpected any. Specify a different type  @typescript-eslint/no-explicit-any

/workspace/image-manager/src/services/wildcard/wildcard.service.ts
  384:21  warning  Unexpected any. Specify a different type  @typescript-eslint/no-explicit-any

/workspace/image-manager/src/store/entities/activity/index.ts
   79:29  warning  Unexpected any. Specify a different type  @typescript-eslint/no-explicit-any
  299:33  warning  Unexpected any. Specify a different type  @typescript-eslint/no-explicit-any

/workspace/image-manager/src/store/entities/audio/audio.store.ts
  15:43  warning  Unexpected any. Specify a different type  @typescript-eslint/no-explicit-any

/workspace/image-manager/src/store/entities/collection/slices/core.ts
  143:19  warning  Unexpected any. Specify a different type  @typescript-eslint/no-explicit-any
  145:4   warning  Unexpected console statement              no-console
  158:19  warning  Unexpected any. Specify a different type  @typescript-eslint/no-explicit-any
  160:4   warning  Unexpected console statement              no-console
  173:19  warning  Unexpected any. Specify a different type  @typescript-eslint/no-explicit-any
  175:4   warning  Unexpected console statement              no-console
  188:19  warning  Unexpected any. Specify a different type  @typescript-eslint/no-explicit-any
  190:4   warning  Unexpected console statement              no-console
  203:19  warning  Unexpected any. Specify a different type  @typescript-eslint/no-explicit-any
  205:4   warning  Unexpected console statement              no-console

/workspace/image-manager/src/store/entities/favorite/slices/filters.slice.ts
  71:41  warning  Unexpected any. Specify a different type  @typescript-eslint/no-explicit-any

/workspace/image-manager/src/store/entities/file-3d/file-3d.store.ts
  15:44  warning  Unexpected any. Specify a different type  @typescript-eslint/no-explicit-any

/workspace/image-manager/src/store/entities/file/slices/core.slice.ts
  121:19  warning  Unexpected any. Specify a different type  @typescript-eslint/no-explicit-any
  123:4   warning  Unexpected console statement              no-console
  146:19  warning  Unexpected any. Specify a different type  @typescript-eslint/no-explicit-any
  148:4   warning  Unexpected console statement              no-console

/workspace/image-manager/src/store/entities/folder/index.ts
  44:42  warning  Unexpected any. Specify a different type  @typescript-eslint/no-explicit-any
  58:49  warning  Unexpected any. Specify a different type  @typescript-eslint/no-explicit-any
  65:45  warning  Unexpected any. Specify a different type  @typescript-eslint/no-explicit-any
  66:22  warning  Unexpected any. Specify a different type  @typescript-eslint/no-explicit-any
  81:37  warning  Unexpected any. Specify a different type  @typescript-eslint/no-explicit-any

/workspace/image-manager/src/store/entities/group/types.ts
  39:31  error  'GroupDisplayState' is not defined  no-undef

/workspace/image-manager/src/store/entities/json-file/json-file.store.ts
  20:46  warning  Unexpected any. Specify a different type  @typescript-eslint/no-explicit-any

/workspace/image-manager/src/store/entities/note/slices/filters.ts
  86:24  warning  Unexpected any. Specify a different type  @typescript-eslint/no-explicit-any
  97:28  warning  Unexpected any. Specify a different type  @typescript-eslint/no-explicit-any

/workspace/image-manager/src/store/entities/prompt/slices/core.ts
   41:26  error  'getPrompts' is not defined    no-undef
   66:10  error  'createPrompt' is not defined  no-undef
   85:10  error  'updatePrompt' is not defined  no-undef
  104:10  error  'deletePrompt' is not defined  no-undef

/workspace/image-manager/src/store/entities/prompt/slices/relations.ts
   35:10  error  'linkEntityToPrompt' is not defined      no-undef
   53:10  error  'unlinkEntityFromPrompt' is not defined  no-undef
   72:10  error  'linkEntityToPrompt' is not defined      no-undef
   90:10  error  'unlinkEntityFromPrompt' is not defined  no-undef
  108:10  error  'linkEntityToPrompt' is not defined      no-undef
  126:10  error  'unlinkEntityFromPrompt' is not defined  no-undef
  144:10  error  'linkEntityToPrompt' is not defined      no-undef
  162:10  error  'unlinkEntityFromPrompt' is not defined  no-undef
  182:12  error  'linkEntityToPrompt' is not defined      no-undef
  187:12  error  'linkEntityToPrompt' is not defined      no-undef
  192:12  error  'linkEntityToPrompt' is not defined      no-undef

/workspace/image-manager/src/store/entities/tag/slices/core.slice.ts
  38:18  error  'TagCoreActions' is already defined  no-redeclare

/workspace/image-manager/src/store/entities/task/types.ts
  89:31  warning  Unexpected any. Specify a different type  @typescript-eslint/no-explicit-any

/workspace/image-manager/src/store/entities/world-item/index.ts
  50:30  warning  Unexpected any. Specify a different type  @typescript-eslint/no-explicit-any
  51:28  warning  Unexpected any. Specify a different type  @typescript-eslint/no-explicit-any
  52:38  warning  Unexpected any. Specify a different type  @typescript-eslint/no-explicit-any
  57:22  warning  Unexpected any. Specify a different type  @typescript-eslint/no-explicit-any
  58:24  warning  Unexpected any. Specify a different type  @typescript-eslint/no-explicit-any

/workspace/image-manager/src/store/entities/world-item/slices/filters.ts
  15:31  warning  Unexpected any. Specify a different type  @typescript-eslint/no-explicit-any
  16:29  warning  Unexpected any. Specify a different type  @typescript-eslint/no-explicit-any

/workspace/image-manager/src/store/entities/world-item/types.ts
  107:17  error    'RequestInit' is not defined              no-undef
  112:21  warning  Unexpected any. Specify a different type  @typescript-eslint/no-explicit-any
  117:25  warning  Unexpected any. Specify a different type  @typescript-eslint/no-explicit-any
  177:47  warning  Unexpected any. Specify a different type  @typescript-eslint/no-explicit-any

/workspace/image-manager/src/store/image-resources.store.ts
  109:23  error  'NodeJS' is not defined  no-undef

/workspace/image-manager/src/store/places/index.ts
  34:22  warning  Unexpected any. Specify a different type  @typescript-eslint/no-explicit-any
  35:20  warning  Unexpected any. Specify a different type  @typescript-eslint/no-explicit-any
  36:34  warning  Unexpected any. Specify a different type  @typescript-eslint/no-explicit-any

/workspace/image-manager/src/store/store.factory.ts
  41:18  error  'StoreOptions' is already defined  no-redeclare

/workspace/image-manager/src/store/unified-file-manager.store.ts
   64:37  warning  Unexpected any. Specify a different type  @typescript-eslint/no-explicit-any
  212:52  warning  Unexpected any. Specify a different type  @typescript-eslint/no-explicit-any
  258:46  warning  Unexpected any. Specify a different type  @typescript-eslint/no-explicit-any
  284:27  warning  Unexpected any. Specify a different type  @typescript-eslint/no-explicit-any
  390:22  warning  Unexpected any. Specify a different type  @typescript-eslint/no-explicit-any

/workspace/image-manager/src/transformers/activity/mappers.ts
  85:95  warning  Unexpected any. Specify a different type  @typescript-eslint/no-explicit-any

/workspace/image-manager/src/transformers/activity/serializers.ts
  170:4   warning  Unexpected console statement              no-console
  189:3   warning  Unexpected console statement              no-console
  199:71  warning  Unexpected any. Specify a different type  @typescript-eslint/no-explicit-any
  208:36  warning  Unexpected any. Specify a different type  @typescript-eslint/no-explicit-any
  224:3   warning  Unexpected console statement              no-console
  241:95  warning  Unexpected any. Specify a different type  @typescript-eslint/no-explicit-any
  255:3   warning  Unexpected console statement              no-console
  271:58  warning  Unexpected any. Specify a different type  @typescript-eslint/no-explicit-any
  294:3   warning  Unexpected console statement              no-console
  304:70  warning  Unexpected any. Specify a different type  @typescript-eslint/no-explicit-any
  318:3   warning  Unexpected console statement              no-console
  333:66  warning  Unexpected any. Specify a different type  @typescript-eslint/no-explicit-any
  333:88  warning  Unexpected any. Specify a different type  @typescript-eslint/no-explicit-any
  337:35  warning  Unexpected any. Specify a different type  @typescript-eslint/no-explicit-any

/workspace/image-manager/src/transformers/character/transformer.ts
  82:31  error    'fromPrismaNote' is not defined           no-undef
  82:64  warning  Unexpected any. Specify a different type  @typescript-eslint/no-explicit-any

/workspace/image-manager/src/transformers/concept/serializers.ts
  22:3  warning  Unexpected console statement  no-console

/workspace/image-manager/src/transformers/concept/transformer.ts
  101:57  warning  Unexpected any. Specify a different type  @typescript-eslint/no-explicit-any
  106:62  warning  Unexpected any. Specify a different type  @typescript-eslint/no-explicit-any

/workspace/image-manager/src/transformers/favorite/index.ts
  42:54  warning  Unexpected any. Specify a different type  @typescript-eslint/no-explicit-any
  42:62  warning  Unexpected any. Specify a different type  @typescript-eslint/no-explicit-any

/workspace/image-manager/src/transformers/favorite/transformer.ts
  56:4  error  'FavoriteExtended' is not defined  no-undef

/workspace/image-manager/src/transformers/file/index.ts
  36:39  warning  Unexpected any. Specify a different type  @typescript-eslint/no-explicit-any
  36:47  warning  Unexpected any. Specify a different type  @typescript-eslint/no-explicit-any
  45:3   warning  Unexpected console statement              no-console

/workspace/image-manager/src/transformers/file/mappers.ts
  211:57  warning  Forbidden non-null assertion  @typescript-eslint/no-non-null-assertion
  214:57  warning  Forbidden non-null assertion  @typescript-eslint/no-non-null-assertion
  217:81  warning  Forbidden non-null assertion  @typescript-eslint/no-non-null-assertion
  220:81  warning  Forbidden non-null assertion  @typescript-eslint/no-non-null-assertion

/workspace/image-manager/src/transformers/folder/mappers.ts
  140:49  error  'Folder' is not defined  no-undef

/workspace/image-manager/src/transformers/folder/serializers.ts
   71:83  warning  Unexpected any. Specify a different type  @typescript-eslint/no-explicit-any
  127:65  warning  Unexpected any. Specify a different type  @typescript-eslint/no-explicit-any
  181:81  warning  Unexpected any. Specify a different type  @typescript-eslint/no-explicit-any
  224:78  warning  Unexpected any. Specify a different type  @typescript-eslint/no-explicit-any
  231:57  warning  Unexpected any. Specify a different type  @typescript-eslint/no-explicit-any

/workspace/image-manager/src/transformers/folder/transformer.ts
  312:19  warning  Forbidden non-null assertion  @typescript-eslint/no-non-null-assertion
  313:18  warning  Forbidden non-null assertion  @typescript-eslint/no-non-null-assertion
  317:21  warning  Forbidden non-null assertion  @typescript-eslint/no-non-null-assertion

/workspace/image-manager/src/transformers/image/transformer.ts
  376:63  warning  Unexpected any. Specify a different type  @typescript-eslint/no-explicit-any
  396:63  warning  Unexpected any. Specify a different type  @typescript-eslint/no-explicit-any
  397:20  warning  Unexpected any. Specify a different type  @typescript-eslint/no-explicit-any
  445:48  warning  Unexpected any. Specify a different type  @typescript-eslint/no-explicit-any
  445:56  warning  Unexpected any. Specify a different type  @typescript-eslint/no-explicit-any

/workspace/image-manager/src/transformers/metadata/index.ts
  19:41  warning  Unexpected any. Specify a different type  @typescript-eslint/no-explicit-any
  21:3   warning  Unexpected console statement              no-console

/workspace/image-manager/src/transformers/metadata/mappers.ts
  13:57  error  'MetadataExtended' is not defined  no-undef

/workspace/image-manager/src/transformers/note/index.ts
   39:28  warning  Unexpected any. Specify a different type  @typescript-eslint/no-explicit-any
   40:32  warning  Unexpected any. Specify a different type  @typescript-eslint/no-explicit-any
   41:30  warning  Unexpected any. Specify a different type  @typescript-eslint/no-explicit-any
   42:33  warning  Unexpected any. Specify a different type  @typescript-eslint/no-explicit-any
   55:8   warning  Unexpected any. Specify a different type  @typescript-eslint/no-explicit-any
  383:23  warning  Unexpected any. Specify a different type  @typescript-eslint/no-explicit-any
  387:19  warning  Unexpected any. Specify a different type  @typescript-eslint/no-explicit-any

/workspace/image-manager/src/transformers/note/mappers.ts
  74:11  warning  Unexpected any. Specify a different type  @typescript-eslint/no-explicit-any

/workspace/image-manager/src/transformers/note/serializers.ts
   29:19  warning  Unexpected any. Specify a different type  @typescript-eslint/no-explicit-any
   39:64  warning  Unexpected any. Specify a different type  @typescript-eslint/no-explicit-any
   42:36  warning  Unexpected any. Specify a different type  @typescript-eslint/no-explicit-any
   50:38  warning  Unexpected any. Specify a different type  @typescript-eslint/no-explicit-any
   87:40  warning  Unexpected any. Specify a different type  @typescript-eslint/no-explicit-any
   94:38  warning  Unexpected any. Specify a different type  @typescript-eslint/no-explicit-any
  183:51  warning  Unexpected any. Specify a different type  @typescript-eslint/no-explicit-any
  199:60  warning  Unexpected any. Specify a different type  @typescript-eslint/no-explicit-any
  220:36  warning  Unexpected any. Specify a different type  @typescript-eslint/no-explicit-any

/workspace/image-manager/src/transformers/note/transformer.ts
  250:35  warning  Unexpected any. Specify a different type  @typescript-eslint/no-explicit-any

/workspace/image-manager/src/transformers/place/mappers.ts
   81:15  warning  Unexpected any. Specify a different type  @typescript-eslint/no-explicit-any
  120:15  warning  Unexpected any. Specify a different type  @typescript-eslint/no-explicit-any

/workspace/image-manager/src/transformers/profile/profile-transformers.ts
   76:37  warning  Unexpected any. Specify a different type  @typescript-eslint/no-explicit-any
   85:6   warning  Unexpected console statement              no-console
   89:5   warning  Unexpected console statement              no-console
   94:56  warning  Unexpected any. Specify a different type  @typescript-eslint/no-explicit-any
  104:5   warning  Unexpected console statement              no-console
  108:4   warning  Unexpected console statement              no-console
  115:3   warning  Unexpected console statement              no-console

/workspace/image-manager/src/transformers/prompt/transformer.ts
  105:72  warning  Unexpected any. Specify a different type  @typescript-eslint/no-explicit-any

/workspace/image-manager/src/transformers/thumbnail/transformer.ts
  74:4  warning  Unexpected console statement  no-console

/workspace/image-manager/src/transformers/video/mappers.ts
  141:21  warning  Unexpected any. Specify a different type  @typescript-eslint/no-explicit-any

/workspace/image-manager/src/transformers/video/transformer.ts
  129:24  error    Unexpected constant nullishness on the left-hand side of a `??` expression  no-constant-binary-expression
  452:58  warning  Unexpected any. Specify a different type                                    @typescript-eslint/no-explicit-any

/workspace/image-manager/src/transformers/wildcard/mappers.ts
  69:38  warning  Unexpected any. Specify a different type  @typescript-eslint/no-explicit-any
  88:38  warning  Unexpected any. Specify a different type  @typescript-eslint/no-explicit-any

/workspace/image-manager/src/transformers/wildcard/v2/mappers.ts
   27:80  warning  Unexpected any. Specify a different type  @typescript-eslint/no-explicit-any
   29:32  warning  Unexpected any. Specify a different type  @typescript-eslint/no-explicit-any
   55:80  warning  Unexpected any. Specify a different type  @typescript-eslint/no-explicit-any
   57:32  warning  Unexpected any. Specify a different type  @typescript-eslint/no-explicit-any
   91:88  warning  Unexpected any. Specify a different type  @typescript-eslint/no-explicit-any
   93:32  warning  Unexpected any. Specify a different type  @typescript-eslint/no-explicit-any
  120:53  warning  Unexpected any. Specify a different type  @typescript-eslint/no-explicit-any
  129:86  warning  Unexpected any. Specify a different type  @typescript-eslint/no-explicit-any
  156:31  warning  Unexpected any. Specify a different type  @typescript-eslint/no-explicit-any
  169:33  warning  Unexpected any. Specify a different type  @typescript-eslint/no-explicit-any
  217:45  warning  Unexpected any. Specify a different type  @typescript-eslint/no-explicit-any

/workspace/image-manager/src/transformers/wildcard/v2/serializers.ts
   71:19  warning  Unexpected any. Specify a different type  @typescript-eslint/no-explicit-any
   81:32  warning  Unexpected any. Specify a different type  @typescript-eslint/no-explicit-any
   97:37  warning  Unexpected any. Specify a different type  @typescript-eslint/no-explicit-any
  104:28  warning  Unexpected any. Specify a different type  @typescript-eslint/no-explicit-any
  105:51  warning  Unexpected any. Specify a different type  @typescript-eslint/no-explicit-any
  111:27  warning  Unexpected any. Specify a different type  @typescript-eslint/no-explicit-any
  112:50  warning  Unexpected any. Specify a different type  @typescript-eslint/no-explicit-any
  137:61  warning  Unexpected any. Specify a different type  @typescript-eslint/no-explicit-any
  140:37  warning  Unexpected any. Specify a different type  @typescript-eslint/no-explicit-any
  147:37  warning  Unexpected any. Specify a different type  @typescript-eslint/no-explicit-any
  154:17  warning  Unexpected any. Specify a different type  @typescript-eslint/no-explicit-any
  156:17  warning  Unexpected any. Specify a different type  @typescript-eslint/no-explicit-any
  163:16  warning  Unexpected any. Specify a different type  @typescript-eslint/no-explicit-any
  168:40  warning  Unexpected any. Specify a different type  @typescript-eslint/no-explicit-any
  169:37  warning  Unexpected any. Specify a different type  @typescript-eslint/no-explicit-any
  179:15  warning  Unexpected any. Specify a different type  @typescript-eslint/no-explicit-any
  180:31  warning  Unexpected any. Specify a different type  @typescript-eslint/no-explicit-any
  182:43  warning  Unexpected any. Specify a different type  @typescript-eslint/no-explicit-any
  182:77  warning  Unexpected any. Specify a different type  @typescript-eslint/no-explicit-any
  183:32  warning  Unexpected any. Specify a different type  @typescript-eslint/no-explicit-any
  184:47  warning  Unexpected any. Specify a different type  @typescript-eslint/no-explicit-any

/workspace/image-manager/src/transformers/world-item/mappers.ts
   51:19  warning  Unexpected any. Specify a different type  @typescript-eslint/no-explicit-any
   53:47  warning  Unexpected any. Specify a different type  @typescript-eslint/no-explicit-any
   55:26  warning  Unexpected any. Specify a different type  @typescript-eslint/no-explicit-any
  224:51  warning  Unexpected any. Specify a different type  @typescript-eslint/no-explicit-any
  228:85  warning  Unexpected any. Specify a different type  @typescript-eslint/no-explicit-any
  232:53  warning  Unexpected any. Specify a different type  @typescript-eslint/no-explicit-any
  236:81  warning  Unexpected any. Specify a different type  @typescript-eslint/no-explicit-any

/workspace/image-manager/src/transformers/world-item/transformer.ts
  144:64  warning  Unexpected any. Specify a different type  @typescript-eslint/no-explicit-any

/workspace/image-manager/src/types/common/transformer.ts
  129:44  warning  Unexpected any. Specify a different type  @typescript-eslint/no-explicit-any

/workspace/image-manager/src/types/entities/activity/types.ts
  26:17  warning  Unexpected any. Specify a different type  @typescript-eslint/no-explicit-any

/workspace/image-manager/src/types/entities/character/schema.ts
  89:38  warning  Unexpected any. Specify a different type  @typescript-eslint/no-explicit-any

/workspace/image-manager/src/types/entities/entity.types.ts
  20:17  warning  Unexpected any. Specify a different type  @typescript-eslint/no-explicit-any

/workspace/image-manager/src/types/entities/favorite/types.ts
  70:9  warning  Unexpected any. Specify a different type  @typescript-eslint/no-explicit-any

/workspace/image-manager/src/types/entities/place/base.ts
  78:11  warning  Unexpected any. Specify a different type  @typescript-eslint/no-explicit-any
  79:13  warning  Unexpected any. Specify a different type  @typescript-eslint/no-explicit-any
  80:9   warning  Unexpected any. Specify a different type  @typescript-eslint/no-explicit-any
  81:11  warning  Unexpected any. Specify a different type  @typescript-eslint/no-explicit-any

/workspace/image-manager/src/types/entities/prompt/extended.ts
  28:36  warning  Unexpected any. Specify a different type  @typescript-eslint/no-explicit-any
  67:29  warning  Unexpected any. Specify a different type  @typescript-eslint/no-explicit-any

/workspace/image-manager/src/types/entities/thumbnail/types.ts
  61:17  warning  Unexpected any. Specify a different type  @typescript-eslint/no-explicit-any
  85:11  warning  Unexpected any. Specify a different type  @typescript-eslint/no-explicit-any
  86:11  warning  Unexpected any. Specify a different type  @typescript-eslint/no-explicit-any

/workspace/image-manager/src/types/globals.d.ts
   8:18  warning  Unexpected any. Specify a different type  @typescript-eslint/no-explicit-any
  45:12  warning  Unexpected any. Specify a different type  @typescript-eslint/no-explicit-any

/workspace/image-manager/src/types/metadata.types.ts
  15:24  warning  Unexpected any. Specify a different type  @typescript-eslint/no-explicit-any
  16:17  warning  Unexpected any. Specify a different type  @typescript-eslint/no-explicit-any

/workspace/image-manager/src/types/modules.d.ts
  51:25  error  'Document' is not defined  no-undef

✖ 1152 problems (196 errors, 956 warnings)

