Comando: bunx tsc --noEmit --pretty
Fecha: 2025-07-24T22:07:01.285Z
Directorio: D:\DEV\image-manager
Modo tolerante: SÍ
Tipo: Linting
===============================================
[96msrc/components/settings/wildcards/create-wildcard-form.tsx[0m:[93m45[0m:[93m2[0m - [91merror[0m[90m TS2322: [0mType '{ children: string; name: string; emoji: string; color: string; description?: string | null | undefined; shortcut?: string | null | undefined; category?: string | null | undefined; isFavorite?: boolean | undefined; featuredImage?: string | ... 1 more ... | undefined; parentId?: string | ... 1 more ... | undefined; v...' is not assignable to type '{ name: string; emoji: string; color: string; isFavorite: boolean; children: string; description?: string | null | undefined; shortcut?: string | null | undefined; category?: string | null | undefined; featuredImage?: string | ... 1 more ... | undefined; parentId?: string | ... 1 more ... | undefined; sortBy?: strin...'.
  Types of property 'isFavorite' are incompatible.
    Type 'boolean | undefined' is not assignable to type 'boolean'.
      Type 'undefined' is not assignable to type 'boolean'.

[7m45[0m  return {
[7m  [0m [91m ~~~~~~[0m

[96msrc/components/settings/wildcards/create-wildcard-form.tsx[0m:[93m53[0m:[93m3[0m - [91merror[0m[90m TS2322: [0mType 'Resolver<{ name: string; children: { value: string; }[]; emoji?: string | undefined; color?: string | undefined; description?: string | null | undefined; shortcut?: string | null | undefined; category?: string | ... 1 more ... | undefined; isFavorite?: boolean | undefined; featuredImage?: string | ... 1 more ... | u...' is not assignable to type 'Resolver<{ name: string; emoji: string; color: string; children: { value: string; }[]; description?: string | null | undefined; shortcut?: string | null | undefined; category?: string | null | undefined; isFavorite?: boolean | undefined; featuredImage?: string | ... 1 more ... | undefined; parentId?: string | ... 1 ...'.
  Types of parameters 'options' and 'options' are incompatible.
    Type 'ResolverOptions<{ name: string; emoji: string; color: string; children: { value: string; }[]; description?: string | null | undefined; shortcut?: string | null | undefined; category?: string | null | undefined; isFavorite?: boolean | undefined; featuredImage?: string | ... 1 more ... | undefined; parentId?: string |...' is not assignable to type 'ResolverOptions<{ name: string; children: { value: string; }[]; emoji?: string | undefined; color?: string | undefined; description?: string | null | undefined; shortcut?: string | null | undefined; category?: string | ... 1 more ... | undefined; isFavorite?: boolean | undefined; featuredImage?: string | ... 1 more ...'.
      Type 'string | undefined' is not assignable to type 'string'.
        Type 'undefined' is not assignable to type 'string'.

[7m53[0m   resolver: zodResolver(formSchema),
[7m  [0m [91m  ~~~~~~~~[0m

[96msrc/components/settings/wildcards/create-wildcard-form.tsx[0m:[93m65[0m:[93m24[0m - [91merror[0m[90m TS2339: [0mProperty 'viewMode' does not exist on type 'WildcardBase'.

[7m65[0m    viewMode: wildcard?.viewMode || 'grid',
[7m  [0m [91m                       ~~~~~~~~[0m

[96msrc/components/settings/wildcards/create-wildcard-form.tsx[0m:[93m105[0m:[93m39[0m - [91merror[0m[90m TS2345: [0mArgument of type 'SubmitHandler<{ name: string; emoji: string; color: string; children: { value: string; }[]; description?: string | null | undefined; shortcut?: string | null | undefined; category?: string | null | undefined; isFavorite?: boolean | undefined; featuredImage?: string | ... 1 more ... | undefined; parentId?: string | ....' is not assignable to parameter of type 'SubmitHandler<TFieldValues>'.
  Type 'TFieldValues' is not assignable to type '{ name: string; emoji: string; color: string; children: { value: string; }[]; description?: string | null | undefined; shortcut?: string | null | undefined; category?: string | null | undefined; isFavorite?: boolean | undefined; featuredImage?: string | ... 1 more ... | undefined; parentId?: string | ... 1 more ... ...'.
    Type 'FieldValues' is missing the following properties from type '{ name: string; emoji: string; color: string; children: { value: string; }[]; description?: string | null | undefined; shortcut?: string | null | undefined; category?: string | null | undefined; isFavorite?: boolean | undefined; featuredImage?: string | ... 1 more ... | undefined; parentId?: string | ... 1 more ... ...': name, emoji, color, children

[7m105[0m     <form onSubmit={form.handleSubmit(handleSubmit)} className="space-y-4">
[7m   [0m [91m                                      ~~~~~~~~~~~~[0m

[96msrc/components/settings/wildcards/create-wildcard-form.tsx[0m:[93m108[0m:[93m8[0m - [91merror[0m[90m TS2719: [0mType 'import("D:/DEV/image-manager/node_modules/react-hook-form/dist/types/form").Control<{ name: string; emoji: string; color: string; children: { value: string; }[]; description?: string | null | undefined; shortcut?: string | null | undefined; category?: string | null | undefined; isFavorite?: boolean | undefined; feat...' is not assignable to type 'import("D:/DEV/image-manager/node_modules/react-hook-form/dist/types/form").Control<{ name: string; emoji: string; color: string; children: { value: string; }[]; description?: string | null | undefined; shortcut?: string | null | undefined; category?: string | null | undefined; isFavorite?: boolean | undefined; feat...'. Two different types with this name exist, but they are unrelated.
  The types of '_options.resolver' are incompatible between these types.
    Type 'import("D:/DEV/image-manager/node_modules/react-hook-form/dist/types/resolvers").Resolver<{ name: string; emoji: string; color: string; children: { value: string; }[]; description?: string | null | undefined; shortcut?: string | null | undefined; category?: string | null | undefined; isFavorite?: boolean | undefined...' is not assignable to type 'import("D:/DEV/image-manager/node_modules/react-hook-form/dist/types/resolvers").Resolver<{ name: string; emoji: string; color: string; children: { value: string; }[]; description?: string | null | undefined; shortcut?: string | null | undefined; category?: string | null | undefined; isFavorite?: boolean | undefined...'. Two different types with this name exist, but they are unrelated.
      Type 'import("D:/DEV/image-manager/node_modules/react-hook-form/dist/types/resolvers").Resolver<{ name: string; emoji: string; color: string; children: { value: string; }[]; description?: string | null | undefined; shortcut?: string | null | undefined; category?: string | null | undefined; isFavorite?: boolean | undefined...' is not assignable to type 'import("D:/DEV/image-manager/node_modules/react-hook-form/dist/types/resolvers").Resolver<{ name: string; emoji: string; color: string; children: { value: string; }[]; description?: string | null | undefined; shortcut?: string | null | undefined; category?: string | null | undefined; isFavorite?: boolean | undefined...'. Two different types with this name exist, but they are unrelated.
        Type 'TFieldValues' is not assignable to type '{ name: string; emoji: string; color: string; children: { value: string; }[]; description?: string | null | undefined; shortcut?: string | null | undefined; category?: string | null | undefined; isFavorite?: boolean | undefined; featuredImage?: string | ... 1 more ... | undefined; parentId?: string | ... 1 more ... ...'.
          Type 'FieldValues' is missing the following properties from type '{ name: string; emoji: string; color: string; children: { value: string; }[]; description?: string | null | undefined; shortcut?: string | null | undefined; category?: string | null | undefined; isFavorite?: boolean | undefined; featuredImage?: string | ... 1 more ... | undefined; parentId?: string | ... 1 more ... ...': name, emoji, color, children

[7m108[0m        control={form.control}
[7m   [0m [91m       ~~~~~~~[0m

  [96mnode_modules/react-hook-form/dist/types/controller.d.ts[0m:[93m24[0m:[93m5[0m
    [7m24[0m     control?: Control<TFieldValues, any, TTransformedValues>;
    [7m  [0m [96m    ~~~~~~~[0m
    The expected type comes from property 'control' which is declared here on type 'IntrinsicAttributes & { render: ({ field, fieldState, formState, }: { field: ControllerRenderProps<{ name: string; emoji: string; color: string; children: { value: string; }[]; description?: string | null | undefined; shortcut?: string | ... 1 more ... | undefined; ... 4 more ...; viewMode?: string | undefined; }, "...'

[96msrc/components/settings/wildcards/create-wildcard-form.tsx[0m:[93m123[0m:[93m9[0m - [91merror[0m[90m TS2719: [0mType 'import("D:/DEV/image-manager/node_modules/react-hook-form/dist/types/form").Control<{ name: string; emoji: string; color: string; children: { value: string; }[]; description?: string | null | undefined; shortcut?: string | null | undefined; category?: string | null | undefined; isFavorite?: boolean | undefined; feat...' is not assignable to type 'import("D:/DEV/image-manager/node_modules/react-hook-form/dist/types/form").Control<{ name: string; emoji: string; color: string; children: { value: string; }[]; description?: string | null | undefined; shortcut?: string | null | undefined; category?: string | null | undefined; isFavorite?: boolean | undefined; feat...'. Two different types with this name exist, but they are unrelated.
  The types of '_options.resolver' are incompatible between these types.
    Type 'import("D:/DEV/image-manager/node_modules/react-hook-form/dist/types/resolvers").Resolver<{ name: string; emoji: string; color: string; children: { value: string; }[]; description?: string | null | undefined; shortcut?: string | null | undefined; category?: string | null | undefined; isFavorite?: boolean | undefined...' is not assignable to type 'import("D:/DEV/image-manager/node_modules/react-hook-form/dist/types/resolvers").Resolver<{ name: string; emoji: string; color: string; children: { value: string; }[]; description?: string | null | undefined; shortcut?: string | null | undefined; category?: string | null | undefined; isFavorite?: boolean | undefined...'. Two different types with this name exist, but they are unrelated.
      Type 'import("D:/DEV/image-manager/node_modules/react-hook-form/dist/types/resolvers").Resolver<{ name: string; emoji: string; color: string; children: { value: string; }[]; description?: string | null | undefined; shortcut?: string | null | undefined; category?: string | null | undefined; isFavorite?: boolean | undefined...' is not assignable to type 'import("D:/DEV/image-manager/node_modules/react-hook-form/dist/types/resolvers").Resolver<{ name: string; emoji: string; color: string; children: { value: string; }[]; description?: string | null | undefined; shortcut?: string | null | undefined; category?: string | null | undefined; isFavorite?: boolean | undefined...'. Two different types with this name exist, but they are unrelated.
        Type 'TFieldValues' is not assignable to type '{ name: string; emoji: string; color: string; children: { value: string; }[]; description?: string | null | undefined; shortcut?: string | null | undefined; category?: string | null | undefined; isFavorite?: boolean | undefined; featuredImage?: string | ... 1 more ... | undefined; parentId?: string | ... 1 more ... ...'.
          Type 'FieldValues' is missing the following properties from type '{ name: string; emoji: string; color: string; children: { value: string; }[]; description?: string | null | undefined; shortcut?: string | null | undefined; category?: string | null | undefined; isFavorite?: boolean | undefined; featuredImage?: string | ... 1 more ... | undefined; parentId?: string | ... 1 more ... ...': name, emoji, color, children

[7m123[0m         control={form.control}
[7m   [0m [91m        ~~~~~~~[0m

  [96mnode_modules/react-hook-form/dist/types/controller.d.ts[0m:[93m24[0m:[93m5[0m
    [7m24[0m     control?: Control<TFieldValues, any, TTransformedValues>;
    [7m  [0m [96m    ~~~~~~~[0m
    The expected type comes from property 'control' which is declared here on type 'IntrinsicAttributes & { render: ({ field, fieldState, formState, }: { field: ControllerRenderProps<{ name: string; emoji: string; color: string; children: { value: string; }[]; description?: string | null | undefined; shortcut?: string | ... 1 more ... | undefined; ... 4 more ...; viewMode?: string | undefined; }, "...'

[96msrc/components/settings/wildcards/create-wildcard-form.tsx[0m:[93m136[0m:[93m9[0m - [91merror[0m[90m TS2719: [0mType 'import("D:/DEV/image-manager/node_modules/react-hook-form/dist/types/form").Control<{ name: string; emoji: string; color: string; children: { value: string; }[]; description?: string | null | undefined; shortcut?: string | null | undefined; category?: string | null | undefined; isFavorite?: boolean | undefined; feat...' is not assignable to type 'import("D:/DEV/image-manager/node_modules/react-hook-form/dist/types/form").Control<{ name: string; emoji: string; color: string; children: { value: string; }[]; description?: string | null | undefined; shortcut?: string | null | undefined; category?: string | null | undefined; isFavorite?: boolean | undefined; feat...'. Two different types with this name exist, but they are unrelated.
  The types of '_options.resolver' are incompatible between these types.
    Type 'import("D:/DEV/image-manager/node_modules/react-hook-form/dist/types/resolvers").Resolver<{ name: string; emoji: string; color: string; children: { value: string; }[]; description?: string | null | undefined; shortcut?: string | null | undefined; category?: string | null | undefined; isFavorite?: boolean | undefined...' is not assignable to type 'import("D:/DEV/image-manager/node_modules/react-hook-form/dist/types/resolvers").Resolver<{ name: string; emoji: string; color: string; children: { value: string; }[]; description?: string | null | undefined; shortcut?: string | null | undefined; category?: string | null | undefined; isFavorite?: boolean | undefined...'. Two different types with this name exist, but they are unrelated.
      Type 'import("D:/DEV/image-manager/node_modules/react-hook-form/dist/types/resolvers").Resolver<{ name: string; emoji: string; color: string; children: { value: string; }[]; description?: string | null | undefined; shortcut?: string | null | undefined; category?: string | null | undefined; isFavorite?: boolean | undefined...' is not assignable to type 'import("D:/DEV/image-manager/node_modules/react-hook-form/dist/types/resolvers").Resolver<{ name: string; emoji: string; color: string; children: { value: string; }[]; description?: string | null | undefined; shortcut?: string | null | undefined; category?: string | null | undefined; isFavorite?: boolean | undefined...'. Two different types with this name exist, but they are unrelated.
        Type 'TFieldValues' is not assignable to type '{ name: string; emoji: string; color: string; children: { value: string; }[]; description?: string | null | undefined; shortcut?: string | null | undefined; category?: string | null | undefined; isFavorite?: boolean | undefined; featuredImage?: string | ... 1 more ... | undefined; parentId?: string | ... 1 more ... ...'.
          Type 'FieldValues' is missing the following properties from type '{ name: string; emoji: string; color: string; children: { value: string; }[]; description?: string | null | undefined; shortcut?: string | null | undefined; category?: string | null | undefined; isFavorite?: boolean | undefined; featuredImage?: string | ... 1 more ... | undefined; parentId?: string | ... 1 more ... ...': name, emoji, color, children

[7m136[0m         control={form.control}
[7m   [0m [91m        ~~~~~~~[0m

  [96mnode_modules/react-hook-form/dist/types/controller.d.ts[0m:[93m24[0m:[93m5[0m
    [7m24[0m     control?: Control<TFieldValues, any, TTransformedValues>;
    [7m  [0m [96m    ~~~~~~~[0m
    The expected type comes from property 'control' which is declared here on type 'IntrinsicAttributes & { render: ({ field, fieldState, formState, }: { field: ControllerRenderProps<{ name: string; emoji: string; color: string; children: { value: string; }[]; description?: string | null | undefined; shortcut?: string | ... 1 more ... | undefined; ... 4 more ...; viewMode?: string | undefined; }, "...'

[96msrc/components/settings/wildcards/create-wildcard-form.tsx[0m:[93m150[0m:[93m8[0m - [91merror[0m[90m TS2719: [0mType 'import("D:/DEV/image-manager/node_modules/react-hook-form/dist/types/form").Control<{ name: string; emoji: string; color: string; children: { value: string; }[]; description?: string | null | undefined; shortcut?: string | null | undefined; category?: string | null | undefined; isFavorite?: boolean | undefined; feat...' is not assignable to type 'import("D:/DEV/image-manager/node_modules/react-hook-form/dist/types/form").Control<{ name: string; emoji: string; color: string; children: { value: string; }[]; description?: string | null | undefined; shortcut?: string | null | undefined; category?: string | null | undefined; isFavorite?: boolean | undefined; feat...'. Two different types with this name exist, but they are unrelated.
  The types of '_options.resolver' are incompatible between these types.
    Type 'import("D:/DEV/image-manager/node_modules/react-hook-form/dist/types/resolvers").Resolver<{ name: string; emoji: string; color: string; children: { value: string; }[]; description?: string | null | undefined; shortcut?: string | null | undefined; category?: string | null | undefined; isFavorite?: boolean | undefined...' is not assignable to type 'import("D:/DEV/image-manager/node_modules/react-hook-form/dist/types/resolvers").Resolver<{ name: string; emoji: string; color: string; children: { value: string; }[]; description?: string | null | undefined; shortcut?: string | null | undefined; category?: string | null | undefined; isFavorite?: boolean | undefined...'. Two different types with this name exist, but they are unrelated.
      Type 'import("D:/DEV/image-manager/node_modules/react-hook-form/dist/types/resolvers").Resolver<{ name: string; emoji: string; color: string; children: { value: string; }[]; description?: string | null | undefined; shortcut?: string | null | undefined; category?: string | null | undefined; isFavorite?: boolean | undefined...' is not assignable to type 'import("D:/DEV/image-manager/node_modules/react-hook-form/dist/types/resolvers").Resolver<{ name: string; emoji: string; color: string; children: { value: string; }[]; description?: string | null | undefined; shortcut?: string | null | undefined; category?: string | null | undefined; isFavorite?: boolean | undefined...'. Two different types with this name exist, but they are unrelated.
        Type 'TFieldValues' is not assignable to type '{ name: string; emoji: string; color: string; children: { value: string; }[]; description?: string | null | undefined; shortcut?: string | null | undefined; category?: string | null | undefined; isFavorite?: boolean | undefined; featuredImage?: string | ... 1 more ... | undefined; parentId?: string | ... 1 more ... ...'.
          Type 'FieldValues' is missing the following properties from type '{ name: string; emoji: string; color: string; children: { value: string; }[]; description?: string | null | undefined; shortcut?: string | null | undefined; category?: string | null | undefined; isFavorite?: boolean | undefined; featuredImage?: string | ... 1 more ... | undefined; parentId?: string | ... 1 more ... ...': name, emoji, color, children

[7m150[0m        control={form.control}
[7m   [0m [91m       ~~~~~~~[0m

  [96mnode_modules/react-hook-form/dist/types/controller.d.ts[0m:[93m24[0m:[93m5[0m
    [7m24[0m     control?: Control<TFieldValues, any, TTransformedValues>;
    [7m  [0m [96m    ~~~~~~~[0m
    The expected type comes from property 'control' which is declared here on type 'IntrinsicAttributes & { render: ({ field, fieldState, formState, }: { field: ControllerRenderProps<{ name: string; emoji: string; color: string; children: { value: string; }[]; description?: string | null | undefined; shortcut?: string | ... 1 more ... | undefined; ... 4 more ...; viewMode?: string | undefined; }, "...'

[96msrc/components/settings/wildcards/create-wildcard-form.tsx[0m:[93m163[0m:[93m8[0m - [91merror[0m[90m TS2719: [0mType 'import("D:/DEV/image-manager/node_modules/react-hook-form/dist/types/form").Control<{ name: string; emoji: string; color: string; children: { value: string; }[]; description?: string | null | undefined; shortcut?: string | null | undefined; category?: string | null | undefined; isFavorite?: boolean | undefined; feat...' is not assignable to type 'import("D:/DEV/image-manager/node_modules/react-hook-form/dist/types/form").Control<{ name: string; emoji: string; color: string; children: { value: string; }[]; description?: string | null | undefined; shortcut?: string | null | undefined; category?: string | null | undefined; isFavorite?: boolean | undefined; feat...'. Two different types with this name exist, but they are unrelated.
  The types of '_options.resolver' are incompatible between these types.
    Type 'import("D:/DEV/image-manager/node_modules/react-hook-form/dist/types/resolvers").Resolver<{ name: string; emoji: string; color: string; children: { value: string; }[]; description?: string | null | undefined; shortcut?: string | null | undefined; category?: string | null | undefined; isFavorite?: boolean | undefined...' is not assignable to type 'import("D:/DEV/image-manager/node_modules/react-hook-form/dist/types/resolvers").Resolver<{ name: string; emoji: string; color: string; children: { value: string; }[]; description?: string | null | undefined; shortcut?: string | null | undefined; category?: string | null | undefined; isFavorite?: boolean | undefined...'. Two different types with this name exist, but they are unrelated.
      Type 'import("D:/DEV/image-manager/node_modules/react-hook-form/dist/types/resolvers").Resolver<{ name: string; emoji: string; color: string; children: { value: string; }[]; description?: string | null | undefined; shortcut?: string | null | undefined; category?: string | null | undefined; isFavorite?: boolean | undefined...' is not assignable to type 'import("D:/DEV/image-manager/node_modules/react-hook-form/dist/types/resolvers").Resolver<{ name: string; emoji: string; color: string; children: { value: string; }[]; description?: string | null | undefined; shortcut?: string | null | undefined; category?: string | null | undefined; isFavorite?: boolean | undefined...'. Two different types with this name exist, but they are unrelated.
        Type 'TFieldValues' is not assignable to type '{ name: string; emoji: string; color: string; children: { value: string; }[]; description?: string | null | undefined; shortcut?: string | null | undefined; category?: string | null | undefined; isFavorite?: boolean | undefined; featuredImage?: string | ... 1 more ... | undefined; parentId?: string | ... 1 more ... ...'.
          Type 'FieldValues' is missing the following properties from type '{ name: string; emoji: string; color: string; children: { value: string; }[]; description?: string | null | undefined; shortcut?: string | null | undefined; category?: string | null | undefined; isFavorite?: boolean | undefined; featuredImage?: string | ... 1 more ... | undefined; parentId?: string | ... 1 more ... ...': name, emoji, color, children

[7m163[0m        control={form.control}
[7m   [0m [91m       ~~~~~~~[0m

  [96mnode_modules/react-hook-form/dist/types/controller.d.ts[0m:[93m24[0m:[93m5[0m
    [7m24[0m     control?: Control<TFieldValues, any, TTransformedValues>;
    [7m  [0m [96m    ~~~~~~~[0m
    The expected type comes from property 'control' which is declared here on type 'IntrinsicAttributes & { render: ({ field, fieldState, formState, }: { field: ControllerRenderProps<{ name: string; emoji: string; color: string; children: { value: string; }[]; description?: string | null | undefined; shortcut?: string | ... 1 more ... | undefined; ... 4 more ...; viewMode?: string | undefined; }, "...'

[96msrc/components/settings/wildcards/create-wildcard-form.tsx[0m:[93m176[0m:[93m8[0m - [91merror[0m[90m TS2719: [0mType 'import("D:/DEV/image-manager/node_modules/react-hook-form/dist/types/form").Control<{ name: string; emoji: string; color: string; children: { value: string; }[]; description?: string | null | undefined; shortcut?: string | null | undefined; category?: string | null | undefined; isFavorite?: boolean | undefined; feat...' is not assignable to type 'import("D:/DEV/image-manager/node_modules/react-hook-form/dist/types/form").Control<{ name: string; emoji: string; color: string; children: { value: string; }[]; description?: string | null | undefined; shortcut?: string | null | undefined; category?: string | null | undefined; isFavorite?: boolean | undefined; feat...'. Two different types with this name exist, but they are unrelated.
  The types of '_options.resolver' are incompatible between these types.
    Type 'import("D:/DEV/image-manager/node_modules/react-hook-form/dist/types/resolvers").Resolver<{ name: string; emoji: string; color: string; children: { value: string; }[]; description?: string | null | undefined; shortcut?: string | null | undefined; category?: string | null | undefined; isFavorite?: boolean | undefined...' is not assignable to type 'import("D:/DEV/image-manager/node_modules/react-hook-form/dist/types/resolvers").Resolver<{ name: string; emoji: string; color: string; children: { value: string; }[]; description?: string | null | undefined; shortcut?: string | null | undefined; category?: string | null | undefined; isFavorite?: boolean | undefined...'. Two different types with this name exist, but they are unrelated.
      Type 'import("D:/DEV/image-manager/node_modules/react-hook-form/dist/types/resolvers").Resolver<{ name: string; emoji: string; color: string; children: { value: string; }[]; description?: string | null | undefined; shortcut?: string | null | undefined; category?: string | null | undefined; isFavorite?: boolean | undefined...' is not assignable to type 'import("D:/DEV/image-manager/node_modules/react-hook-form/dist/types/resolvers").Resolver<{ name: string; emoji: string; color: string; children: { value: string; }[]; description?: string | null | undefined; shortcut?: string | null | undefined; category?: string | null | undefined; isFavorite?: boolean | undefined...'. Two different types with this name exist, but they are unrelated.
        Type 'TFieldValues' is not assignable to type '{ name: string; emoji: string; color: string; children: { value: string; }[]; description?: string | null | undefined; shortcut?: string | null | undefined; category?: string | null | undefined; isFavorite?: boolean | undefined; featuredImage?: string | ... 1 more ... | undefined; parentId?: string | ... 1 more ... ...'.
          Type 'FieldValues' is missing the following properties from type '{ name: string; emoji: string; color: string; children: { value: string; }[]; description?: string | null | undefined; shortcut?: string | null | undefined; category?: string | null | undefined; isFavorite?: boolean | undefined; featuredImage?: string | ... 1 more ... | undefined; parentId?: string | ... 1 more ... ...': name, emoji, color, children

[7m176[0m        control={form.control}
[7m   [0m [91m       ~~~~~~~[0m

  [96mnode_modules/react-hook-form/dist/types/controller.d.ts[0m:[93m24[0m:[93m5[0m
    [7m24[0m     control?: Control<TFieldValues, any, TTransformedValues>;
    [7m  [0m [96m    ~~~~~~~[0m
    The expected type comes from property 'control' which is declared here on type 'IntrinsicAttributes & { render: ({ field, fieldState, formState, }: { field: ControllerRenderProps<{ name: string; emoji: string; color: string; children: { value: string; }[]; description?: string | null | undefined; shortcut?: string | ... 1 more ... | undefined; ... 4 more ...; viewMode?: string | undefined; }, "...'

[96msrc/components/settings/wildcards/create-wildcard-form.tsx[0m:[93m200[0m:[93m8[0m - [91merror[0m[90m TS2719: [0mType 'import("D:/DEV/image-manager/node_modules/react-hook-form/dist/types/form").Control<{ name: string; emoji: string; color: string; children: { value: string; }[]; description?: string | null | undefined; shortcut?: string | null | undefined; category?: string | null | undefined; isFavorite?: boolean | undefined; feat...' is not assignable to type 'import("D:/DEV/image-manager/node_modules/react-hook-form/dist/types/form").Control<{ name: string; emoji: string; color: string; children: { value: string; }[]; description?: string | null | undefined; shortcut?: string | null | undefined; category?: string | null | undefined; isFavorite?: boolean | undefined; feat...'. Two different types with this name exist, but they are unrelated.
  The types of '_options.resolver' are incompatible between these types.
    Type 'import("D:/DEV/image-manager/node_modules/react-hook-form/dist/types/resolvers").Resolver<{ name: string; emoji: string; color: string; children: { value: string; }[]; description?: string | null | undefined; shortcut?: string | null | undefined; category?: string | null | undefined; isFavorite?: boolean | undefined...' is not assignable to type 'import("D:/DEV/image-manager/node_modules/react-hook-form/dist/types/resolvers").Resolver<{ name: string; emoji: string; color: string; children: { value: string; }[]; description?: string | null | undefined; shortcut?: string | null | undefined; category?: string | null | undefined; isFavorite?: boolean | undefined...'. Two different types with this name exist, but they are unrelated.
      Type 'import("D:/DEV/image-manager/node_modules/react-hook-form/dist/types/resolvers").Resolver<{ name: string; emoji: string; color: string; children: { value: string; }[]; description?: string | null | undefined; shortcut?: string | null | undefined; category?: string | null | undefined; isFavorite?: boolean | undefined...' is not assignable to type 'import("D:/DEV/image-manager/node_modules/react-hook-form/dist/types/resolvers").Resolver<{ name: string; emoji: string; color: string; children: { value: string; }[]; description?: string | null | undefined; shortcut?: string | null | undefined; category?: string | null | undefined; isFavorite?: boolean | undefined...'. Two different types with this name exist, but they are unrelated.
        Type 'TFieldValues' is not assignable to type '{ name: string; emoji: string; color: string; children: { value: string; }[]; description?: string | null | undefined; shortcut?: string | null | undefined; category?: string | null | undefined; isFavorite?: boolean | undefined; featuredImage?: string | ... 1 more ... | undefined; parentId?: string | ... 1 more ... ...'.
          Type 'FieldValues' is missing the following properties from type '{ name: string; emoji: string; color: string; children: { value: string; }[]; description?: string | null | undefined; shortcut?: string | null | undefined; category?: string | null | undefined; isFavorite?: boolean | undefined; featuredImage?: string | ... 1 more ... | undefined; parentId?: string | ... 1 more ... ...': name, emoji, color, children

[7m200[0m        control={form.control}
[7m   [0m [91m       ~~~~~~~[0m

  [96mnode_modules/react-hook-form/dist/types/controller.d.ts[0m:[93m24[0m:[93m5[0m
    [7m24[0m     control?: Control<TFieldValues, any, TTransformedValues>;
    [7m  [0m [96m    ~~~~~~~[0m
    The expected type comes from property 'control' which is declared here on type 'IntrinsicAttributes & { render: ({ field, fieldState, formState, }: { field: ControllerRenderProps<{ name: string; emoji: string; color: string; children: { value: string; }[]; description?: string | null | undefined; shortcut?: string | ... 1 more ... | undefined; ... 4 more ...; viewMode?: string | undefined; }, "...'

[96msrc/components/settings/wildcards/create-wildcard-form.tsx[0m:[93m235[0m:[93m11[0m - [91merror[0m[90m TS2719: [0mType 'import("D:/DEV/image-manager/node_modules/react-hook-form/dist/types/form").Control<{ name: string; emoji: string; color: string; children: { value: string; }[]; description?: string | null | undefined; shortcut?: string | null | undefined; category?: string | null | undefined; isFavorite?: boolean | undefined; feat...' is not assignable to type 'import("D:/DEV/image-manager/node_modules/react-hook-form/dist/types/form").Control<{ name: string; emoji: string; color: string; children: { value: string; }[]; description?: string | null | undefined; shortcut?: string | null | undefined; category?: string | null | undefined; isFavorite?: boolean | undefined; feat...'. Two different types with this name exist, but they are unrelated.
  The types of '_options.resolver' are incompatible between these types.
    Type 'import("D:/DEV/image-manager/node_modules/react-hook-form/dist/types/resolvers").Resolver<{ name: string; emoji: string; color: string; children: { value: string; }[]; description?: string | null | undefined; shortcut?: string | null | undefined; category?: string | null | undefined; isFavorite?: boolean | undefined...' is not assignable to type 'import("D:/DEV/image-manager/node_modules/react-hook-form/dist/types/resolvers").Resolver<{ name: string; emoji: string; color: string; children: { value: string; }[]; description?: string | null | undefined; shortcut?: string | null | undefined; category?: string | null | undefined; isFavorite?: boolean | undefined...'. Two different types with this name exist, but they are unrelated.
      Type 'import("D:/DEV/image-manager/node_modules/react-hook-form/dist/types/resolvers").Resolver<{ name: string; emoji: string; color: string; children: { value: string; }[]; description?: string | null | undefined; shortcut?: string | null | undefined; category?: string | null | undefined; isFavorite?: boolean | undefined...' is not assignable to type 'import("D:/DEV/image-manager/node_modules/react-hook-form/dist/types/resolvers").Resolver<{ name: string; emoji: string; color: string; children: { value: string; }[]; description?: string | null | undefined; shortcut?: string | null | undefined; category?: string | null | undefined; isFavorite?: boolean | undefined...'. Two different types with this name exist, but they are unrelated.
        Type 'TFieldValues' is not assignable to type '{ name: string; emoji: string; color: string; children: { value: string; }[]; description?: string | null | undefined; shortcut?: string | null | undefined; category?: string | null | undefined; isFavorite?: boolean | undefined; featuredImage?: string | ... 1 more ... | undefined; parentId?: string | ... 1 more ... ...'.
          Type 'FieldValues' is missing the following properties from type '{ name: string; emoji: string; color: string; children: { value: string; }[]; description?: string | null | undefined; shortcut?: string | null | undefined; category?: string | null | undefined; isFavorite?: boolean | undefined; featuredImage?: string | ... 1 more ... | undefined; parentId?: string | ... 1 more ... ...': name, emoji, color, children

[7m235[0m           control={form.control}
[7m   [0m [91m          ~~~~~~~[0m

  [96mnode_modules/react-hook-form/dist/types/controller.d.ts[0m:[93m24[0m:[93m5[0m
    [7m24[0m     control?: Control<TFieldValues, any, TTransformedValues>;
    [7m  [0m [96m    ~~~~~~~[0m
    The expected type comes from property 'control' which is declared here on type 'IntrinsicAttributes & { render: ({ field, fieldState, formState, }: { field: ControllerRenderProps<{ name: string; emoji: string; color: string; children: { value: string; }[]; description?: string | null | undefined; shortcut?: string | ... 1 more ... | undefined; ... 4 more ...; viewMode?: string | undefined; }, `...'

[96msrc/components/settings/wildcards/create-wildcard-form.tsx[0m:[93m258[0m:[93m8[0m - [91merror[0m[90m TS2719: [0mType 'import("D:/DEV/image-manager/node_modules/react-hook-form/dist/types/form").Control<{ name: string; emoji: string; color: string; children: { value: string; }[]; description?: string | null | undefined; shortcut?: string | null | undefined; category?: string | null | undefined; isFavorite?: boolean | undefined; feat...' is not assignable to type 'import("D:/DEV/image-manager/node_modules/react-hook-form/dist/types/form").Control<{ name: string; emoji: string; color: string; children: { value: string; }[]; description?: string | null | undefined; shortcut?: string | null | undefined; category?: string | null | undefined; isFavorite?: boolean | undefined; feat...'. Two different types with this name exist, but they are unrelated.
  The types of '_options.resolver' are incompatible between these types.
    Type 'import("D:/DEV/image-manager/node_modules/react-hook-form/dist/types/resolvers").Resolver<{ name: string; emoji: string; color: string; children: { value: string; }[]; description?: string | null | undefined; shortcut?: string | null | undefined; category?: string | null | undefined; isFavorite?: boolean | undefined...' is not assignable to type 'import("D:/DEV/image-manager/node_modules/react-hook-form/dist/types/resolvers").Resolver<{ name: string; emoji: string; color: string; children: { value: string; }[]; description?: string | null | undefined; shortcut?: string | null | undefined; category?: string | null | undefined; isFavorite?: boolean | undefined...'. Two different types with this name exist, but they are unrelated.
      Type 'import("D:/DEV/image-manager/node_modules/react-hook-form/dist/types/resolvers").Resolver<{ name: string; emoji: string; color: string; children: { value: string; }[]; description?: string | null | undefined; shortcut?: string | null | undefined; category?: string | null | undefined; isFavorite?: boolean | undefined...' is not assignable to type 'import("D:/DEV/image-manager/node_modules/react-hook-form/dist/types/resolvers").Resolver<{ name: string; emoji: string; color: string; children: { value: string; }[]; description?: string | null | undefined; shortcut?: string | null | undefined; category?: string | null | undefined; isFavorite?: boolean | undefined...'. Two different types with this name exist, but they are unrelated.
        Type 'TFieldValues' is not assignable to type '{ name: string; emoji: string; color: string; children: { value: string; }[]; description?: string | null | undefined; shortcut?: string | null | undefined; category?: string | null | undefined; isFavorite?: boolean | undefined; featuredImage?: string | ... 1 more ... | undefined; parentId?: string | ... 1 more ... ...'.
          Type 'FieldValues' is missing the following properties from type '{ name: string; emoji: string; color: string; children: { value: string; }[]; description?: string | null | undefined; shortcut?: string | null | undefined; category?: string | null | undefined; isFavorite?: boolean | undefined; featuredImage?: string | ... 1 more ... | undefined; parentId?: string | ... 1 more ... ...': name, emoji, color, children

[7m258[0m        control={form.control}
[7m   [0m [91m       ~~~~~~~[0m

  [96mnode_modules/react-hook-form/dist/types/controller.d.ts[0m:[93m24[0m:[93m5[0m
    [7m24[0m     control?: Control<TFieldValues, any, TTransformedValues>;
    [7m  [0m [96m    ~~~~~~~[0m
    The expected type comes from property 'control' which is declared here on type 'IntrinsicAttributes & { render: ({ field, fieldState, formState, }: { field: ControllerRenderProps<{ name: string; emoji: string; color: string; children: { value: string; }[]; description?: string | null | undefined; shortcut?: string | ... 1 more ... | undefined; ... 4 more ...; viewMode?: string | undefined; }, "...'

[96msrc/components/settings/wildcards/create-wildcard-form.tsx[0m:[93m270[0m:[93m8[0m - [91merror[0m[90m TS2719: [0mType 'import("D:/DEV/image-manager/node_modules/react-hook-form/dist/types/form").Control<{ name: string; emoji: string; color: string; children: { value: string; }[]; description?: string | null | undefined; shortcut?: string | null | undefined; category?: string | null | undefined; isFavorite?: boolean | undefined; feat...' is not assignable to type 'import("D:/DEV/image-manager/node_modules/react-hook-form/dist/types/form").Control<{ name: string; emoji: string; color: string; children: { value: string; }[]; description?: string | null | undefined; shortcut?: string | null | undefined; category?: string | null | undefined; isFavorite?: boolean | undefined; feat...'. Two different types with this name exist, but they are unrelated.
  The types of '_options.resolver' are incompatible between these types.
    Type 'import("D:/DEV/image-manager/node_modules/react-hook-form/dist/types/resolvers").Resolver<{ name: string; emoji: string; color: string; children: { value: string; }[]; description?: string | null | undefined; shortcut?: string | null | undefined; category?: string | null | undefined; isFavorite?: boolean | undefined...' is not assignable to type 'import("D:/DEV/image-manager/node_modules/react-hook-form/dist/types/resolvers").Resolver<{ name: string; emoji: string; color: string; children: { value: string; }[]; description?: string | null | undefined; shortcut?: string | null | undefined; category?: string | null | undefined; isFavorite?: boolean | undefined...'. Two different types with this name exist, but they are unrelated.
      Type 'import("D:/DEV/image-manager/node_modules/react-hook-form/dist/types/resolvers").Resolver<{ name: string; emoji: string; color: string; children: { value: string; }[]; description?: string | null | undefined; shortcut?: string | null | undefined; category?: string | null | undefined; isFavorite?: boolean | undefined...' is not assignable to type 'import("D:/DEV/image-manager/node_modules/react-hook-form/dist/types/resolvers").Resolver<{ name: string; emoji: string; color: string; children: { value: string; }[]; description?: string | null | undefined; shortcut?: string | null | undefined; category?: string | null | undefined; isFavorite?: boolean | undefined...'. Two different types with this name exist, but they are unrelated.
        Type 'TFieldValues' is not assignable to type '{ name: string; emoji: string; color: string; children: { value: string; }[]; description?: string | null | undefined; shortcut?: string | null | undefined; category?: string | null | undefined; isFavorite?: boolean | undefined; featuredImage?: string | ... 1 more ... | undefined; parentId?: string | ... 1 more ... ...'.
          Type 'FieldValues' is missing the following properties from type '{ name: string; emoji: string; color: string; children: { value: string; }[]; description?: string | null | undefined; shortcut?: string | null | undefined; category?: string | null | undefined; isFavorite?: boolean | undefined; featuredImage?: string | ... 1 more ... | undefined; parentId?: string | ... 1 more ... ...': name, emoji, color, children

[7m270[0m        control={form.control}
[7m   [0m [91m       ~~~~~~~[0m

  [96mnode_modules/react-hook-form/dist/types/controller.d.ts[0m:[93m24[0m:[93m5[0m
    [7m24[0m     control?: Control<TFieldValues, any, TTransformedValues>;
    [7m  [0m [96m    ~~~~~~~[0m
    The expected type comes from property 'control' which is declared here on type 'IntrinsicAttributes & { render: ({ field, fieldState, formState, }: { field: ControllerRenderProps<{ name: string; emoji: string; color: string; children: { value: string; }[]; description?: string | null | undefined; shortcut?: string | ... 1 more ... | undefined; ... 4 more ...; viewMode?: string | undefined; }, "...'

[96msrc/components/settings/wildcards/wildcards-settings.tsx[0m:[93m190[0m:[93m64[0m - [91merror[0m[90m TS2345: [0mArgument of type 'string | null' is not assignable to parameter of type 'string'.
  Type 'null' is not assignable to type 'string'.

[7m190[0m     const children = w.children !== 'empty_array' ? JSON.parse(w.children).length : 0;
[7m   [0m [91m                                                               ~~~~~~~~~~[0m

[96msrc/components/settings/wildcards/wildcards-settings.tsx[0m:[93m273[0m:[93m42[0m - [91merror[0m[90m TS2339: [0mProperty 'childWildcards' does not exist on type '{ tags: number; images: number; characters: number; places: number; notes: number; }'.

[7m273[0m    const hasChildren = (wildcard._count?.childWildcards || 0) > 0;
[7m   [0m [91m                                         ~~~~~~~~~~~~~~[0m

[96msrc/components/settings/wildcards/wildcards-settings.tsx[0m:[93m300[0m:[93m65[0m - [91merror[0m[90m TS2339: [0mProperty 'childWildcards' does not exist on type '{ tags: number; images: number; characters: number; places: number; notes: number; }'.

[7m300[0m          <span className="text-xs opacity-50">{wildcard._count?.childWildcards} subcomodines</span>
[7m   [0m [91m                                                                ~~~~~~~~~~~~~~[0m

[96msrc/components/settings/world-items/create-world-item-form.tsx[0m:[93m109[0m:[93m16[0m - [91merror[0m[90m TS2345: [0mArgument of type 'WorldItemWithStats' is not assignable to parameter of type 'WorldItemComplete'.
  Type 'WorldItemWithStats' is missing the following properties from type 'WorldItemComplete': totalImages, totalVideos

[7m109[0m      onUpdated(updatedItem);
[7m   [0m [91m               ~~~~~~~~~~~[0m

[96msrc/components/settings/world-items/create-world-item-form.tsx[0m:[93m115[0m:[93m16[0m - [91merror[0m[90m TS2345: [0mArgument of type '{ name: string; type?: string | undefined; emoji?: string | undefined; color?: string | undefined; description?: string | undefined; category?: string | undefined; isFavorite?: boolean | undefined; rarity?: string | undefined; origin?: string | undefined; }' is not assignable to parameter of type 'WorldItemCreateInput'.
  Type '{ name: string; type?: string | undefined; emoji?: string | undefined; color?: string | undefined; description?: string | undefined; category?: string | undefined; isFavorite?: boolean | undefined; rarity?: string | undefined; origin?: string | undefined; }' is missing the following properties from type 'Omit<WorldItemBase, "id" | "createdAt" | "updatedAt">': value, parentId, shortcut, featuredImage, and 12 more.

[7m115[0m      onCreated(data);
[7m   [0m [91m               ~~~~[0m

[96msrc/components/settings/world-items/create-world-item-form.tsx[0m:[93m246[0m:[93m19[0m - [91merror[0m[90m TS2345: [0mArgument of type 'WorldItemWithStats' is not assignable to parameter of type 'WorldItemComplete'.
  Type 'WorldItemWithStats' is missing the following properties from type 'WorldItemComplete': totalImages, totalVideos

[7m246[0m       onUpdated?.(updated);
[7m   [0m [91m                  ~~~~~~~[0m

[96msrc/components/ui/card-3d.tsx[0m:[93m68[0m:[93m44[0m - [91merror[0m[90m TS2363: [0mThe right-hand side of an arithmetic operation must be of type 'any', 'number', 'bigint' or an enum type.

[7m68[0m    const rY = ((mouseX / width) * 2 - 1) * maxRotation;
[7m  [0m [91m                                           ~~~~~~~~~~~[0m

[96msrc/components/ui/card-3d.tsx[0m:[93m113[0m:[93m4[0m - [91merror[0m[90m TS2322: [0mType '{ rotateX: number | MotionValue<number>; rotateY: number | MotionValue<number>; }' is not assignable to type 'boolean | VariantLabels | TargetAndTransition | LegacyAnimationControls | undefined'.
  Types of property 'rotateX' are incompatible.
    Type 'number | MotionValue<number>' is not assignable to type 'ValueKeyframesDefinition | undefined'.
      Type 'MotionValue<number>' is not assignable to type 'ValueKeyframesDefinition | undefined'.

[7m113[0m    animate={{
[7m   [0m [91m   ~~~~~~~[0m

  [96mnode_modules/motion-dom/dist/index.d.ts[0m:[93m1737[0m:[93m5[0m
    [7m1737[0m     animate?: TargetAndTransition | VariantLabels | boolean | LegacyAnimationControls;
    [7m    [0m [96m    ~~~~~~~[0m
    The expected type comes from property 'animate' which is declared here on type 'IntrinsicAttributes & Omit<HTMLMotionProps<"div">, "ref"> & RefAttributes<HTMLDivElement>'

[96msrc/components/ui/chart.tsx[0m:[93m98[0m:[93m2[0m - [91merror[0m[90m TS2339: [0mProperty 'payload' does not exist on type 'Omit<Props<ValueType, NameType>, PropertiesReadFromContext> & { active?: boolean | undefined; includeHidden?: boolean | undefined; ... 17 more ...; axisId?: AxisId | undefined; } & ClassAttributes<...> & HTMLAttributes<...> & { ...; }'.

[7m98[0m  payload,
[7m  [0m [91m ~~~~~~~[0m

[96msrc/components/ui/chart.tsx[0m:[93m103[0m:[93m2[0m - [91merror[0m[90m TS2339: [0mProperty 'label' does not exist on type 'Omit<Props<ValueType, NameType>, PropertiesReadFromContext> & { active?: boolean | undefined; includeHidden?: boolean | undefined; ... 17 more ...; axisId?: AxisId | undefined; } & ClassAttributes<...> & HTMLAttributes<...> & { ...; }'.

[7m103[0m  label,
[7m   [0m [91m ~~~~~[0m

[96msrc/components/ui/chart.tsx[0m:[93m226[0m:[93m38[0m - [91merror[0m[90m TS2344: [0mType '"verticalAlign" | "payload"' does not satisfy the constraint '"string" | "filter" | "fill" | "values" | "path" | "type" | "id" | "name" | "color" | "children" | "content" | "onError" | "onBlur" | "onChange" | "onSubmit" | "mode" | "min" | "max" | ... 428 more ... | "portal"'.
  Type '"payload"' is not assignable to type '"string" | "filter" | "fill" | "values" | "path" | "type" | "id" | "name" | "color" | "children" | "content" | "onError" | "onBlur" | "onChange" | "onSubmit" | "mode" | "min" | "max" | ... 428 more ... | "portal"'.

[7m226[0m  Pick<RechartsPrimitive.LegendProps, 'payload' | 'verticalAlign'> & {
[7m   [0m [91m                                     ~~~~~~~~~~~~~~~~~~~~~~~~~~~[0m

[96msrc/components/ui/chart.tsx[0m:[93m232[0m:[93m16[0m - [91merror[0m[90m TS2339: [0mProperty 'length' does not exist on type '{}'.

[7m232[0m  if (!payload?.length) {
[7m   [0m [91m               ~~~~~~[0m

[96msrc/components/ui/chart.tsx[0m:[93m238[0m:[93m14[0m - [91merror[0m[90m TS2339: [0mProperty 'map' does not exist on type '{}'.

[7m238[0m     {payload.map((item: any) => {
[7m   [0m [91m             ~~~[0m

[96msrc/components/ui/entity-list.tsx[0m:[93m26[0m:[93m27[0m - [91merror[0m[90m TS2724: [0m'"@/components/cards/entity-card"' has no exported member named 'EntityCardProps'. Did you mean 'EntityCard'?

[7m26[0m import { EntityCard, type EntityCardProps } from '@/components/cards/entity-card';
[7m  [0m [91m                          ~~~~~~~~~~~~~~~[0m

  [96msrc/components/cards/entity-card.tsx[0m:[93m68[0m:[93m14[0m
    [7m68[0m export const EntityCard: FC<EntityCardProps> = memo(
    [7m  [0m [96m             ~~~~~~~~~~[0m
    'EntityCard' is declared here.

[96msrc/components/ui/entity-list.tsx[0m:[93m27[0m:[93m36[0m - [91merror[0m[90m TS2307: [0mCannot find module '@/components/cards/base-card-props' or its corresponding type declarations.

[7m27[0m import type { BaseCardProps } from '@/components/cards/base-card-props';
[7m  [0m [91m                                   ~~~~~~~~~~~~~~~~~~~~~~~~~~~~~~~~~~~~[0m

[96msrc/components/ui/log-viewer.tsx[0m:[93m169[0m:[93m10[0m - [91merror[0m[90m TS2322: [0mType 'unknown' is not assignable to type 'ReactNode'.

[7m169[0m          {log.data && (
[7m   [0m [91m         ~~~~~~~~~~~~~~[0m
[7m170[0m         <pre className="mt-1 text-xs overflow-x-auto">
[7m   [0m [91m~~~~~~~~~~~~~~~~~~~~~~~~~~~~~~~~~~~~~~~~~~~~~~~~~~~~~~[0m
[7m...[0m 
[7m172[0m         </pre>
[7m   [0m [91m~~~~~~~~~~~~~~[0m
[7m173[0m        )}
[7m   [0m [91m~~~~~~~~~[0m

[96msrc/components/ui/toast.tsx[0m:[93m69[0m:[93m18[0m - [91merror[0m[90m TS2339: [0mProperty 'className' does not exist on type 'ToastProps'.

[7m69[0m function Toast({ className, variant, title, description, action, ...props }: ToastProps) {
[7m  [0m [91m                 ~~~~~~~~~[0m

[96msrc/components/ui/use-toast.ts[0m:[93m153[0m:[93m4[0m - [91merror[0m[90m TS2353: [0mObject literal may only specify known properties, and 'open' does not exist in type 'ToasterToast'.

[7m153[0m    open: true,
[7m   [0m [91m   ~~~~[0m

[96msrc/components/views/albums/albums-content-view.tsx[0m:[93m57[0m:[93m4[0m - [91merror[0m[90m TS2322: [0mType 'AlbumWithStats' is not assignable to type 'AlbumWithStats & { recentImages?: string[] | undefined; recentVideos?: string[] | undefined; totalSize?: number | undefined; metadata?: { itemCount?: number | undefined; ... 4 more ...; lastModified?: string | ... 1 more ... | undefined; } | undefined; viewConfig?: { ...; } | undefined; }'.
  Type 'AlbumWithStats' is not assignable to type '{ recentImages?: string[] | undefined; recentVideos?: string[] | undefined; totalSize?: number | undefined; metadata?: { itemCount?: number | undefined; imageCount?: number | undefined; videoCount?: number | undefined; coverImageUrl?: string | undefined; thumbnailUrls?: string[] | undefined; lastModified?: string | ...'.
    Types of property 'metadata' are incompatible.
      Type 'Record<string, any> | null' is not assignable to type '{ itemCount?: number | undefined; imageCount?: number | undefined; videoCount?: number | undefined; coverImageUrl?: string | undefined; thumbnailUrls?: string[] | undefined; lastModified?: string | ... 1 more ... | undefined; } | undefined'.
        Type 'null' is not assignable to type '{ itemCount?: number | undefined; imageCount?: number | undefined; videoCount?: number | undefined; coverImageUrl?: string | undefined; thumbnailUrls?: string[] | undefined; lastModified?: string | ... 1 more ... | undefined; } | undefined'.

[7m57[0m    album={album}
[7m  [0m [91m   ~~~~~[0m

  [96msrc/components/cards/album-card/album-card.tsx[0m:[93m11[0m:[93m2[0m
    [7m11[0m  album: AlbumWithStats & {
    [7m  [0m [96m ~~~~~[0m
    The expected type comes from property 'album' which is declared here on type 'IntrinsicAttributes & AlbumCardProps'

[96msrc/components/views/all-images/all-images-content-view.tsx[0m:[93m243[0m:[93m6[0m - [91merror[0m[90m TS2322: [0mType '(item: EntityWithStats<EntityStats>) => void' is not assignable to type '(item: AnyEntityWithStats) => void'.
  Types of parameters 'item' and 'item' are incompatible.
    Type 'AnyEntityWithStats' is not assignable to type 'EntityWithStats<EntityStats>'.
      Type 'PlaceWithStats' is not assignable to type 'EntityWithStats<EntityStats>'.
        Types of property 'stats' are incompatible.
          Type 'PlaceStatistics' has no properties in common with type 'EntityStats'.

[7m243[0m      onItemSelect={handleImageClick}
[7m   [0m [91m     ~~~~~~~~~~~~[0m

  [96msrc/components/features/file-browser/file-browser.tsx[0m:[93m42[0m:[93m2[0m
    [7m42[0m  onItemSelect?: (item: AnyEntityWithStats) => void;
    [7m  [0m [96m ~~~~~~~~~~~~[0m
    The expected type comes from property 'onItemSelect' which is declared here on type 'IntrinsicAttributes & FileBrowserProps'

[96msrc/components/views/all-images/all-images-content-view.tsx[0m:[93m244[0m:[93m6[0m - [91merror[0m[90m TS2322: [0mType '(item: EntityWithStats<EntityStats>) => void' is not assignable to type '(item: AnyEntityWithStats) => void'.
  Types of parameters 'item' and 'item' are incompatible.
    Type 'AnyEntityWithStats' is not assignable to type 'EntityWithStats<EntityStats>'.
      Type 'PlaceWithStats' is not assignable to type 'EntityWithStats<EntityStats>'.
        Types of property 'stats' are incompatible.
          Type 'PlaceStatistics' has no properties in common with type 'EntityStats'.

[7m244[0m      onItemDoubleClick={handleImageDoubleClick}
[7m   [0m [91m     ~~~~~~~~~~~~~~~~~[0m

  [96msrc/components/features/file-browser/file-browser.tsx[0m:[93m46[0m:[93m2[0m
    [7m46[0m  onItemDoubleClick?: (item: AnyEntityWithStats) => void;
    [7m  [0m [96m ~~~~~~~~~~~~~~~~~[0m
    The expected type comes from property 'onItemDoubleClick' which is declared here on type 'IntrinsicAttributes & FileBrowserProps'

[96msrc/components/views/all-images/all-images-view.tsx[0m:[93m107[0m:[93m28[0m - [91merror[0m[90m TS2339: [0mProperty 'mimeType' does not exist on type 'ImageWithStats'.

[7m107[0m        mimeType: imageData.mimeType || '',
[7m   [0m [91m                           ~~~~~~~~[0m

[96msrc/components/views/all-images/all-images-view.tsx[0m:[93m115[0m:[93m16[0m - [91merror[0m[90m TS2345: [0mArgument of type '{ id: string; name: string; src: string; alt: string; width: number; height: number; thumbnail: string; type: string; path: string; size: number; mimeType: any; metadata: null; url: string; parsedMetadata: undefined; }[]' is not assignable to parameter of type 'EntityWithStats<EntityStats>[]'.
  Type '{ id: string; name: string; src: string; alt: string; width: number; height: number; thumbnail: string; type: string; path: string; size: number; mimeType: any; metadata: null; url: string; parsedMetadata: undefined; }' is missing the following properties from type 'EntityWithStats<EntityStats>': entityType, stats, description, createdAt, updatedAt

[7m115[0m     openViewer(imageItems, currentIndex);
[7m   [0m [91m               ~~~~~~~~~~[0m

[96msrc/components/views/all-images/all-images-view.tsx[0m:[93m141[0m:[93m4[0m - [91merror[0m[90m TS2322: [0mType 'AutoIndexingStatus' is not assignable to type '{ indexedFolders: number; totalFolders: number; currentFolder: string | null; errors: { folderId: string; message: string; }[]; }'.
  Types of property 'currentFolder' are incompatible.
    Type 'string | undefined' is not assignable to type 'string | null'.
      Type 'undefined' is not assignable to type 'string | null'.

[7m141[0m    indexingStatus={status}
[7m   [0m [91m   ~~~~~~~~~~~~~~[0m

  [96msrc/components/views/all-images/all-images-content-view.tsx[0m:[93m25[0m:[93m2[0m
    [7m25[0m  indexingStatus: {
    [7m  [0m [96m ~~~~~~~~~~~~~~[0m
    The expected type comes from property 'indexingStatus' which is declared here on type 'IntrinsicAttributes & AllImagesContentViewProps'

[96msrc/components/views/audio/audio-view.tsx[0m:[93m20[0m:[93m17[0m - [91merror[0m[90m TS2339: [0mProperty 'audios' does not exist on type 'object'.

[7m20[0m   audios: state.audios,
[7m  [0m [91m                ~~~~~~[0m

[96msrc/components/views/audio/audio-view.tsx[0m:[93m21[0m:[93m20[0m - [91merror[0m[90m TS2339: [0mProperty 'loading' does not exist on type 'object'.

[7m21[0m   isLoading: state.loading,
[7m  [0m [91m                   ~~~~~~~[0m

[96msrc/components/views/audio/audio-view.tsx[0m:[93m22[0m:[93m16[0m - [91merror[0m[90m TS2339: [0mProperty 'error' does not exist on type 'object'.

[7m22[0m   error: state.error,
[7m  [0m [91m               ~~~~~[0m

[96msrc/components/views/audio/audio-view.tsx[0m:[93m23[0m:[93m22[0m - [91merror[0m[90m TS2339: [0mProperty 'fetchAudios' does not exist on type 'object'.

[7m23[0m   fetchAudios: state.fetchAudios,
[7m  [0m [91m                     ~~~~~~~~~~~[0m

[96msrc/components/views/audio/audio-view.tsx[0m:[93m24[0m:[93m22[0m - [91merror[0m[90m TS2339: [0mProperty 'createAudio' does not exist on type 'object'.

[7m24[0m   createAudio: state.createAudio,
[7m  [0m [91m                     ~~~~~~~~~~~[0m

[96msrc/components/views/audio/audio-view.tsx[0m:[93m25[0m:[93m22[0m - [91merror[0m[90m TS2339: [0mProperty 'updateAudio' does not exist on type 'object'.

[7m25[0m   updateAudio: state.updateAudio,
[7m  [0m [91m                     ~~~~~~~~~~~[0m

[96msrc/components/views/audio/audio-view.tsx[0m:[93m26[0m:[93m22[0m - [91merror[0m[90m TS2339: [0mProperty 'deleteAudio' does not exist on type 'object'.

[7m26[0m   deleteAudio: state.deleteAudio,
[7m  [0m [91m                     ~~~~~~~~~~~[0m

[96msrc/components/views/characters/character-content-view.tsx[0m:[93m108[0m:[93m5[0m - [91merror[0m[90m TS2741: [0mProperty 'children' is missing in type '{}' but required in type 'BaseContentViewProps'.

[7m108[0m    <BaseContentView>
[7m   [0m [91m    ~~~~~~~~~~~~~~~[0m

  [96msrc/components/views/base/base-content-view.tsx[0m:[93m12[0m:[93m2[0m
    [7m12[0m  children: React.ReactNode;
    [7m  [0m [96m ~~~~~~~~[0m
    'children' is declared here.

[96msrc/components/views/characters/characters-view.tsx[0m:[93m13[0m:[93m34[0m - [91merror[0m[90m TS2339: [0mProperty 'isVisible' does not exist on type 'ViewProps'.

[7m13[0m export function CharactersView({ isVisible }: ViewProps) {
[7m  [0m [91m                                 ~~~~~~~~~[0m

[96msrc/components/views/concepts/concepts-view.tsx[0m:[93m60[0m:[93m24[0m - [91merror[0m[90m TS2345: [0mArgument of type '{ name: string; description: string | null; emoji: string; color: string; category: string; isFavorite: false; totalImages: number; totalVideos: number; }' is not assignable to parameter of type 'Omit<ConceptBase, "id">'.
  Type '{ name: string; description: string | null; emoji: string; color: string; category: string; isFavorite: false; totalImages: number; totalVideos: number; }' is missing the following properties from type 'Omit<ConceptBase, "id">': type, featuredImage, content, isPublic, and 8 more.

[7m 60[0m    await createConcept({
[7m   [0m [91m                       ~[0m
[7m 61[0m     name: newConceptName,
[7m   [0m [91m~~~~~~~~~~~~~~~~~~~~~~~~~[0m
[7m...[0m 
[7m 68[0m     totalVideos: 0,
[7m   [0m [91m~~~~~~~~~~~~~~~~~~~[0m
[7m 69[0m    });
[7m   [0m [91m~~~~[0m

[96msrc/components/views/dashboard/dashboard-view.tsx[0m:[93m8[0m:[93m31[0m - [91merror[0m[90m TS2322: [0mType 'import("D:/DEV/image-manager/src/lib/api/system").SystemStats | undefined' is not assignable to type 'import("D:/DEV/image-manager/src/types/stats").SystemStats | undefined'.
  Type 'SystemStats' is missing the following properties from type 'SystemStats': images, tags, collections, albums, and 10 more.

[7m8[0m  return <DashboardContentView stats={stats} isLoading={isLoading} isError={isError} error={error} />;
[7m [0m [91m                              ~~~~~[0m

  [96msrc/components/views/dashboard/dashboard-content-view.tsx[0m:[93m6[0m:[93m2[0m
    [7m6[0m  stats: SystemStats | undefined;
    [7m [0m [96m ~~~~~[0m
    The expected type comes from property 'stats' which is declared here on type 'IntrinsicAttributes & DashboardContentViewProps'

[96msrc/components/views/dashboard/dashboard-wrapper.tsx[0m:[93m8[0m:[93m31[0m - [91merror[0m[90m TS2322: [0mType 'import("D:/DEV/image-manager/src/lib/api/system").SystemStats | undefined' is not assignable to type 'import("D:/DEV/image-manager/src/types/stats").SystemStats | undefined'.
  Type 'SystemStats' is missing the following properties from type 'SystemStats': images, tags, collections, albums, and 10 more.

[7m8[0m  return <DashboardContentView stats={stats} isLoading={isLoading} isError={isError} error={error} />;
[7m [0m [91m                              ~~~~~[0m

  [96msrc/components/views/dashboard/dashboard-content-view.tsx[0m:[93m6[0m:[93m2[0m
    [7m6[0m  stats: SystemStats | undefined;
    [7m [0m [96m ~~~~~[0m
    The expected type comes from property 'stats' which is declared here on type 'IntrinsicAttributes & DashboardContentViewProps'

[96msrc/components/views/development/debug-console.tsx[0m:[93m15[0m:[93m10[0m - [91merror[0m[90m TS2339: [0mProperty 'startCapture' does not exist on type '{ messages: ConsoleMessage[]; isCapturing: boolean; startCapturing: () => void; stopCapturing: () => void; clearMessages: () => void; }'.

[7m15[0m  const { startCapture, stopCapture, isCapturing } = useConsoleCapture(addLog);
[7m  [0m [91m         ~~~~~~~~~~~~[0m

[96msrc/components/views/development/debug-console.tsx[0m:[93m15[0m:[93m24[0m - [91merror[0m[90m TS2339: [0mProperty 'stopCapture' does not exist on type '{ messages: ConsoleMessage[]; isCapturing: boolean; startCapturing: () => void; stopCapturing: () => void; clearMessages: () => void; }'.

[7m15[0m  const { startCapture, stopCapture, isCapturing } = useConsoleCapture(addLog);
[7m  [0m [91m                       ~~~~~~~~~~~[0m

[96msrc/components/views/development/debug-console.tsx[0m:[93m15[0m:[93m71[0m - [91merror[0m[90m TS2554: [0mExpected 0 arguments, but got 1.

[7m15[0m  const { startCapture, stopCapture, isCapturing } = useConsoleCapture(addLog);
[7m  [0m [91m                                                                      ~~~~~~[0m

[96msrc/components/views/development/server-stats.tsx[0m:[93m84[0m:[93m21[0m - [91merror[0m[90m TS2554: [0mExpected 0 arguments, but got 1.

[7m84[0m  } = useSystemStats({
[7m  [0m [91m                    ~[0m
[7m85[0m   refetchInterval: 30000, // Actualizar cada 30 segundos
[7m  [0m [91m~~~~~~~~~~~~~~~~~~~~~~~~~~~~~~~~~~~~~~~~~~~~~~~~~~~~~~~~[0m
[7m86[0m   refetchIntervalInBackground: false,
[7m  [0m [91m~~~~~~~~~~~~~~~~~~~~~~~~~~~~~~~~~~~~~[0m
[7m87[0m  });
[7m  [0m [91m~~[0m

[96msrc/components/views/development/server-stats.tsx[0m:[93m90[0m:[93m33[0m - [91merror[0m[90m TS2339: [0mProperty 'system' does not exist on type 'SystemStatsExtended'.

[7m90[0m  const systemStats = statsData?.system as SystemStats | null;
[7m  [0m [91m                                ~~~~~~[0m

[96msrc/components/views/development/server-stats.tsx[0m:[93m91[0m:[93m30[0m - [91merror[0m[90m TS2339: [0mProperty 'app' does not exist on type 'SystemStatsExtended'.

[7m91[0m  const appStats = statsData?.app as AppStats | null;
[7m  [0m [91m                             ~~~[0m

[96msrc/components/views/development/services/system-stats.ts[0m:[93m111[0m:[93m24[0m - [91merror[0m[90m TS2347: [0mUntyped function calls may not accept type arguments.

[7m111[0m   const groupedByDay = files.reduce<Record<string, number>>((acc, file) => {
[7m   [0m [91m                       ~~~~~~~~~~~~~~~~~~~~~~~~~~~~~~~~~~~~~~~~~~~~~~~~~~~~~[0m
[7m112[0m    const date = file.createdAt.toISOString().split('T')[0];
[7m   [0m [91m~~~~~~~~~~~~~~~~~~~~~~~~~~~~~~~~~~~~~~~~~~~~~~~~~~~~~~~~~~~[0m
[7m...[0m 
[7m114[0m    return acc;
[7m   [0m [91m~~~~~~~~~~~~~~[0m
[7m115[0m   }, {});
[7m   [0m [91m~~~~~~~~[0m

[96msrc/components/views/development/services/system-stats.ts[0m:[93m111[0m:[93m62[0m - [91merror[0m[90m TS7006: [0mParameter 'acc' implicitly has an 'any' type.

[7m111[0m   const groupedByDay = files.reduce<Record<string, number>>((acc, file) => {
[7m   [0m [91m                                                             ~~~[0m

[96msrc/components/views/development/services/system-stats.ts[0m:[93m111[0m:[93m67[0m - [91merror[0m[90m TS7006: [0mParameter 'file' implicitly has an 'any' type.

[7m111[0m   const groupedByDay = files.reduce<Record<string, number>>((acc, file) => {
[7m   [0m [91m                                                                  ~~~~[0m

[96msrc/components/views/development/services/system-stats.ts[0m:[93m152[0m:[93m24[0m - [91merror[0m[90m TS2347: [0mUntyped function calls may not accept type arguments.

[7m152[0m   const groupedByDay = tagsData.reduce<Record<string, number>>((acc, tag) => {
[7m   [0m [91m                       ~~~~~~~~~~~~~~~~~~~~~~~~~~~~~~~~~~~~~~~~~~~~~~~~~~~~~~~[0m
[7m153[0m    const date = tag.createdAt.toISOString().split('T')[0];
[7m   [0m [91m~~~~~~~~~~~~~~~~~~~~~~~~~~~~~~~~~~~~~~~~~~~~~~~~~~~~~~~~~~[0m
[7m...[0m 
[7m155[0m    return acc;
[7m   [0m [91m~~~~~~~~~~~~~~[0m
[7m156[0m   }, {});
[7m   [0m [91m~~~~~~~~[0m

[96msrc/components/views/development/services/system-stats.ts[0m:[93m152[0m:[93m65[0m - [91merror[0m[90m TS7006: [0mParameter 'acc' implicitly has an 'any' type.

[7m152[0m   const groupedByDay = tagsData.reduce<Record<string, number>>((acc, tag) => {
[7m   [0m [91m                                                                ~~~[0m

[96msrc/components/views/development/services/system-stats.ts[0m:[93m152[0m:[93m70[0m - [91merror[0m[90m TS7006: [0mParameter 'tag' implicitly has an 'any' type.

[7m152[0m   const groupedByDay = tagsData.reduce<Record<string, number>>((acc, tag) => {
[7m   [0m [91m                                                                     ~~~[0m

[96msrc/components/views/documents/documents-view.tsx[0m:[93m73[0m:[93m24[0m - [91merror[0m[90m TS2345: [0mArgument of type '{ name: string; path: string; }' is not assignable to parameter of type '{ path: string; name: string; isFavorite: boolean; title: string | null; summary: string | null; content: string | null; version: string | null; size: number; mimeType: string; hash: string; ... 13 more ...; encrypted: boolean | null; }'.
  Type '{ name: string; path: string; }' is missing the following properties from type '{ path: string; name: string; isFavorite: boolean; title: string | null; summary: string | null; content: string | null; version: string | null; size: number; mimeType: string; hash: string; ... 13 more ...; encrypted: boolean | null; }': isFavorite, title, summary, content, and 18 more.

[7m73[0m   await createDocument({ name: newDocumentName, path: newDocumentFile.name }); // Asumiendo que 'path' es el nombre del archivo
[7m  [0m [91m                       ~~~~~~~~~~~~~~~~~~~~~~~~~~~~~~~~~~~~~~~~~~~~~~~~~~~~~[0m

[96msrc/components/views/documents/index.tsx[0m:[93m6[0m:[93m10[0m - [91merror[0m[90m TS2304: [0mCannot find name 'DocumentsView'.

[7m6[0m  return <DocumentsView />;
[7m [0m [91m         ~~~~~~~~~~~~~[0m

[96msrc/components/views/documents/index.tsx[0m:[93m9[0m:[93m16[0m - [91merror[0m[90m TS2304: [0mCannot find name 'DocumentsView'.

[7m9[0m export default DocumentsView;
[7m [0m [91m               ~~~~~~~~~~~~~[0m

[96msrc/components/views/entity-cards/entity-cards-content-view.tsx[0m:[93m2[0m:[93m15[0m - [91merror[0m[90m TS2724: [0m'"@/hooks/useNavigationData"' has no exported member named 'NavigationData'. Did you mean 'useNavigationData'?

[7m2[0m import type { NavigationData } from '@/hooks/useNavigationData';
[7m [0m [91m              ~~~~~~~~~~~~~~[0m

  [96msrc/hooks/useNavigationData.ts[0m:[93m4[0m:[93m14[0m
    [7m4[0m export const useNavigationData = () => {
    [7m [0m [96m             ~~~~~~~~~~~~~~~~~[0m
    'useNavigationData' is declared here.

[96msrc/components/views/entity-cards/index.tsx[0m:[93m6[0m:[93m10[0m - [91merror[0m[90m TS2304: [0mCannot find name 'EntityCardsView'.

[7m6[0m  return <EntityCardsView />;
[7m [0m [91m         ~~~~~~~~~~~~~~~[0m

[96msrc/components/views/entity-cards/index.tsx[0m:[93m9[0m:[93m16[0m - [91merror[0m[90m TS2304: [0mCannot find name 'EntityCardsView'.

[7m9[0m export default EntityCardsView;
[7m [0m [91m               ~~~~~~~~~~~~~~~[0m

[96msrc/components/views/favorites/favorites-content-view.tsx[0m:[93m12[0m:[93m15[0m - [91merror[0m[90m TS2305: [0mModule '"@/types/entities/favorite"' has no exported member 'Favorite'.

[7m12[0m import type { Favorite } from '@/types/entities/favorite';
[7m  [0m [91m              ~~~~~~~~[0m

[96msrc/components/views/favorites/favorites-content-view.tsx[0m:[93m59[0m:[93m5[0m - [91merror[0m[90m TS2322: [0mType '{ icon: ForwardRefExoticComponent<Omit<LucideProps, "ref"> & RefAttributes<SVGSVGElement>>; title: string; description: string; action: { ...; }; }' is not assignable to type 'IntrinsicAttributes & EmptyStateProps'.
  Property 'action' does not exist on type 'IntrinsicAttributes & EmptyStateProps'.

[7m59[0m     action={{
[7m  [0m [91m    ~~~~~~[0m

[96msrc/components/views/favorites/favorites-view.tsx[0m:[93m11[0m:[93m33[0m - [91merror[0m[90m TS2339: [0mProperty 'isVisible' does not exist on type 'ViewProps'.

[7m11[0m export function FavoritesView({ isVisible }: ViewProps) {
[7m  [0m [91m                                ~~~~~~~~~[0m

[96msrc/components/views/favorites/favorites-view.tsx[0m:[93m12[0m:[93m10[0m - [91merror[0m[90m TS2339: [0mProperty 'selectedFavoriteId' does not exist on type '{}'.

[7m12[0m  const { selectedFavoriteId, setSelectedFavoriteId } = useFavoriteStore();
[7m  [0m [91m         ~~~~~~~~~~~~~~~~~~[0m

[96msrc/components/views/favorites/favorites-view.tsx[0m:[93m12[0m:[93m30[0m - [91merror[0m[90m TS2339: [0mProperty 'setSelectedFavoriteId' does not exist on type '{}'.

[7m12[0m  const { selectedFavoriteId, setSelectedFavoriteId } = useFavoriteStore();
[7m  [0m [91m                             ~~~~~~~~~~~~~~~~~~~~~[0m

[96msrc/components/views/favorites/favorites-view.tsx[0m:[93m28[0m:[93m3[0m - [91merror[0m[90m TS2322: [0mType '"name" | "createdAt" | "updatedAt"' is not assignable to type '"category" | "createdAt" | "updatedAt" | "entityType" | "addedAt" | "priority" | undefined'.
  Type '"name"' is not assignable to type '"category" | "createdAt" | "updatedAt" | "entityType" | "addedAt" | "priority" | undefined'.

[7m28[0m   sortBy: 'name' as 'name' | 'createdAt' | 'updatedAt',
[7m  [0m [91m  ~~~~~~[0m

[96msrc/components/views/favorites/favorites-view.tsx[0m:[93m51[0m:[93m20[0m - [91merror[0m[90m TS2353: [0mObject literal may only specify known properties, and 'name' does not exist in type 'FavoriteCreateInput'.

[7m51[0m   createFavorite({ name: newFavoriteName, description: newFavoriteDescription });
[7m  [0m [91m                   ~~~~[0m

[96msrc/components/views/favorites/favorites-view.tsx[0m:[93m66[0m:[93m4[0m - [91merror[0m[90m TS2322: [0mType 'never[] | FavoritesResponse' is not assignable to type 'Favorite[]'.
  Type 'FavoritesResponse' is missing the following properties from type 'Favorite[]': length, pop, push, concat, and 35 more.

[7m66[0m    favorites={favorites}
[7m  [0m [91m   ~~~~~~~~~[0m

  [96msrc/components/views/favorites/favorites-content-view.tsx[0m:[93m15[0m:[93m2[0m
    [7m15[0m  favorites: Favorite[];
    [7m  [0m [96m ~~~~~~~~~[0m
    The expected type comes from property 'favorites' which is declared here on type 'IntrinsicAttributes & FavoritesContentViewProps'

[96msrc/components/views/file3d/file3d-view.tsx[0m:[93m19[0m:[93m48[0m - [91merror[0m[90m TS2339: [0mProperty 'file3Ds' does not exist on type 'object'.

[7m19[0m  const file3dsRecord = useFile3DStore((s) => s.file3Ds);
[7m  [0m [91m                                               ~~~~~~~[0m

[96msrc/components/views/file3d/file3d-view.tsx[0m:[93m20[0m:[93m44[0m - [91merror[0m[90m TS2339: [0mProperty 'isLoading' does not exist on type 'object'.

[7m20[0m  const isLoading = useFile3DStore((s) => s.isLoading);
[7m  [0m [91m                                           ~~~~~~~~~[0m

[96msrc/components/views/file3d/file3d-view.tsx[0m:[93m21[0m:[93m40[0m - [91merror[0m[90m TS2339: [0mProperty 'error' does not exist on type 'object'.

[7m21[0m  const error = useFile3DStore((s) => s.error);
[7m  [0m [91m                                       ~~~~~[0m

[96msrc/components/views/file3d/file3d-view.tsx[0m:[93m22[0m:[93m46[0m - [91merror[0m[90m TS2339: [0mProperty 'loadFile3Ds' does not exist on type 'object'.

[7m22[0m  const loadFile3Ds = useFile3DStore((s) => s.loadFile3Ds);
[7m  [0m [91m                                             ~~~~~~~~~~~[0m

[96msrc/components/views/file3d/file3d-view.tsx[0m:[93m23[0m:[93m47[0m - [91merror[0m[90m TS2339: [0mProperty 'createFile3D' does not exist on type 'object'.

[7m23[0m  const createFile3D = useFile3DStore((s) => s.createFile3D); // Obtener la función createFile3D
[7m  [0m [91m                                              ~~~~~~~~~~~~[0m

[96msrc/components/views/file3d/file3d-view.tsx[0m:[93m24[0m:[93m51[0m - [91merror[0m[90m TS2339: [0mProperty 'getSortedFile3Ds' does not exist on type 'object'.

[7m24[0m  const getSortedFile3Ds = useFile3DStore((s) => s.getSortedFile3Ds);
[7m  [0m [91m                                                  ~~~~~~~~~~~~~~~~[0m

[96msrc/components/views/file3d/index.tsx[0m:[93m7[0m:[93m39[0m - [91merror[0m[90m TS2339: [0mProperty 'isVisible' does not exist on type 'ViewProps'.

[7m7[0m export function File3DViewContainer({ isVisible }: ViewProps) {
[7m [0m [91m                                      ~~~~~~~~~[0m

[96msrc/components/views/file3d/index.tsx[0m:[93m10[0m:[93m21[0m - [91merror[0m[90m TS2322: [0mType '{ isVisible: any; }' is not assignable to type 'IntrinsicAttributes & ViewProps'.
  Property 'isVisible' does not exist on type 'IntrinsicAttributes & ViewProps'.

[7m10[0m  return <File3DView isVisible={isVisible} />;
[7m  [0m [91m                    ~~~~~~~~~[0m

[96msrc/components/views/folders/folders-view.tsx[0m:[93m69[0m:[93m51[0m - [91merror[0m[90m TS2322: [0mType 'Error' is not assignable to type 'ReactNode'.

[7m69[0m      <p className="text-sm text-muted-foreground">{error}</p>
[7m  [0m [91m                                                  ~~~~~~~[0m

  [96mnode_modules/@types/react/index.d.ts[0m:[93m2173[0m:[93m9[0m
    [7m2173[0m         children?: ReactNode | undefined;
    [7m    [0m [96m        ~~~~~~~~[0m
    The expected type comes from property 'children' which is declared here on type 'DetailedHTMLProps<HTMLAttributes<HTMLParagraphElement>, HTMLParagraphElement>'

[96msrc/components/views/groups/group-content-view.tsx[0m:[93m21[0m:[93m30[0m - [91merror[0m[90m TS2554: [0mExpected 1 arguments, but got 2.

[7m21[0m  } = useGroup(groupId || '', {
[7m  [0m [91m                             ~[0m
[7m22[0m   enabled: !!groupId,
[7m  [0m [91m~~~~~~~~~~~~~~~~~~~~~[0m
[7m23[0m  });
[7m  [0m [91m~~[0m

[96msrc/components/views/groups/group-content-view.tsx[0m:[93m82[0m:[93m35[0m - [91merror[0m[90m TS2339: [0mProperty '_count' does not exist on type 'GroupWithStats'.

[7m82[0m        Este grupo contiene {group._count?.images ?? 0} entidades en total
[7m  [0m [91m                                  ~~~~~~[0m

[96msrc/components/views/groups/group-content-view.tsx[0m:[93m88[0m:[93m35[0m - [91merror[0m[90m TS2339: [0mProperty '_count' does not exist on type 'GroupWithStats'.

[7m88[0m        Este grupo contiene {group._count?.images ?? 0} imágenes
[7m  [0m [91m                                  ~~~~~~[0m

[96msrc/components/views/groups/group-content-view.tsx[0m:[93m94[0m:[93m35[0m - [91merror[0m[90m TS2339: [0mProperty '_count' does not exist on type 'GroupWithStats'.

[7m94[0m        Este grupo contiene {group._count?.tags ?? 0} tags
[7m  [0m [91m                                  ~~~~~~[0m

[96msrc/components/views/groups/group-content-view.tsx[0m:[93m102[0m:[93m16[0m - [91merror[0m[90m TS2339: [0mProperty '_count' does not exist on type 'GroupWithStats'.

[7m102[0m        {(group._count?.albums ?? 0) > 0 && (
[7m   [0m [91m               ~~~~~~[0m

[96msrc/components/views/groups/group-content-view.tsx[0m:[93m105[0m:[93m50[0m - [91merror[0m[90m TS2339: [0mProperty '_count' does not exist on type 'GroupWithStats'.

[7m105[0m          <p className="text-lg font-bold">{group._count?.albums}</p>
[7m   [0m [91m                                                 ~~~~~~[0m

[96msrc/components/views/groups/group-content-view.tsx[0m:[93m110[0m:[93m16[0m - [91merror[0m[90m TS2339: [0mProperty '_count' does not exist on type 'GroupWithStats'.

[7m110[0m        {(group._count?.collections ?? 0) > 0 && (
[7m   [0m [91m               ~~~~~~[0m

[96msrc/components/views/groups/group-content-view.tsx[0m:[93m113[0m:[93m50[0m - [91merror[0m[90m TS2339: [0mProperty '_count' does not exist on type 'GroupWithStats'.

[7m113[0m          <p className="text-lg font-bold">{group._count?.collections}</p>
[7m   [0m [91m                                                 ~~~~~~[0m

[96msrc/components/views/groups/group-content-view.tsx[0m:[93m118[0m:[93m16[0m - [91merror[0m[90m TS2339: [0mProperty '_count' does not exist on type 'GroupWithStats'.

[7m118[0m        {(group._count?.characters ?? 0) > 0 && (
[7m   [0m [91m               ~~~~~~[0m

[96msrc/components/views/groups/group-content-view.tsx[0m:[93m121[0m:[93m50[0m - [91merror[0m[90m TS2339: [0mProperty '_count' does not exist on type 'GroupWithStats'.

[7m121[0m          <p className="text-lg font-bold">{group._count?.characters}</p>
[7m   [0m [91m                                                 ~~~~~~[0m

[96msrc/components/views/groups/group-content-view.tsx[0m:[93m126[0m:[93m16[0m - [91merror[0m[90m TS2339: [0mProperty '_count' does not exist on type 'GroupWithStats'.

[7m126[0m        {(group._count?.places ?? 0) > 0 && (
[7m   [0m [91m               ~~~~~~[0m

[96msrc/components/views/groups/group-content-view.tsx[0m:[93m129[0m:[93m50[0m - [91merror[0m[90m TS2339: [0mProperty '_count' does not exist on type 'GroupWithStats'.

[7m129[0m          <p className="text-lg font-bold">{group._count?.places}</p>
[7m   [0m [91m                                                 ~~~~~~[0m

[96msrc/components/views/groups/groups-content-view.tsx[0m:[93m40[0m:[93m21[0m - [91merror[0m[90m TS2322: [0mType '{ group: { emoji: string; color: string; entityType: "group"; stats: GroupStatistics; id: string; name: string; description: string | null; category?: string | null | undefined; ... 16 more ...; updatedAt: Date; }; onClick: () => void; className: string; }' is not assignable to type 'IntrinsicAttributes & GroupCardProps'.
  Property 'group' does not exist on type 'IntrinsicAttributes & GroupCardProps'. Did you mean 'groupId'?

[7m40[0m   return <GroupCard group={completeGroup} onClick={onGroupClick} className="h-full" />;
[7m  [0m [91m                    ~~~~~[0m

[96msrc/components/views/json-files/json-files-view.tsx[0m:[93m23[0m:[93m17[0m - [91merror[0m[90m TS2322: [0mType '{ jsonFile: JsonFileWithStats; onClick: () => void; className: string; }' is not assignable to type 'IntrinsicAttributes & JsonFileCardProps'.
  Property 'jsonFile' does not exist on type 'IntrinsicAttributes & JsonFileCardProps'. Did you mean 'jsonFileId'?

[7m23[0m   <JsonFileCard jsonFile={jsonFile} onClick={onJsonFileClick} className="h-full" />
[7m  [0m [91m                ~~~~~~~~[0m

[96msrc/components/views/json-files/json-files-view.tsx[0m:[93m38[0m:[93m52[0m - [91merror[0m[90m TS2339: [0mProperty 'jsonFiles' does not exist on type 'object'.

[7m38[0m  const jsonFilesRecord = useJsonFileStore((s) => s.jsonFiles);
[7m  [0m [91m                                                   ~~~~~~~~~[0m

[96msrc/components/views/json-files/json-files-view.tsx[0m:[93m39[0m:[93m46[0m - [91merror[0m[90m TS2339: [0mProperty 'loading' does not exist on type 'object'.

[7m39[0m  const isLoading = useJsonFileStore((s) => s.loading);
[7m  [0m [91m                                             ~~~~~~~[0m

[96msrc/components/views/json-files/json-files-view.tsx[0m:[93m40[0m:[93m42[0m - [91merror[0m[90m TS2339: [0mProperty 'error' does not exist on type 'object'.

[7m40[0m  const error = useJsonFileStore((s) => s.error);
[7m  [0m [91m                                         ~~~~~[0m

[96msrc/components/views/json-files/json-files-view.tsx[0m:[93m41[0m:[93m51[0m - [91merror[0m[90m TS2339: [0mProperty 'fetchJsonFiles' does not exist on type 'object'.

[7m41[0m  const fetchJsonFiles = useJsonFileStore((s) => s.fetchJsonFiles);
[7m  [0m [91m                                                  ~~~~~~~~~~~~~~[0m

[96msrc/components/views/json-files/json-files-view.tsx[0m:[93m81[0m:[93m18[0m - [91merror[0m[90m TS2345: [0mArgument of type '{ name: string; content: string; }' is not assignable to parameter of type 'JsonFileCreateInput'.
  Type '{ name: string; content: string; }' is missing the following properties from type 'JsonFileCreateInput': path, size, hash, mimeType, and 2 more.

[7m81[0m   createJsonFile({ name: newJsonFileName, content: newJsonFileContent });
[7m  [0m [91m                 ~~~~~~~~~~~~~~~~~~~~~~~~~~~~~~~~~~~~~~~~~~~~~~~~~~~~~~[0m

[96msrc/components/views/json-files/json-files-view.tsx[0m:[93m89[0m:[93m32[0m - [91merror[0m[90m TS7006: [0mParameter 'a' implicitly has an 'any' type.

[7m89[0m   return jsonFilesRecord.sort((a, b) => a.name.localeCompare(b.name));
[7m  [0m [91m                               ~[0m

[96msrc/components/views/json-files/json-files-view.tsx[0m:[93m89[0m:[93m35[0m - [91merror[0m[90m TS7006: [0mParameter 'b' implicitly has an 'any' type.

[7m89[0m   return jsonFilesRecord.sort((a, b) => a.name.localeCompare(b.name));
[7m  [0m [91m                                  ~[0m

[96msrc/components/views/json-files/json-files-view.tsx[0m:[93m146[0m:[93m30[0m - [91merror[0m[90m TS7006: [0mParameter 'jsonFile' implicitly has an 'any' type.

[7m146[0m       {sortedJsonFiles?.map((jsonFile, index) => {
[7m   [0m [91m                             ~~~~~~~~[0m

[96msrc/components/views/json-files/json-files-view.tsx[0m:[93m146[0m:[93m40[0m - [91merror[0m[90m TS7006: [0mParameter 'index' implicitly has an 'any' type.

[7m146[0m       {sortedJsonFiles?.map((jsonFile, index) => {
[7m   [0m [91m                                       ~~~~~[0m

[96msrc/components/views/mixed/index.tsx[0m:[93m7[0m:[93m38[0m - [91merror[0m[90m TS2339: [0mProperty 'isVisible' does not exist on type 'ViewProps'.

[7m7[0m export function MixedViewContainer({ isVisible }: ViewProps) {
[7m [0m [91m                                     ~~~~~~~~~[0m

[96msrc/components/views/mixed/mixed-view.tsx[0m:[93m8[0m:[93m22[0m - [91merror[0m[90m TS2305: [0mModule '"@/components/core/data-display"' has no exported member 'LoadingScreen'.

[7m8[0m import { EmptyState, LoadingScreen } from '@/components/core/data-display';
[7m [0m [91m                     ~~~~~~~~~~~~~[0m

[96msrc/components/views/mixed/mixed-view.tsx[0m:[93m43[0m:[93m73[0m - [91merror[0m[90m TS2339: [0mProperty 'fetchDocuments' does not exist on type 'DocumentStore'.

[7m43[0m  const { documents, isLoading: documentsLoading, error: documentsError, fetchDocuments } = useDocumentStore();
[7m  [0m [91m                                                                        ~~~~~~~~~~~~~~[0m

[96msrc/components/views/mixed/mixed-view.tsx[0m:[93m45[0m:[93m10[0m - [91merror[0m[90m TS2339: [0mProperty 'audios' does not exist on type '{}'.

[7m45[0m  const { audios, isLoading: audiosLoading, error: audiosError, fetchAudios } = useAudioStore();
[7m  [0m [91m         ~~~~~~[0m

[96msrc/components/views/mixed/mixed-view.tsx[0m:[93m45[0m:[93m18[0m - [91merror[0m[90m TS2339: [0mProperty 'isLoading' does not exist on type '{}'.

[7m45[0m  const { audios, isLoading: audiosLoading, error: audiosError, fetchAudios } = useAudioStore();
[7m  [0m [91m                 ~~~~~~~~~[0m

[96msrc/components/views/mixed/mixed-view.tsx[0m:[93m45[0m:[93m44[0m - [91merror[0m[90m TS2339: [0mProperty 'error' does not exist on type '{}'.

[7m45[0m  const { audios, isLoading: audiosLoading, error: audiosError, fetchAudios } = useAudioStore();
[7m  [0m [91m                                           ~~~~~[0m

[96msrc/components/views/mixed/mixed-view.tsx[0m:[93m45[0m:[93m64[0m - [91merror[0m[90m TS2339: [0mProperty 'fetchAudios' does not exist on type '{}'.

[7m45[0m  const { audios, isLoading: audiosLoading, error: audiosError, fetchAudios } = useAudioStore();
[7m  [0m [91m                                                               ~~~~~~~~~~~[0m

[96msrc/components/views/mixed/mixed-view.tsx[0m:[93m47[0m:[93m67[0m - [91merror[0m[90m TS2339: [0mProperty 'fetchFolders' does not exist on type 'CompleteFolderStore'.

[7m47[0m  const { folders, isLoading: foldersLoading, error: foldersError, fetchFolders } = useFolderStore();
[7m  [0m [91m                                                                  ~~~~~~~~~~~~[0m

[96msrc/components/views/mixed/mixed-view.tsx[0m:[93m69[0m:[93m19[0m - [91merror[0m[90m TS7006: [0mParameter 'image' implicitly has an 'any' type.

[7m69[0m   images.forEach((image) => {
[7m  [0m [91m                  ~~~~~[0m

[96msrc/components/views/mixed/mixed-view.tsx[0m:[93m74[0m:[93m10[0m - [91merror[0m[90m TS2349: [0mThis expression is not callable.
  Type 'VideoWithStats' has no call signatures.

[7m74[0m   videos.forEach((video) => {
[7m  [0m [91m         ~~~~~~~[0m

[96msrc/components/views/mixed/mixed-view.tsx[0m:[93m74[0m:[93m19[0m - [91merror[0m[90m TS7006: [0mParameter 'video' implicitly has an 'any' type.

[7m74[0m   videos.forEach((video) => {
[7m  [0m [91m                  ~~~~~[0m

[96msrc/components/views/mixed/mixed-view.tsx[0m:[93m79[0m:[93m13[0m - [91merror[0m[90m TS2349: [0mThis expression is not callable.
  Type 'DocumentWithStats' has no call signatures.

[7m79[0m   documents.forEach((document) => {
[7m  [0m [91m            ~~~~~~~[0m

[96msrc/components/views/mixed/mixed-view.tsx[0m:[93m79[0m:[93m22[0m - [91merror[0m[90m TS7006: [0mParameter 'document' implicitly has an 'any' type.

[7m79[0m   documents.forEach((document) => {
[7m  [0m [91m                     ~~~~~~~~[0m

[96msrc/components/views/mixed/mixed-view.tsx[0m:[93m84[0m:[93m19[0m - [91merror[0m[90m TS7006: [0mParameter 'audio' implicitly has an 'any' type.

[7m84[0m   audios.forEach((audio) => {
[7m  [0m [91m                  ~~~~~[0m

[96msrc/components/views/mixed/mixed-view.tsx[0m:[93m89[0m:[93m11[0m - [91merror[0m[90m TS2349: [0mThis expression is not callable.
  Type 'FolderWithStats' has no call signatures.

[7m89[0m   folders.forEach((folder) => {
[7m  [0m [91m          ~~~~~~~[0m

[96msrc/components/views/mixed/mixed-view.tsx[0m:[93m89[0m:[93m20[0m - [91merror[0m[90m TS7006: [0mParameter 'folder' implicitly has an 'any' type.

[7m89[0m   folders.forEach((folder) => {
[7m  [0m [91m                   ~~~~~~[0m

[96msrc/components/views/mixed/mixed-view.tsx[0m:[93m116[0m:[93m12[0m - [91merror[0m[90m TS2339: [0mProperty 'description' does not exist on type 'MixedItem & { itemType: FileType; }'.
  Property 'description' does not exist on type 'AudioWithStats & { itemType: FileType; }'.

[7m116[0m      (item.description && item.description.toLowerCase().includes(query))
[7m   [0m [91m           ~~~~~~~~~~~[0m

[96msrc/components/views/mixed/mixed-view.tsx[0m:[93m116[0m:[93m32[0m - [91merror[0m[90m TS2339: [0mProperty 'description' does not exist on type 'MixedItem & { itemType: FileType; }'.
  Property 'description' does not exist on type 'AudioWithStats & { itemType: FileType; }'.

[7m116[0m      (item.description && item.description.toLowerCase().includes(query))
[7m   [0m [91m                               ~~~~~~~~~~~[0m

[96msrc/components/views/mixed/mixed-view.tsx[0m:[93m130[0m:[93m57[0m - [91merror[0m[90m TS2554: [0mExpected 1-2 arguments, but got 4.

[7m130[0m    logger.info('🖱️ Elemento seleccionado:', item.name, 'tipo:', item.itemType);
[7m   [0m [91m                                                        ~~~~~~~~~~~~~~~~~~~~~~[0m

[96msrc/components/views/mixed/mixed-view.tsx[0m:[93m182[0m:[93m8[0m - [91merror[0m[90m TS2322: [0mType '{ key: string; image: ImageWithStats; onClick: () => void; className: string; }' is not assignable to type 'IntrinsicAttributes & ImageCardProps'.
  Property 'image' does not exist on type 'IntrinsicAttributes & ImageCardProps'. Did you mean 'imageId'?

[7m182[0m        image={item as ImageWithStats}
[7m   [0m [91m       ~~~~~[0m

[96msrc/components/views/mixed/mixed-view.tsx[0m:[93m191[0m:[93m8[0m - [91merror[0m[90m TS2322: [0mType '{ key: string; video: VideoWithStats; onClick: () => void; className: string; }' is not assignable to type 'IntrinsicAttributes & VideoCardProps'.
  Property 'video' does not exist on type 'IntrinsicAttributes & VideoCardProps'. Did you mean 'videoId'?

[7m191[0m        video={item as VideoWithStats}
[7m   [0m [91m       ~~~~~[0m

[96msrc/components/views/mixed/mixed-view.tsx[0m:[93m239[0m:[93m6[0m - [91merror[0m[90m TS2322: [0mType '{ icon: ForwardRefExoticComponent<Omit<LucideProps, "ref"> & RefAttributes<SVGSVGElement>>; title: string; description: string; action: { ...; }; }' is not assignable to type 'IntrinsicAttributes & EmptyStateProps'.
  Property 'action' does not exist on type 'IntrinsicAttributes & EmptyStateProps'.

[7m239[0m      action={{
[7m   [0m [91m     ~~~~~~[0m

[96msrc/components/views/notes/note-content-view.tsx[0m:[93m48[0m:[93m43[0m - [91merror[0m[90m TS7006: [0mParameter 'item' implicitly has an 'any' type.

[7m48[0m  const toggleItemSelection = useCallback((item) => {
[7m  [0m [91m                                          ~~~~[0m

[96msrc/components/views/notes/note-content-view.tsx[0m:[93m74[0m:[93m3[0m - [91merror[0m[90m TS2322: [0mType '() => void' is not assignable to type '(id: string) => Promise<void>'.
  Type 'void' is not assignable to type 'Promise<void>'.

[7m74[0m   setCurrentContainer: () => {}, // No es necesario en el nuevo enfoque
[7m  [0m [91m  ~~~~~~~~~~~~~~~~~~~[0m

  [96msrc/components/views/base/types.ts[0m:[93m41[0m:[93m2[0m
    [7m41[0m  setCurrentContainer?: (id: string) => Promise<void>;
    [7m  [0m [96m ~~~~~~~~~~~~~~~~~~~[0m
    The expected type comes from property 'setCurrentContainer' which is declared here on type 'BaseContentProps'

[96msrc/components/views/notes/note-content-view.tsx[0m:[93m87[0m:[93m5[0m - [91merror[0m[90m TS2741: [0mProperty 'children' is missing in type '{}' but required in type 'BaseContentViewProps'.

[7m87[0m    <BaseContentView />
[7m  [0m [91m    ~~~~~~~~~~~~~~~[0m

  [96msrc/components/views/base/base-content-view.tsx[0m:[93m12[0m:[93m2[0m
    [7m12[0m  children: React.ReactNode;
    [7m  [0m [96m ~~~~~~~~[0m
    'children' is declared here.

[96msrc/components/views/notes/notes-view.tsx[0m:[93m63[0m:[93m45[0m - [91merror[0m[90m TS2353: [0mObject literal may only specify known properties, and 'name' does not exist in type 'NoteUpdateInput'.

[7m63[0m    updateNote({ id: editingNote.id, data: { name: noteTitle, content: noteContent } });
[7m  [0m [91m                                            ~~~~[0m

  [96msrc/lib/api/notes.ts[0m:[93m110[0m:[93m57[0m
    [7m110[0m  return useMutation<NoteWithStats, Error, { id: string; data: NoteUpdateInput }>({
    [7m   [0m [96m                                                        ~~~~[0m
    The expected type comes from property 'data' which is declared here on type '{ id: string; data: NoteUpdateInput; }'

[96msrc/components/views/notes/notes-view.tsx[0m:[93m65[0m:[93m17[0m - [91merror[0m[90m TS2353: [0mObject literal may only specify known properties, and 'name' does not exist in type 'NoteCreateInput'.

[7m65[0m    createNote({ name: noteTitle, content: noteContent });
[7m  [0m [91m                ~~~~[0m

[96msrc/components/views/notes/notes-view.tsx[0m:[93m74[0m:[93m4[0m - [91merror[0m[90m TS2322: [0mType '{ children: Element; className: string | undefined; viewKey: string; data: any[] | undefined; isLoading: boolean; noResultsMessage: string; }' is not assignable to type 'IntrinsicAttributes & object'.
  Property 'children' does not exist on type 'IntrinsicAttributes & object'.

[7m74[0m   <ViewContainer
[7m  [0m [91m   ~~~~~~~~~~~~~[0m

[96msrc/components/views/places/place-content-view.tsx[0m:[93m22[0m:[93m94[0m - [91merror[0m[90m TS2345: [0mArgument of type 'string | null' is not assignable to parameter of type 'string'.
  Type 'null' is not assignable to type 'string'.

[7m22[0m  const { data: placeImages, isLoading: isLoadingImages, error: placeError } = usePlaceImages(currentPlaceId);
[7m  [0m [91m                                                                                             ~~~~~~~~~~~~~~[0m

[96msrc/components/views/places/place-content-view.tsx[0m:[93m101[0m:[93m5[0m - [91merror[0m[90m TS2741: [0mProperty 'children' is missing in type '{}' but required in type 'BaseContentViewProps'.

[7m101[0m    <BaseContentView />
[7m   [0m [91m    ~~~~~~~~~~~~~~~[0m

  [96msrc/components/views/base/base-content-view.tsx[0m:[93m12[0m:[93m2[0m
    [7m12[0m  children: React.ReactNode;
    [7m  [0m [96m ~~~~~~~~[0m
    'children' is declared here.

[96msrc/components/views/places/places-view.tsx[0m:[93m21[0m:[93m30[0m - [91merror[0m[90m TS2339: [0mProperty 'isVisible' does not exist on type 'ViewProps'.

[7m21[0m export function PlacesView({ isVisible }: ViewProps) {
[7m  [0m [91m                             ~~~~~~~~~[0m

[96msrc/components/views/places/places-view.tsx[0m:[93m84[0m:[93m5[0m - [91merror[0m[90m TS2322: [0mType '{ icon: ForwardRefExoticComponent<Omit<LucideProps, "ref"> & RefAttributes<SVGSVGElement>>; title: string; description: string; action: { ...; }; }' is not assignable to type 'IntrinsicAttributes & EmptyStateProps'.
  Property 'action' does not exist on type 'IntrinsicAttributes & EmptyStateProps'.

[7m84[0m     action={{
[7m  [0m [91m    ~~~~~~[0m

[96msrc/components/views/places/places-view.tsx[0m:[93m126[0m:[93m14[0m - [91merror[0m[90m TS2339: [0mProperty 'length' does not exist on type 'never[] | PlacesResponse'.
  Property 'length' does not exist on type 'PlacesResponse'.

[7m126[0m     {!places.length && !isLoading && !showForm ? (
[7m   [0m [91m             ~~~~~~[0m

[96msrc/components/views/places/places-view.tsx[0m:[93m143[0m:[93m15[0m - [91merror[0m[90m TS2339: [0mProperty 'map' does not exist on type 'never[] | PlacesResponse'.
  Property 'map' does not exist on type 'PlacesResponse'.

[7m143[0m       {places.map((place, index) => (
[7m   [0m [91m              ~~~[0m

[96msrc/components/views/places/places-view.tsx[0m:[93m143[0m:[93m20[0m - [91merror[0m[90m TS7006: [0mParameter 'place' implicitly has an 'any' type.

[7m143[0m       {places.map((place, index) => (
[7m   [0m [91m                   ~~~~~[0m

[96msrc/components/views/places/places-view.tsx[0m:[93m143[0m:[93m27[0m - [91merror[0m[90m TS7006: [0mParameter 'index' implicitly has an 'any' type.

[7m143[0m       {places.map((place, index) => (
[7m   [0m [91m                          ~~~~~[0m

[96msrc/components/views/places/places-view.tsx[0m:[93m151[0m:[93m10[0m - [91merror[0m[90m TS2322: [0mType '{ place: any; isSelected: boolean; onSelect: () => void; }' is not assignable to type 'IntrinsicAttributes & PlaceCardProps'.
  Property 'place' does not exist on type 'IntrinsicAttributes & PlaceCardProps'. Did you mean 'placeId'?

[7m151[0m          place={place}
[7m   [0m [91m         ~~~~~[0m

[96msrc/components/views/prompts/prompt-content-view.tsx[0m:[93m20[0m:[93m48[0m - [91merror[0m[90m TS2554: [0mExpected 1 arguments, but got 2.

[7m20[0m  } = usePromptImages(selectedPrompt?.id || '', {
[7m  [0m [91m                                               ~[0m
[7m21[0m   enabled: !!selectedPrompt?.id,
[7m  [0m [91m~~~~~~~~~~~~~~~~~~~~~~~~~~~~~~~~[0m
[7m22[0m  });
[7m  [0m [91m~~[0m

[96msrc/components/views/prompts/prompt-content-view.tsx[0m:[93m24[0m:[93m43[0m - [91merror[0m[90m TS7006: [0mParameter 'item' implicitly has an 'any' type.

[7m24[0m  const toggleItemSelection = useCallback((item) => {
[7m  [0m [91m                                          ~~~~[0m

[96msrc/components/views/prompts/prompt-content-view.tsx[0m:[93m41[0m:[93m3[0m - [91merror[0m[90m TS2322: [0mType '() => void' is not assignable to type '(id: string) => Promise<void>'.
  Type 'void' is not assignable to type 'Promise<void>'.

[7m41[0m   setCurrentContainer: () => {}, // No es necesario en el nuevo enfoque
[7m  [0m [91m  ~~~~~~~~~~~~~~~~~~~[0m

  [96msrc/components/views/base/types.ts[0m:[93m41[0m:[93m2[0m
    [7m41[0m  setCurrentContainer?: (id: string) => Promise<void>;
    [7m  [0m [96m ~~~~~~~~~~~~~~~~~~~[0m
    The expected type comes from property 'setCurrentContainer' which is declared here on type 'BaseContentProps'

[96msrc/components/views/prompts/prompt-content-view.tsx[0m:[93m49[0m:[93m3[0m - [91merror[0m[90m TS2322: [0mType '() => void' is not assignable to type '() => Promise<void>'.
  Type 'void' is not assignable to type 'Promise<void>'.

[7m49[0m   onRefresh: handleRefresh,
[7m  [0m [91m  ~~~~~~~~~[0m

  [96msrc/components/views/base/types.ts[0m:[93m60[0m:[93m2[0m
    [7m60[0m  onRefresh?: () => Promise<void>;
    [7m  [0m [96m ~~~~~~~~~[0m
    The expected type comes from property 'onRefresh' which is declared here on type 'BaseContentProps'

[96msrc/components/views/prompts/prompt-content-view.tsx[0m:[93m54[0m:[93m5[0m - [91merror[0m[90m TS2741: [0mProperty 'children' is missing in type '{}' but required in type 'BaseContentViewProps'.

[7m54[0m    <BaseContentView />
[7m  [0m [91m    ~~~~~~~~~~~~~~~[0m

  [96msrc/components/views/base/base-content-view.tsx[0m:[93m12[0m:[93m2[0m
    [7m12[0m  children: React.ReactNode;
    [7m  [0m [96m ~~~~~~~~[0m
    'children' is declared here.

[96msrc/components/views/prompts/prompts-view.tsx[0m:[93m23[0m:[93m31[0m - [91merror[0m[90m TS2339: [0mProperty 'isVisible' does not exist on type 'ViewProps'.

[7m23[0m export function PromptsView({ isVisible }: ViewProps) {
[7m  [0m [91m                              ~~~~~~~~~[0m

[96msrc/components/views/prompts/prompts-view.tsx[0m:[93m25[0m:[93m10[0m - [91merror[0m[90m TS2339: [0mProperty 'selectedPromptId' does not exist on type 'PromptStore'.

[7m25[0m  const { selectedPromptId, setSelectedPromptId } = usePromptStore();
[7m  [0m [91m         ~~~~~~~~~~~~~~~~[0m

[96msrc/components/views/prompts/prompts-view.tsx[0m:[93m25[0m:[93m28[0m - [91merror[0m[90m TS2339: [0mProperty 'setSelectedPromptId' does not exist on type 'PromptStore'.

[7m25[0m  const { selectedPromptId, setSelectedPromptId } = usePromptStore();
[7m  [0m [91m                           ~~~~~~~~~~~~~~~~~~~[0m

[96msrc/components/views/prompts/prompts-view.tsx[0m:[93m158[0m:[93m15[0m - [91merror[0m[90m TS2339: [0mProperty 'length' does not exist on type 'never[] | PromptsResponse'.
  Property 'length' does not exist on type 'PromptsResponse'.

[7m158[0m     {!prompts.length && !isLoading && !showForm ? (
[7m   [0m [91m              ~~~~~~[0m

[96msrc/components/views/prompts/prompts-view.tsx[0m:[93m175[0m:[93m16[0m - [91merror[0m[90m TS2339: [0mProperty 'map' does not exist on type 'never[] | PromptsResponse'.
  Property 'map' does not exist on type 'PromptsResponse'.

[7m175[0m       {prompts.map((prompt, index) => (
[7m   [0m [91m               ~~~[0m

[96msrc/components/views/prompts/prompts-view.tsx[0m:[93m175[0m:[93m21[0m - [91merror[0m[90m TS7006: [0mParameter 'prompt' implicitly has an 'any' type.

[7m175[0m       {prompts.map((prompt, index) => (
[7m   [0m [91m                    ~~~~~~[0m

[96msrc/components/views/prompts/prompts-view.tsx[0m:[93m175[0m:[93m29[0m - [91merror[0m[90m TS7006: [0mParameter 'index' implicitly has an 'any' type.

[7m175[0m       {prompts.map((prompt, index) => (
[7m   [0m [91m                            ~~~~~[0m

[96msrc/components/views/prompts/prompts-view.tsx[0m:[93m183[0m:[93m10[0m - [91merror[0m[90m TS2322: [0mType '{ prompt: any; isSelected: boolean; onSelect: () => void; onEdit: () => void; }' is not assignable to type 'IntrinsicAttributes & PromptCardProps'.
  Property 'prompt' does not exist on type 'IntrinsicAttributes & PromptCardProps'. Did you mean 'promptId'?

[7m183[0m          prompt={prompt}
[7m   [0m [91m         ~~~~~~[0m

[96msrc/components/views/properties/properties-view.tsx[0m:[93m62[0m:[93m73[0m - [91merror[0m[90m TS2353: [0mObject literal may only specify known properties, and 'value' does not exist in type 'PropertyUpdateInput'.

[7m62[0m    updateProperty({ id: editingProperty.id, data: { name: propertyName, value: propertyValue } });
[7m  [0m [91m                                                                        ~~~~~[0m

  [96msrc/lib/api/properties.ts[0m:[93m96[0m:[93m61[0m
    [7m96[0m  return useMutation<PropertyWithStats, Error, { id: string; data: PropertyUpdateInput }>({
    [7m  [0m [96m                                                            ~~~~[0m
    The expected type comes from property 'data' which is declared here on type '{ id: string; data: PropertyUpdateInput; }'

[96msrc/components/views/properties/properties-view.tsx[0m:[93m64[0m:[93m41[0m - [91merror[0m[90m TS2353: [0mObject literal may only specify known properties, and 'value' does not exist in type 'PropertyCreateInput'.

[7m64[0m    createProperty({ name: propertyName, value: propertyValue });
[7m  [0m [91m                                        ~~~~~[0m

[96msrc/components/views/properties/properties-view.tsx[0m:[93m73[0m:[93m4[0m - [91merror[0m[90m TS2322: [0mType '{ children: Element; className: string | undefined; viewKey: string; data: any[] | undefined; isLoading: boolean; noResultsMessage: string; }' is not assignable to type 'IntrinsicAttributes & object'.
  Property 'children' does not exist on type 'IntrinsicAttributes & object'.

[7m73[0m   <ViewContainer
[7m  [0m [91m   ~~~~~~~~~~~~~[0m

[96msrc/components/views/search/search-view.tsx[0m:[93m79[0m:[93m13[0m - [91merror[0m[90m TS2339: [0mProperty 'type' does not exist on type 'EntityWithStats<EntityStats>'.

[7m79[0m    if (item.type === 'image') {
[7m  [0m [91m            ~~~~[0m

[96msrc/components/views/search/search-view.tsx[0m:[93m80[0m:[93m71[0m - [91merror[0m[90m TS2339: [0mProperty 'type' does not exist on type 'EntityWithStats<EntityStats>'.

[7m80[0m     const imageItems = (items || []).filter((i: EntityWithStats) => i.type === 'image');
[7m  [0m [91m                                                                      ~~~~[0m

[96msrc/components/views/search/search-view.tsx[0m:[93m87[0m:[93m15[0m - [91merror[0m[90m TS2339: [0mProperty 'thumbnailUrl' does not exist on type 'EntityWithStats<EntityStats>'.

[7m87[0m      src: img.thumbnailUrl || `/api/images/${img.id}/content`,
[7m  [0m [91m              ~~~~~~~~~~~~[0m

[96msrc/components/views/search/search-view.tsx[0m:[93m91[0m:[93m21[0m - [91merror[0m[90m TS2339: [0mProperty 'thumbnailUrl' does not exist on type 'EntityWithStats<EntityStats>'.

[7m91[0m      thumbnail: img.thumbnailUrl || null,
[7m  [0m [91m                    ~~~~~~~~~~~~[0m

[96msrc/components/views/search/search-view.tsx[0m:[93m93[0m:[93m16[0m - [91merror[0m[90m TS2339: [0mProperty 'path' does not exist on type 'EntityWithStats<EntityStats>'.

[7m93[0m      path: img.path || '',
[7m  [0m [91m               ~~~~[0m

[96msrc/components/views/search/search-view.tsx[0m:[93m97[0m:[93m15[0m - [91merror[0m[90m TS2339: [0mProperty 'thumbnailUrl' does not exist on type 'EntityWithStats<EntityStats>'.

[7m97[0m      url: img.thumbnailUrl || `/api/images/${img.id}/content`,
[7m  [0m [91m              ~~~~~~~~~~~~[0m

[96msrc/components/views/search/search-view.tsx[0m:[93m200[0m:[93m38[0m - [91merror[0m[90m TS2322: [0mType '(item: EntityWithStats) => void' is not assignable to type '(item: AnyEntityWithStats) => void'.
  Types of parameters 'item' and 'item' are incompatible.
    Type 'AnyEntityWithStats' is not assignable to type 'EntityWithStats<EntityStats>'.
      Property 'description' is missing in type 'AudioWithStats' but required in type 'EntityWithStats<EntityStats>'.

[7m200[0m      <FileBrowser entityType="mixed" onItemSelect={handleItemSelect} onItemDoubleClick={handleItemDoubleClick} />
[7m   [0m [91m                                     ~~~~~~~~~~~~[0m

  [96msrc/types/entities/entity.types.ts[0m:[93m31[0m:[93m2[0m
    [7m31[0m  description: string | null;
    [7m  [0m [96m ~~~~~~~~~~~[0m
    'description' is declared here.
  [96msrc/components/features/file-browser/file-browser.tsx[0m:[93m42[0m:[93m2[0m
    [7m42[0m  onItemSelect?: (item: AnyEntityWithStats) => void;
    [7m  [0m [96m ~~~~~~~~~~~~[0m
    The expected type comes from property 'onItemSelect' which is declared here on type 'IntrinsicAttributes & FileBrowserProps'

[96msrc/components/views/search/search-view.tsx[0m:[93m200[0m:[93m70[0m - [91merror[0m[90m TS2322: [0mType '(item: EntityWithStats) => void' is not assignable to type '(item: AnyEntityWithStats) => void'.
  Types of parameters 'item' and 'item' are incompatible.
    Type 'AnyEntityWithStats' is not assignable to type 'EntityWithStats<EntityStats>'.
      Property 'description' is missing in type 'AudioWithStats' but required in type 'EntityWithStats<EntityStats>'.

[7m200[0m      <FileBrowser entityType="mixed" onItemSelect={handleItemSelect} onItemDoubleClick={handleItemDoubleClick} />
[7m   [0m [91m                                                                     ~~~~~~~~~~~~~~~~~[0m

  [96msrc/types/entities/entity.types.ts[0m:[93m31[0m:[93m2[0m
    [7m31[0m  description: string | null;
    [7m  [0m [96m ~~~~~~~~~~~[0m
    'description' is declared here.
  [96msrc/components/features/file-browser/file-browser.tsx[0m:[93m46[0m:[93m2[0m
    [7m46[0m  onItemDoubleClick?: (item: AnyEntityWithStats) => void;
    [7m  [0m [96m ~~~~~~~~~~~~~~~~~[0m
    The expected type comes from property 'onItemDoubleClick' which is declared here on type 'IntrinsicAttributes & FileBrowserProps'

[96msrc/components/views/tags/tag-content-view.tsx[0m:[93m13[0m:[93m51[0m - [91merror[0m[90m TS2339: [0mProperty 'items' does not exist on type 'TagStore'.

[7m13[0m  const selectedTag = useTagStore((state) => state.items.find((tag) => tag.id === selectedId));
[7m  [0m [91m                                                  ~~~~~[0m

[96msrc/components/views/tags/tag-content-view.tsx[0m:[93m13[0m:[93m63[0m - [91merror[0m[90m TS7006: [0mParameter 'tag' implicitly has an 'any' type.

[7m13[0m  const selectedTag = useTagStore((state) => state.items.find((tag) => tag.id === selectedId));
[7m  [0m [91m                                                              ~~~[0m

[96msrc/components/views/uploaded-images/uploaded-images-view.tsx[0m:[93m40[0m:[93m15[0m - [91merror[0m[90m TS2305: [0mModule '"@/types/entities/uploaded-image/types"' has no exported member 'UploadedImageResult'.

[7m40[0m import type { UploadedImageResult } from '@/types/entities/uploaded-image/types';
[7m  [0m [91m              ~~~~~~~~~~~~~~~~~~~[0m

[96msrc/components/views/uploaded-images/uploaded-images-view.tsx[0m:[93m399[0m:[93m36[0m - [91merror[0m[90m TS2304: [0mCannot find name 'UploadedImageType'.

[7m399[0m            type: e.target.value as UploadedImageType,
[7m   [0m [91m                                   ~~~~~~~~~~~~~~~~~[0m

[96msrc/components/views/videos/index.tsx[0m:[93m10[0m:[93m39[0m - [91merror[0m[90m TS2339: [0mProperty 'isVisible' does not exist on type 'ViewProps'.

[7m10[0m export function VideosViewContainer({ isVisible }: ViewProps) {
[7m  [0m [91m                                      ~~~~~~~~~[0m

[96msrc/components/views/videos/videos-content-view.tsx[0m:[93m64[0m:[93m22[0m - [91merror[0m[90m TS2322: [0mType 'EntityWithStats<EntityStats>' is not assignable to type 'AnyEntityWithStats'.
  Type 'EntityWithStats<EntityStats>' is missing the following properties from type 'PromptWithStats': emoji, color, category, isPublic, and 14 more.

[7m64[0m    setSelectedItems([video]);
[7m  [0m [91m                     ~~~~~[0m

[96msrc/components/views/videos/videos-content-view.tsx[0m:[93m169[0m:[93m23[0m - [91merror[0m[90m TS2339: [0mProperty 'emoji' does not exist on type 'VideoWithStats'.

[7m169[0m    icon={currentVideo.emoji || undefined}
[7m   [0m [91m                      ~~~~~[0m

[96msrc/components/views/videos/videos-content-view.tsx[0m:[93m187[0m:[93m5[0m - [91merror[0m[90m TS2322: [0mType '(video: EntityWithStats) => void' is not assignable to type '(item: AnyEntityWithStats, e: MouseEvent<Element, MouseEvent>) => void'.
  Types of parameters 'video' and 'item' are incompatible.
    Type 'AnyEntityWithStats' is not assignable to type 'EntityWithStats<EntityStats>'.
      Property 'description' is missing in type 'AudioWithStats' but required in type 'EntityWithStats<EntityStats>'.

[7m187[0m     onItemClick={handleVideoSelect}
[7m   [0m [91m    ~~~~~~~~~~~[0m

  [96msrc/types/entities/entity.types.ts[0m:[93m31[0m:[93m2[0m
    [7m31[0m  description: string | null;
    [7m  [0m [96m ~~~~~~~~~~~[0m
    'description' is declared here.
  [96msrc/components/features/file-browser/file-browser.tsx[0m:[93m44[0m:[93m2[0m
    [7m44[0m  onItemClick?: (item: AnyEntityWithStats, e: React.MouseEvent) => void;
    [7m  [0m [96m ~~~~~~~~~~~[0m
    The expected type comes from property 'onItemClick' which is declared here on type 'IntrinsicAttributes & FileBrowserProps'

[96msrc/components/views/videos/videos-content-view.tsx[0m:[93m188[0m:[93m5[0m - [91merror[0m[90m TS2322: [0mType '(video: EntityWithStats) => void' is not assignable to type '(item: AnyEntityWithStats) => void'.
  Types of parameters 'video' and 'item' are incompatible.
    Type 'AnyEntityWithStats' is not assignable to type 'EntityWithStats<EntityStats>'.
      Property 'description' is missing in type 'AudioWithStats' but required in type 'EntityWithStats<EntityStats>'.

[7m188[0m     onItemDoubleClick={handleVideoDoubleClick}
[7m   [0m [91m    ~~~~~~~~~~~~~~~~~[0m

  [96msrc/types/entities/entity.types.ts[0m:[93m31[0m:[93m2[0m
    [7m31[0m  description: string | null;
    [7m  [0m [96m ~~~~~~~~~~~[0m
    'description' is declared here.
  [96msrc/components/features/file-browser/file-browser.tsx[0m:[93m46[0m:[93m2[0m
    [7m46[0m  onItemDoubleClick?: (item: AnyEntityWithStats) => void;
    [7m  [0m [96m ~~~~~~~~~~~~~~~~~[0m
    The expected type comes from property 'onItemDoubleClick' which is declared here on type 'IntrinsicAttributes & FileBrowserProps'

[96msrc/components/views/wildcards/wildcards-view.tsx[0m:[93m22[0m:[93m33[0m - [91merror[0m[90m TS2339: [0mProperty 'isVisible' does not exist on type 'ViewProps'.

[7m22[0m export function WildcardsView({ isVisible }: ViewProps) {
[7m  [0m [91m                                ~~~~~~~~~[0m

[96msrc/components/views/wildcards/wildcards-view.tsx[0m:[93m23[0m:[93m10[0m - [91merror[0m[90m TS2339: [0mProperty 'selectedWildcardId' does not exist on type 'WildcardStore'.

[7m23[0m  const { selectedWildcardId, setSelectedWildcardId } = useWildcardStore();
[7m  [0m [91m         ~~~~~~~~~~~~~~~~~~[0m

[96msrc/components/views/wildcards/wildcards-view.tsx[0m:[93m23[0m:[93m30[0m - [91merror[0m[90m TS2339: [0mProperty 'setSelectedWildcardId' does not exist on type 'WildcardStore'.

[7m23[0m  const { selectedWildcardId, setSelectedWildcardId } = useWildcardStore();
[7m  [0m [91m                             ~~~~~~~~~~~~~~~~~~~~~[0m

[96msrc/components/views/wildcards/wildcards-view.tsx[0m:[93m128[0m:[93m17[0m - [91merror[0m[90m TS2339: [0mProperty 'length' does not exist on type 'never[] | WildcardsResponse'.
  Property 'length' does not exist on type 'WildcardsResponse'.

[7m128[0m     {!wildcards.length && !isLoading && !showForm ? (
[7m   [0m [91m                ~~~~~~[0m

[96msrc/components/views/wildcards/wildcards-view.tsx[0m:[93m145[0m:[93m18[0m - [91merror[0m[90m TS2339: [0mProperty 'map' does not exist on type 'never[] | WildcardsResponse'.
  Property 'map' does not exist on type 'WildcardsResponse'.

[7m145[0m       {wildcards.map((wildcard, index) => (
[7m   [0m [91m                 ~~~[0m

[96msrc/components/views/wildcards/wildcards-view.tsx[0m:[93m145[0m:[93m23[0m - [91merror[0m[90m TS7006: [0mParameter 'wildcard' implicitly has an 'any' type.

[7m145[0m       {wildcards.map((wildcard, index) => (
[7m   [0m [91m                      ~~~~~~~~[0m

[96msrc/components/views/wildcards/wildcards-view.tsx[0m:[93m145[0m:[93m33[0m - [91merror[0m[90m TS7006: [0mParameter 'index' implicitly has an 'any' type.

[7m145[0m       {wildcards.map((wildcard, index) => (
[7m   [0m [91m                                ~~~~~[0m

[96msrc/components/views/wildcards/wildcards-view.tsx[0m:[93m154[0m:[93m10[0m - [91merror[0m[90m TS2322: [0mType '{ wildcard: any; isSelected: boolean; onSelect: () => void; }' is not assignable to type 'IntrinsicAttributes & WildcardCardProps'.
  Property 'isSelected' does not exist on type 'IntrinsicAttributes & WildcardCardProps'.

[7m154[0m          isSelected={wildcard.id === selectedWildcardId}
[7m   [0m [91m         ~~~~~~~~~~[0m

[96msrc/components/views/workflows/workflows-view.tsx[0m:[93m60[0m:[93m50[0m - [91merror[0m[90m TS2345: [0mArgument of type '{ name: string; description: string; }' is not assignable to parameter of type 'WorkflowCreateInput'.
  Type '{ name: string; description: string; }' is missing the following properties from type 'Omit<WorkflowBase, "id" | "createdAt" | "updatedAt">': emoji, color, category, isFavorite, and 14 more.

[7m60[0m    const newWorkflow = await createWorkflowInApi({ name: newWorkflowName, description: newWorkflowDescription });
[7m  [0m [91m                                                 ~~~~~~~~~~~~~~~~~~~~~~~~~~~~~~~~~~~~~~~~~~~~~~~~~~~~~~~~~~~~~~[0m

[96msrc/components/views/world-items/world-item-content-view.tsx[0m:[93m44[0m:[93m8[0m - [91merror[0m[90m TS2322: [0mType '{ items: EntityWithStats[]; isLoading: boolean; error: string | null; toggleItemSelection: (item: EntityWithStats) => void; currentContainerId: string | null; containerName: any; emptyState: { ...; }; onRefresh: () => Promise<...>; }' is not assignable to type 'BaseContentProps'.
  The types returned by 'onRefresh()' are incompatible between these types.
    Type 'Promise<QueryObserverResult<ImageWithStats[], Error>>' is not assignable to type 'Promise<void>'.
      Type 'QueryObserverResult<ImageWithStats[], Error>' is not assignable to type 'void'.
        Type 'QueryObserverRefetchErrorResult<ImageWithStats[], Error>' is not assignable to type 'void'.

[7m44[0m  const contentProps: BaseContentProps = useMemo(
[7m  [0m [91m       ~~~~~~~~~~~~[0m

[96msrc/components/views/world-items/world-item-content-view.tsx[0m:[93m60[0m:[93m5[0m - [91merror[0m[90m TS2741: [0mProperty 'children' is missing in type '{}' but required in type 'BaseContentViewProps'.

[7m60[0m    <BaseContentView />
[7m  [0m [91m    ~~~~~~~~~~~~~~~[0m

  [96msrc/components/views/base/base-content-view.tsx[0m:[93m12[0m:[93m2[0m
    [7m12[0m  children: React.ReactNode;
    [7m  [0m [96m ~~~~~~~~[0m
    'children' is declared here.

[96msrc/components/views/world-items/world-items-view.tsx[0m:[93m65[0m:[93m23[0m - [91merror[0m[90m TS2322: [0mType '{ worldItem: WorldItemWithStats; onClick: (worldItem: any) => void; className: string; }' is not assignable to type 'IntrinsicAttributes & WorldItemCardProps'.
  Property 'worldItem' does not exist on type 'IntrinsicAttributes & WorldItemCardProps'. Did you mean 'worldItemId'?

[7m65[0m        <WorldItemCard worldItem={worldItem} onClick={handleWorldItemClick} className="h-full" />
[7m  [0m [91m                      ~~~~~~~~~[0m

[96msrc/debug-folders.ts[0m:[93m2[0m:[93m10[0m - [91merror[0m[90m TS2724: [0m'"@/services/folder/folder.service"' has no exported member named 'getAllFolders'. Did you mean 'getFolders'?

[7m2[0m import { getAllFolders } from '@/services/folder/folder.service';
[7m [0m [91m         ~~~~~~~~~~~~~[0m

  [96msrc/services/folder/folder.service.ts[0m:[93m14[0m:[93m23[0m
    [7m14[0m export async function getFolders(parentId?: string): Promise<FolderComplete[]> {
    [7m  [0m [96m                      ~~~~~~~~~~[0m
    'getFolders' is declared here.

[96msrc/hooks/use-group-sort.ts[0m:[93m2[0m:[93m15[0m - [91merror[0m[90m TS2305: [0mModule '"@/types/entities/group"' has no exported member 'GroupSortKey'.

[7m2[0m import type { GroupSortKey, GroupWithStats } from '@/types/entities/group';
[7m [0m [91m              ~~~~~~~~~~~~[0m

[96msrc/hooks/use-theme.ts[0m:[93m40[0m:[93m25[0m - [91merror[0m[90m TS2304: [0mCannot find name 'useCallback'.

[7m40[0m  const getSystemTheme = useCallback((): (typeof customThemes)[number] => {
[7m  [0m [91m                        ~~~~~~~~~~~[0m

[96msrc/hooks/use-theme.ts[0m:[93m46[0m:[93m23[0m - [91merror[0m[90m TS2304: [0mCannot find name 'useCallback'.

[7m46[0m  const resolveTheme = useCallback(
[7m  [0m [91m                      ~~~~~~~~~~~[0m

[96msrc/hooks/use-theme.ts[0m:[93m57[0m:[93m21[0m - [91merror[0m[90m TS2304: [0mCannot find name 'useCallback'.

[7m57[0m  const applyTheme = useCallback((themeToApply: (typeof customThemes)[number]) => {
[7m  [0m [91m                    ~~~~~~~~~~~[0m

[96msrc/lib/api/client/album.client.ts[0m:[93m4[0m:[93m15[0m - [91merror[0m[90m TS2305: [0mModule '"@/types/entities/album"' has no exported member 'AlbumCreateInput'.

[7m4[0m import type { AlbumCreateInput, AlbumUpdateInput, AlbumWithStats } from '@/types/entities/album';
[7m [0m [91m              ~~~~~~~~~~~~~~~~[0m

[96msrc/lib/api/client/album.client.ts[0m:[93m4[0m:[93m33[0m - [91merror[0m[90m TS2305: [0mModule '"@/types/entities/album"' has no exported member 'AlbumUpdateInput'.

[7m4[0m import type { AlbumCreateInput, AlbumUpdateInput, AlbumWithStats } from '@/types/entities/album';
[7m [0m [91m                                ~~~~~~~~~~~~~~~~[0m

[96msrc/lib/api/client/file.client.ts[0m:[93m4[0m:[93m15[0m - [91merror[0m[90m TS2305: [0mModule '"@/types/entities/file/base"' has no exported member 'DirectoryReadResult'.

[7m4[0m import type { DirectoryReadResult } from '@/types/entities/file/base';
[7m [0m [91m              ~~~~~~~~~~~~~~~~~~~[0m

[96msrc/lib/api/client/image.client.ts[0m:[93m7[0m:[93m50[0m - [91merror[0m[90m TS2459: [0mModule '"@/services/image/image.service"' declares 'ImageUpdateInput' locally, but it is not exported.

[7m7[0m import type { GetImagesOptions, GetImagesResult, ImageUpdateInput } from '@/services/image/image.service';
[7m [0m [91m                                                 ~~~~~~~~~~~~~~~~[0m

  [96msrc/services/image/image.service.ts[0m:[93m59[0m:[93m15[0m
    [7m59[0m import type { ImageUpdateInput, ImageWithStats } from '@/types/entities/image/types';
    [7m  [0m [96m              ~~~~~~~~~~~~~~~~[0m
    'ImageUpdateInput' is declared here.

[96msrc/lib/api/client/image.client.ts[0m:[93m8[0m:[93m15[0m - [91merror[0m[90m TS2305: [0mModule '"@/types/entities/image/types"' has no exported member 'ImageWithStats'.

[7m8[0m import type { ImageWithStats } from '@/types/entities/image/types';
[7m [0m [91m              ~~~~~~~~~~~~~~[0m

[96msrc/lib/api/client/place.client.ts[0m:[93m10[0m:[93m14[0m - [91merror[0m[90m TS2339: [0mProperty 'search' does not exist on type 'PlaceSearchOptions'.

[7m10[0m  if (options.search) params.append('search', options.search);
[7m  [0m [91m             ~~~~~~[0m

[96msrc/lib/api/client/place.client.ts[0m:[93m10[0m:[93m54[0m - [91merror[0m[90m TS2339: [0mProperty 'search' does not exist on type 'PlaceSearchOptions'.

[7m10[0m  if (options.search) params.append('search', options.search);
[7m  [0m [91m                                                     ~~~~~~[0m

[96msrc/lib/api/client/world-item.client.ts[0m:[93m4[0m:[93m15[0m - [91merror[0m[90m TS2305: [0mModule '"@/types/entities/world-item"' has no exported member 'CreateWorldItemData'.

[7m4[0m import type { CreateWorldItemData, UpdateWorldItemData, WorldItem } from '@/types/entities/world-item';
[7m [0m [91m              ~~~~~~~~~~~~~~~~~~~[0m

[96msrc/lib/api/client/world-item.client.ts[0m:[93m4[0m:[93m36[0m - [91merror[0m[90m TS2305: [0mModule '"@/types/entities/world-item"' has no exported member 'UpdateWorldItemData'.

[7m4[0m import type { CreateWorldItemData, UpdateWorldItemData, WorldItem } from '@/types/entities/world-item';
[7m [0m [91m                                   ~~~~~~~~~~~~~~~~~~~[0m

[96msrc/lib/api/client/world-item.client.ts[0m:[93m4[0m:[93m57[0m - [91merror[0m[90m TS2305: [0mModule '"@/types/entities/world-item"' has no exported member 'WorldItem'.

[7m4[0m import type { CreateWorldItemData, UpdateWorldItemData, WorldItem } from '@/types/entities/world-item';
[7m [0m [91m                                                        ~~~~~~~~~[0m

[96msrc/lib/api/images.ts[0m:[93m2[0m:[93m51[0m - [91merror[0m[90m TS2305: [0mModule '"@/types/entities/image/types"' has no exported member 'ImageWithStats'.

[7m2[0m import type { ImageCreateInput, ImageUpdateInput, ImageWithStats } from '@/types/entities/image/types';
[7m [0m [91m                                                  ~~~~~~~~~~~~~~[0m

[96msrc/lib/api/images.ts[0m:[93m118[0m:[93m49[0m - [91merror[0m[90m TS2339: [0mProperty 'patch' does not exist on type 'ApiClient'.

[7m118[0m   mutationFn: ({ id, isFavorite }) => apiClient.patch<ImageWithStats>(`/images/${id}`, { isFavorite }),
[7m   [0m [91m                                                ~~~~~[0m

[96msrc/lib/api/queue.ts[0m:[93m92[0m:[93m3[0m - [91merror[0m[90m TS2322: [0mType '(id: string) => Promise<boolean>' is not assignable to type 'MutationFunction<void, string>'.
  Type 'Promise<boolean>' is not assignable to type 'Promise<void>'.
    Type 'boolean' is not assignable to type 'void'.

[7m92[0m   mutationFn: (id) => deleteQueueJob(id),
[7m  [0m [91m  ~~~~~~~~~~[0m

  [96mnode_modules/@tanstack/query-core/build/modern/hydration-Cvr-9VdO.d.ts[0m:[93m1185[0m:[93m5[0m
    [7m1185[0m     mutationFn?: MutationFunction<TData, TVariables>;
    [7m    [0m [96m    ~~~~~~~~~~[0m
    The expected type comes from property 'mutationFn' which is declared here on type 'UseMutationOptions<void, Error, string, unknown>'

[96msrc/lib/api/queue.ts[0m:[93m146[0m:[93m40[0m - [91merror[0m[90m TS2345: [0mArgument of type 'string' is not assignable to parameter of type 'QueueJobStatus'.

[7m146[0m   queryFn: () => findQueueJobsByStatus(status, limit),
[7m   [0m [91m                                       ~~~~~~[0m

[96msrc/lib/api/services/files.ts[0m:[93m13[0m:[93m59[0m - [91merror[0m[90m TS2554: [0mExpected 1 arguments, but got 2.

[7m13[0m  const response = await apiClient.get(`${API_BASE}/info`, { params: { path: filePath } });
[7m  [0m [91m                                                          ~~~~~~~~~~~~~~~~~~~~~~~~~~~~~~[0m

[96msrc/lib/api/services/files.ts[0m:[93m14[0m:[93m9[0m - [91merror[0m[90m TS18046: [0m'response' is of type 'unknown'.

[7m14[0m  return response.data;
[7m  [0m [91m        ~~~~~~~~[0m

[96msrc/lib/api/services/files.ts[0m:[93m18[0m:[93m59[0m - [91merror[0m[90m TS2554: [0mExpected 1 arguments, but got 2.

[7m18[0m  const response = await apiClient.get(`${API_BASE}/list`, { params: { path: dirPath } });
[7m  [0m [91m                                                          ~~~~~~~~~~~~~~~~~~~~~~~~~~~~~[0m

[96msrc/lib/api/services/files.ts[0m:[93m19[0m:[93m9[0m - [91merror[0m[90m TS18046: [0m'response' is of type 'unknown'.

[7m19[0m  return response.data;
[7m  [0m [91m        ~~~~~~~~[0m

[96msrc/lib/api/services/files.ts[0m:[93m23[0m:[93m52[0m - [91merror[0m[90m TS2554: [0mExpected 1 arguments, but got 2.

[7m23[0m  const response = await apiClient.delete(API_BASE, { params: { path: filePath } });
[7m  [0m [91m                                                   ~~~~~~~~~~~~~~~~~~~~~~~~~~~~~~[0m

[96msrc/lib/api/services/files.ts[0m:[93m24[0m:[93m9[0m - [91merror[0m[90m TS18046: [0m'response' is of type 'unknown'.

[7m24[0m  return response.data;
[7m  [0m [91m        ~~~~~~~~[0m

[96msrc/lib/api/services/files.ts[0m:[93m32[0m:[93m9[0m - [91merror[0m[90m TS18046: [0m'response' is of type 'unknown'.

[7m32[0m  return response.data;
[7m  [0m [91m        ~~~~~~~~[0m

[96msrc/lib/api/services/files.ts[0m:[93m41[0m:[93m9[0m - [91merror[0m[90m TS18046: [0m'response' is of type 'unknown'.

[7m41[0m  return response.data;
[7m  [0m [91m        ~~~~~~~~[0m

[96msrc/lib/api/services/files.ts[0m:[93m50[0m:[93m9[0m - [91merror[0m[90m TS18046: [0m'response' is of type 'unknown'.

[7m50[0m  return response.data;
[7m  [0m [91m        ~~~~~~~~[0m

[96msrc/lib/api/services/files.ts[0m:[93m59[0m:[93m9[0m - [91merror[0m[90m TS18046: [0m'response' is of type 'unknown'.

[7m59[0m  return response.data;
[7m  [0m [91m        ~~~~~~~~[0m

[96msrc/lib/api/services/files.ts[0m:[93m63[0m:[93m63[0m - [91merror[0m[90m TS2554: [0mExpected 1 arguments, but got 2.

[7m63[0m  const response = await apiClient.get(`${API_BASE}/data-url`, { params: { path: filePath } });
[7m  [0m [91m                                                              ~~~~~~~~~~~~~~~~~~~~~~~~~~~~~~[0m

[96msrc/lib/api/services/files.ts[0m:[93m64[0m:[93m9[0m - [91merror[0m[90m TS18046: [0m'response' is of type 'unknown'.

[7m64[0m  return response.data;
[7m  [0m [91m        ~~~~~~~~[0m

[96msrc/lib/api/wildcards.ts[0m:[93m112[0m:[93m33[0m - [91merror[0m[90m TS2339: [0mProperty 'patch' does not exist on type 'ApiClient'.

[7m112[0m   mutationFn: (id) => apiClient.patch<WildcardWithStats>(`/wildcards/${id}/favorite`),
[7m   [0m [91m                                ~~~~~[0m

[96msrc/lib/api/wildcards.ts[0m:[93m125[0m:[93m50[0m - [91merror[0m[90m TS2339: [0mProperty 'patch' does not exist on type 'ApiClient'.

[7m125[0m   mutationFn: ({ id, newParentId }) => apiClient.patch<WildcardWithStats>(`/wildcards/${id}/move`, { newParentId }),
[7m   [0m [91m                                                 ~~~~~[0m

[96msrc/lib/client.ts[0m:[93m9[0m:[93m1[0m - [91merror[0m[90m TS2308: [0mModule './contexts' has already exported a member named 'useSettings'. Consider explicitly re-exporting to resolve the ambiguity.

[7m9[0m export * from './hooks';
[7m [0m [91m~~~~~~~~~~~~~~~~~~~~~~~~[0m

[96msrc/lib/config/settings.ts[0m:[93m36[0m:[93m46[0m - [91merror[0m[90m TS2304: [0mCannot find name 'SETTINGS_KEY'.

[7m36[0m   const savedSettings = localStorage.getItem(SETTINGS_KEY);
[7m  [0m [91m                                             ~~~~~~~~~~~~[0m

[96msrc/lib/config/settings.ts[0m:[93m51[0m:[93m24[0m - [91merror[0m[90m TS2304: [0mCannot find name 'SETTINGS_KEY'.

[7m51[0m   localStorage.setItem(SETTINGS_KEY, JSON.stringify(settings));
[7m  [0m [91m                       ~~~~~~~~~~~~[0m

[96msrc/lib/config/settings.ts[0m:[93m58[0m:[93m26[0m - [91merror[0m[90m TS2304: [0mCannot find name 'SETTINGS_KEY'.

[7m58[0m  localStorage.removeItem(SETTINGS_KEY);
[7m  [0m [91m                         ~~~~~~~~~~~~[0m

[96msrc/lib/config/settings.ts[0m:[93m113[0m:[93m47[0m - [91merror[0m[90m TS2322: [0mType '"version"' is not assignable to type 'requiredKeys<baseObjectOutputType<{ appearance: ZodObject<{ theme: ZodEnum<["light", "dark", "system"]>; fontSize: ZodNumber; language: ZodEnum<["es", "en"]>; reducedAnimations: ZodBoolean; highContrast: ZodBoolean; }, "strip", ZodTypeAny, { ...; }, { ...; }>; notifications: ZodObject<...>; privacy: ZodObject<...>; ...'.

[7m113[0m  const requiredKeys: (keyof AppSettings)[] = ['version', 'lastUpdate', 'system'];
[7m   [0m [91m                                              ~~~~~~~~~[0m

[96msrc/lib/config/settings.ts[0m:[93m113[0m:[93m58[0m - [91merror[0m[90m TS2322: [0mType '"lastUpdate"' is not assignable to type 'requiredKeys<baseObjectOutputType<{ appearance: ZodObject<{ theme: ZodEnum<["light", "dark", "system"]>; fontSize: ZodNumber; language: ZodEnum<["es", "en"]>; reducedAnimations: ZodBoolean; highContrast: ZodBoolean; }, "strip", ZodTypeAny, { ...; }, { ...; }>; notifications: ZodObject<...>; privacy: ZodObject<...>; ...'.

[7m113[0m  const requiredKeys: (keyof AppSettings)[] = ['version', 'lastUpdate', 'system'];
[7m   [0m [91m                                                         ~~~~~~~~~~~~[0m

[96msrc/lib/config/settings.ts[0m:[93m113[0m:[93m72[0m - [91merror[0m[90m TS2322: [0mType '"system"' is not assignable to type 'requiredKeys<baseObjectOutputType<{ appearance: ZodObject<{ theme: ZodEnum<["light", "dark", "system"]>; fontSize: ZodNumber; language: ZodEnum<["es", "en"]>; reducedAnimations: ZodBoolean; highContrast: ZodBoolean; }, "strip", ZodTypeAny, { ...; }, { ...; }>; notifications: ZodObject<...>; privacy: ZodObject<...>; ...'.

[7m113[0m  const requiredKeys: (keyof AppSettings)[] = ['version', 'lastUpdate', 'system'];
[7m   [0m [91m                                                                       ~~~~~~~~[0m

[96msrc/lib/config/validations.ts[0m:[93m2[0m:[93m10[0m - [91merror[0m[90m TS2305: [0mModule '"./db"' has no exported member 'db'.

[7m2[0m import { db } from './db';
[7m [0m [91m         ~~[0m

[96msrc/lib/config/validations.ts[0m:[93m52[0m:[93m99[0m - [91merror[0m[90m TS2339: [0mProperty 'name' does not exist on type 'SQLiteTableWithColumns<{ name: "Folder"; schema: undefined; columns: { id: SQLiteColumn<{ name: "id"; tableName: "Folder"; dataType: "string"; columnType: "SQLiteText"; data: string; driverParam: string; notNull: true; hasDefault: false; ... 6 more ...; generated: undefined; }, {}, { ...; }>; ... 14 more ...; preset...'.
  Property 'name' does not exist on type 'SQLiteTableWithColumns<{ name: "Note"; schema: undefined; columns: { id: SQLiteColumn<{ name: "id"; tableName: "Note"; dataType: "string"; columnType: "SQLiteText"; data: string; driverParam: string; notNull: true; hasDefault: false; ... 6 more ...; generated: undefined; }, {}, { ...; }>; ... 9 more ...; presetId: S...'.

[7m52[0m  const [result] = await db.select({ count: sql<number>`count(*)` }).from(table).where(sql`${table.name} = ${name}`);
[7m  [0m [91m                                                                                                  ~~~~[0m

[96msrc/lib/contexts/file-context.tsx[0m:[93m111[0m:[93m6[0m - [91merror[0m[90m TS2353: [0mObject literal may only specify known properties, and 'imageId' does not exist in type 'CreateActivityData'.

[7m111[0m      imageId: item.id,
[7m   [0m [91m     ~~~~~~~[0m

[96msrc/lib/contexts/settings-context.tsx[0m:[93m5[0m:[93m79[0m - [91merror[0m[90m TS2307: [0mCannot find module '@/services/profile-service-export' or its corresponding type declarations.

[7m5[0m import { type ProfileCreate, type ProfileUpdate, type ProfileWithStats } from '@/services/profile-service-export';
[7m [0m [91m                                                                              ~~~~~~~~~~~~~~~~~~~~~~~~~~~~~~~~~~~[0m

[96msrc/lib/contexts/settings-context.tsx[0m:[93m306[0m:[93m21[0m - [91merror[0m[90m TS2353: [0mObject literal may only specify known properties, and 'appearance' does not exist in type 'Partial<Settings>'.

[7m306[0m    updateSettings({ appearance: { theme } });
[7m   [0m [91m                    ~~~~~~~~~~[0m

[96msrc/lib/database/db-utils.ts[0m:[93m8[0m:[93m10[0m - [91merror[0m[90m TS2305: [0mModule '"./schema"' has no exported member 'albums'.

[7m8[0m import { albums, collections, folders, images, imageStats, tags } from './schema';
[7m [0m [91m         ~~~~~~[0m

[96msrc/lib/database/db-utils.ts[0m:[93m8[0m:[93m18[0m - [91merror[0m[90m TS2305: [0mModule '"./schema"' has no exported member 'collections'.

[7m8[0m import { albums, collections, folders, images, imageStats, tags } from './schema';
[7m [0m [91m                 ~~~~~~~~~~~[0m

[96msrc/lib/database/db-utils.ts[0m:[93m8[0m:[93m31[0m - [91merror[0m[90m TS2305: [0mModule '"./schema"' has no exported member 'folders'.

[7m8[0m import { albums, collections, folders, images, imageStats, tags } from './schema';
[7m [0m [91m                              ~~~~~~~[0m

[96msrc/lib/database/db-utils.ts[0m:[93m8[0m:[93m40[0m - [91merror[0m[90m TS2305: [0mModule '"./schema"' has no exported member 'images'.

[7m8[0m import { albums, collections, folders, images, imageStats, tags } from './schema';
[7m [0m [91m                                       ~~~~~~[0m

[96msrc/lib/database/db-utils.ts[0m:[93m8[0m:[93m48[0m - [91merror[0m[90m TS2305: [0mModule '"./schema"' has no exported member 'imageStats'.

[7m8[0m import { albums, collections, folders, images, imageStats, tags } from './schema';
[7m [0m [91m                                               ~~~~~~~~~~[0m

[96msrc/lib/database/db-utils.ts[0m:[93m8[0m:[93m60[0m - [91merror[0m[90m TS2305: [0mModule '"./schema"' has no exported member 'tags'.

[7m8[0m import { albums, collections, folders, images, imageStats, tags } from './schema';
[7m [0m [91m                                                           ~~~~[0m

[96msrc/lib/database/db-utils.ts[0m:[93m27[0m:[93m49[0m - [91merror[0m[90m TS2345: [0mArgument of type 'SQLiteTransaction<"async", ResultSet, typeof import("D:/DEV/image-manager/src/lib/database/schema"), ExtractTablesWithRelations<typeof import("D:/DEV/image-manager/src/lib/database/schema")>>' is not assignable to parameter of type '{ readonly schema: ExtractTablesWithRelations<typeof import("D:/DEV/image-manager/src/lib/database/schema")> | undefined; readonly fullSchema: typeof import("D:/DEV/image-manager/src/lib/database/schema"); readonly tableNamesMap: Record<...>; }'.
  Type 'SQLiteTransaction<"async", ResultSet, typeof import("D:/DEV/image-manager/src/lib/database/schema"), ExtractTablesWithRelations<typeof import("D:/DEV/image-manager/src/lib/database/schema")>>' is missing the following properties from type '{ readonly schema: ExtractTablesWithRelations<typeof import("D:/DEV/image-manager/src/lib/database/schema")> | undefined; readonly fullSchema: typeof import("D:/DEV/image-manager/src/lib/database/schema"); readonly tableNamesMap: Record<...>; }': fullSchema, tableNamesMap

[7m27[0m    return await db.transaction(async (tx) => fn(tx));
[7m  [0m [91m                                                ~~[0m

[96msrc/lib/database/db-utils.ts[0m:[93m86[0m:[93m34[0m - [91merror[0m[90m TS2339: [0mProperty 'delete' does not exist on type '{ readonly schema: ExtractTablesWithRelations<typeof import("D:/DEV/image-manager/src/lib/database/schema")> | undefined; readonly fullSchema: typeof import("D:/DEV/image-manager/src/lib/database/schema"); readonly tableNamesMap: Record<...>; }'.

[7m86[0m   const deletedImages = await tx.delete(images).where(eq(images.folderId, null)).execute();
[7m  [0m [91m                                 ~~~~~~[0m

[96msrc/lib/database/db-utils.ts[0m:[93m89[0m:[93m33[0m - [91merror[0m[90m TS2339: [0mProperty 'delete' does not exist on type '{ readonly schema: ExtractTablesWithRelations<typeof import("D:/DEV/image-manager/src/lib/database/schema")> | undefined; readonly fullSchema: typeof import("D:/DEV/image-manager/src/lib/database/schema"); readonly tableNamesMap: Record<...>; }'.

[7m89[0m   const deletedStats = await tx.delete(imageStats).where(eq(imageStats.imageId, null)).execute();
[7m  [0m [91m                                ~~~~~~[0m

[96msrc/lib/drizzle/relations-clean.ts[0m:[93m140[0m:[93m26[0m - [91merror[0m[90m TS2339: [0mProperty 'folderId' does not exist on type 'SQLiteTableWithColumns<{ name: "Collection"; schema: undefined; columns: { id: SQLiteColumn<{ name: "id"; tableName: "Collection"; dataType: "string"; columnType: "SQLiteText"; data: string; driverParam: string; notNull: true; hasDefault: false; ... 6 more ...; generated: undefined; }, {}, { ...; }>; ... 14 more ......'.

[7m140[0m     fields: [collections.folderId],
[7m   [0m [91m                         ~~~~~~~~[0m

[96msrc/lib/drizzle/relations-clean.ts[0m:[93m156[0m:[93m26[0m - [91merror[0m[90m TS2339: [0mProperty 'imageId' does not exist on type 'SQLiteTableWithColumns<{ name: "_ImageToAlbum"; schema: undefined; columns: { A: SQLiteColumn<{ name: "A"; tableName: "_ImageToAlbum"; dataType: "string"; columnType: "SQLiteText"; data: string; driverParam: string; notNull: true; ... 7 more ...; generated: undefined; }, {}, { ...; }>; B: SQLiteColumn<...>; }; diale...'.

[7m156[0m     fields: [imageAlbums.imageId],
[7m   [0m [91m                         ~~~~~~~[0m

[96msrc/lib/drizzle/relations-clean.ts[0m:[93m160[0m:[93m26[0m - [91merror[0m[90m TS2339: [0mProperty 'albumId' does not exist on type 'SQLiteTableWithColumns<{ name: "_ImageToAlbum"; schema: undefined; columns: { A: SQLiteColumn<{ name: "A"; tableName: "_ImageToAlbum"; dataType: "string"; columnType: "SQLiteText"; data: string; driverParam: string; notNull: true; ... 7 more ...; generated: undefined; }, {}, { ...; }>; B: SQLiteColumn<...>; }; diale...'.

[7m160[0m     fields: [imageAlbums.albumId],
[7m   [0m [91m                         ~~~~~~~[0m

[96msrc/lib/drizzle/relations-clean.ts[0m:[93m167[0m:[93m31[0m - [91merror[0m[90m TS2339: [0mProperty 'imageId' does not exist on type 'SQLiteTableWithColumns<{ name: "_ImageToCollection"; schema: undefined; columns: { A: SQLiteColumn<{ name: "A"; tableName: "_ImageToCollection"; dataType: "string"; columnType: "SQLiteText"; data: string; driverParam: string; ... 8 more ...; generated: undefined; }, {}, { ...; }>; B: SQLiteColumn<...>; }; dialect: "...'.

[7m167[0m     fields: [imageCollections.imageId],
[7m   [0m [91m                              ~~~~~~~[0m

[96msrc/lib/drizzle/relations-clean.ts[0m:[93m171[0m:[93m31[0m - [91merror[0m[90m TS2339: [0mProperty 'collectionId' does not exist on type 'SQLiteTableWithColumns<{ name: "_ImageToCollection"; schema: undefined; columns: { A: SQLiteColumn<{ name: "A"; tableName: "_ImageToCollection"; dataType: "string"; columnType: "SQLiteText"; data: string; driverParam: string; ... 8 more ...; generated: undefined; }, {}, { ...; }>; B: SQLiteColumn<...>; }; dialect: "...'.

[7m171[0m     fields: [imageCollections.collectionId],
[7m   [0m [91m                              ~~~~~~~~~~~~[0m

[96msrc/lib/drizzle/relations-clean.ts[0m:[93m178[0m:[93m24[0m - [91merror[0m[90m TS2339: [0mProperty 'imageId' does not exist on type 'SQLiteTableWithColumns<{ name: "_ImageToTag"; schema: undefined; columns: { A: SQLiteColumn<{ name: "A"; tableName: "_ImageToTag"; dataType: "string"; columnType: "SQLiteText"; data: string; driverParam: string; notNull: true; hasDefault: false; ... 6 more ...; generated: undefined; }, {}, { ...; }>; B: SQLiteColumn...'.

[7m178[0m     fields: [imageTags.imageId],
[7m   [0m [91m                       ~~~~~~~[0m

[96msrc/lib/drizzle/relations-clean.ts[0m:[93m182[0m:[93m24[0m - [91merror[0m[90m TS2339: [0mProperty 'tagId' does not exist on type 'SQLiteTableWithColumns<{ name: "_ImageToTag"; schema: undefined; columns: { A: SQLiteColumn<{ name: "A"; tableName: "_ImageToTag"; dataType: "string"; columnType: "SQLiteText"; data: string; driverParam: string; notNull: true; hasDefault: false; ... 6 more ...; generated: undefined; }, {}, { ...; }>; B: SQLiteColumn...'.

[7m182[0m     fields: [imageTags.tagId],
[7m   [0m [91m                       ~~~~~[0m

[96msrc/lib/drizzle/relations.ts[0m:[93m371[0m:[93m30[0m - [91merror[0m[90m TS2339: [0mProperty 'imageId' does not exist on type 'SQLiteTableWithColumns<{ name: "Activity"; schema: undefined; columns: { id: SQLiteColumn<{ name: "id"; tableName: "Activity"; dataType: "string"; columnType: "SQLiteText"; data: string; driverParam: string; notNull: true; hasDefault: false; ... 6 more ...; generated: undefined; }, {}, { ...; }>; ... 10 more ...; cr...'.

[7m371[0m   fields: [schema.activities.imageId],
[7m   [0m [91m                             ~~~~~~~[0m

[96msrc/lib/drizzle/seeds/index.ts[0m:[93m117[0m:[93m17[0m - [91merror[0m[90m TS2339: [0mProperty 'main' does not exist on type 'ImportMeta'.

[7m117[0m if (import.meta.main) {
[7m   [0m [91m                ~~~~[0m

[96msrc/lib/filesystem/folder-stats.ts[0m:[93m67[0m:[93m36[0m - [91merror[0m[90m TS2322: [0mType 'number' is not assignable to type '{ file: string; error: string; }[]'.

[7m67[0m   return { created: 0, updated: 0, errors: 0 };
[7m  [0m [91m                                   ~~~~~~[0m

  [96msrc/types/file-entity-mapper.ts[0m:[93m32[0m:[93m2[0m
    [7m32[0m  errors: Array<{
    [7m  [0m [96m ~~~~~~[0m
    The expected type comes from property 'errors' which is declared here on type 'EntityCreationStats & { syncResult?: FolderSyncResult | undefined; }'

[96msrc/lib/filesystem/folder-stats.ts[0m:[93m77[0m:[93m41[0m - [91merror[0m[90m TS2345: [0mArgument of type '{ type: string; data: { folderId: string; status: string; progress: number; totalFiles: number; processedFiles: number; message: string; }; }' is not assignable to parameter of type 'ProcessStatus'.

[7m 77[0m   await emitProgress('folder:progress', {
[7m   [0m [91m                                        ~[0m
[7m 78[0m    type: 'folder:progress',
[7m   [0m [91m~~~~~~~~~~~~~~~~~~~~~~~~~~~[0m
[7m...[0m 
[7m 86[0m    },
[7m   [0m [91m~~~~~[0m
[7m 87[0m   });
[7m   [0m [91m~~~[0m

[96msrc/lib/filesystem/folder-stats.ts[0m:[93m119[0m:[93m24[0m - [91merror[0m[90m TS2339: [0mProperty 'created' does not exist on type 'EntityCreationStats'.

[7m119[0m   created: entityStats.created + subfolderStats.created,
[7m   [0m [91m                       ~~~~~~~[0m

[96msrc/lib/filesystem/folder-stats.ts[0m:[93m119[0m:[93m49[0m - [91merror[0m[90m TS2339: [0mProperty 'created' does not exist on type 'EntityCreationStats'.

[7m119[0m   created: entityStats.created + subfolderStats.created,
[7m   [0m [91m                                                ~~~~~~~[0m

[96msrc/lib/filesystem/folder-stats.ts[0m:[93m120[0m:[93m24[0m - [91merror[0m[90m TS2339: [0mProperty 'updated' does not exist on type 'EntityCreationStats'.

[7m120[0m   updated: entityStats.updated + subfolderStats.updated,
[7m   [0m [91m                       ~~~~~~~[0m

[96msrc/lib/filesystem/folder-stats.ts[0m:[93m120[0m:[93m49[0m - [91merror[0m[90m TS2339: [0mProperty 'updated' does not exist on type 'EntityCreationStats'.

[7m120[0m   updated: entityStats.updated + subfolderStats.updated,
[7m   [0m [91m                                                ~~~~~~~[0m

[96msrc/lib/filesystem/folder-stats.ts[0m:[93m121[0m:[93m11[0m - [91merror[0m[90m TS2365: [0mOperator '+' cannot be applied to types '{ file: string; error: string; }[]' and '{ file: string; error: string; }[]'.

[7m121[0m   errors: entityStats.errors + subfolderStats.errors,
[7m   [0m [91m          ~~~~~~~~~~~~~~~~~~~~~~~~~~~~~~~~~~~~~~~~~~[0m

[96msrc/lib/filesystem/folder-stats.ts[0m:[93m125[0m:[93m2[0m - [91merror[0m[90m TS2322: [0mType '{ syncResult?: FolderSyncResult | undefined; created: any; updated: any; errors: any; }' is not assignable to type 'EntityCreationStats & { syncResult?: FolderSyncResult | undefined; }'.
  Type '{ syncResult?: FolderSyncResult | undefined; created: any; updated: any; errors: any; }' is missing the following properties from type 'EntityCreationStats': totalFiles, processed, successful, failed

[7m125[0m  return result;
[7m   [0m [91m ~~~~~~[0m

[96msrc/lib/filesystem/folder-stats.ts[0m:[93m160[0m:[93m63[0m - [91merror[0m[90m TS2322: [0mType 'number' is not assignable to type '{ file: string; error: string; }[]'.

[7m160[0m  const stats: EntityCreationStats = { created: 0, updated: 0, errors: 0 };
[7m   [0m [91m                                                              ~~~~~~[0m

  [96msrc/types/file-entity-mapper.ts[0m:[93m32[0m:[93m2[0m
    [7m32[0m  errors: Array<{
    [7m  [0m [96m ~~~~~~[0m
    The expected type comes from property 'errors' which is declared here on type 'EntityCreationStats'

[96msrc/lib/filesystem/folder-stats.ts[0m:[93m174[0m:[93m12[0m - [91merror[0m[90m TS2339: [0mProperty 'created' does not exist on type 'EntityCreationStats'.

[7m174[0m      stats.created++;
[7m   [0m [91m           ~~~~~~~[0m

[96msrc/lib/filesystem/folder-stats.ts[0m:[93m176[0m:[93m12[0m - [91merror[0m[90m TS2339: [0mProperty 'updated' does not exist on type 'EntityCreationStats'.

[7m176[0m      stats.updated++;
[7m   [0m [91m           ~~~~~~~[0m

[96msrc/lib/filesystem/folder-stats.ts[0m:[93m180[0m:[93m5[0m - [91merror[0m[90m TS2356: [0mAn arithmetic operand must be of type 'any', 'number', 'bigint' or an enum type.

[7m180[0m     stats.errors++;
[7m   [0m [91m    ~~~~~~~~~~~~[0m

[96msrc/lib/filesystem/folder-stats.ts[0m:[93m188[0m:[93m43[0m - [91merror[0m[90m TS2345: [0mArgument of type '{ folderId: string; status: string; progress: number; totalFiles: number; processedFiles: number; message: string; }' is not assignable to parameter of type 'ProcessStatus'.

[7m188[0m     await emitProgress('folder:progress', {
[7m   [0m [91m                                          ~[0m
[7m189[0m      folderId,
[7m   [0m [91m~~~~~~~~~~~~~~[0m
[7m...[0m 
[7m197[0m        : `Procesando archivos... ${processedFiles}/${totalFiles}`,
[7m   [0m [91m~~~~~~~~~~~~~~~~~~~~~~~~~~~~~~~~~~~~~~~~~~~~~~~~~~~~~~~~~~~~~~~~~~[0m
[7m198[0m     });
[7m   [0m [91m~~~~~[0m

[96msrc/lib/filesystem/folder-stats.ts[0m:[93m222[0m:[93m68[0m - [91merror[0m[90m TS2322: [0mType 'number' is not assignable to type '{ file: string; error: string; }[]'.

[7m222[0m  const totalStats: EntityCreationStats = { created: 0, updated: 0, errors: 0 };
[7m   [0m [91m                                                                   ~~~~~~[0m

  [96msrc/types/file-entity-mapper.ts[0m:[93m32[0m:[93m2[0m
    [7m32[0m  errors: Array<{
    [7m  [0m [96m ~~~~~~[0m
    The expected type comes from property 'errors' which is declared here on type 'EntityCreationStats'

[96msrc/lib/filesystem/folder-stats.ts[0m:[93m237[0m:[93m16[0m - [91merror[0m[90m TS2339: [0mProperty 'updated' does not exist on type 'EntityCreationStats'.

[7m237[0m     totalStats.updated++;
[7m   [0m [91m               ~~~~~~~[0m

[96msrc/lib/filesystem/folder-stats.ts[0m:[93m254[0m:[93m16[0m - [91merror[0m[90m TS2339: [0mProperty 'created' does not exist on type 'EntityCreationStats'.

[7m254[0m     totalStats.created++;
[7m   [0m [91m               ~~~~~~~[0m

[96msrc/lib/filesystem/folder-stats.ts[0m:[93m266[0m:[93m15[0m - [91merror[0m[90m TS2339: [0mProperty 'created' does not exist on type 'EntityCreationStats'.

[7m266[0m    totalStats.created += subfolderStats.created;
[7m   [0m [91m              ~~~~~~~[0m

[96msrc/lib/filesystem/folder-stats.ts[0m:[93m266[0m:[93m41[0m - [91merror[0m[90m TS2339: [0mProperty 'created' does not exist on type 'EntityCreationStats & { syncResult?: FolderSyncResult | undefined; }'.

[7m266[0m    totalStats.created += subfolderStats.created;
[7m   [0m [91m                                        ~~~~~~~[0m

[96msrc/lib/filesystem/folder-stats.ts[0m:[93m267[0m:[93m15[0m - [91merror[0m[90m TS2339: [0mProperty 'updated' does not exist on type 'EntityCreationStats'.

[7m267[0m    totalStats.updated += subfolderStats.updated;
[7m   [0m [91m              ~~~~~~~[0m

[96msrc/lib/filesystem/folder-stats.ts[0m:[93m267[0m:[93m41[0m - [91merror[0m[90m TS2339: [0mProperty 'updated' does not exist on type 'EntityCreationStats & { syncResult?: FolderSyncResult | undefined; }'.

[7m267[0m    totalStats.updated += subfolderStats.updated;
[7m   [0m [91m                                        ~~~~~~~[0m

[96msrc/lib/filesystem/folder-stats.ts[0m:[93m268[0m:[93m4[0m - [91merror[0m[90m TS2365: [0mOperator '+=' cannot be applied to types '{ file: string; error: string; }[]' and '{ file: string; error: string; }[]'.

[7m268[0m    totalStats.errors += subfolderStats.errors;
[7m   [0m [91m   ~~~~~~~~~~~~~~~~~~~~~~~~~~~~~~~~~~~~~~~~~~[0m

[96msrc/lib/filesystem/folder-stats.ts[0m:[93m271[0m:[93m4[0m - [91merror[0m[90m TS2356: [0mAn arithmetic operand must be of type 'any', 'number', 'bigint' or an enum type.

[7m271[0m    totalStats.errors++;
[7m   [0m [91m   ~~~~~~~~~~~~~~~~~[0m

[96msrc/lib/filesystem/folder-sync.ts[0m:[93m111[0m:[93m41[0m - [91merror[0m[90m TS7006: [0mParameter 'f' implicitly has an 'any' type.

[7m111[0m   const rootFolders = dbFolders.filter((f) => !f.parentId);
[7m   [0m [91m                                        ~[0m

[96msrc/lib/filesystem/index.ts[0m:[93m5[0m:[93m1[0m - [91merror[0m[90m TS2308: [0mModule './folder-scanner' has already exported a member named 'getFolderStats'. Consider explicitly re-exporting to resolve the ambiguity.

[7m5[0m export * from './folder-stats';
[7m [0m [91m~~~~~~~~~~~~~~~~~~~~~~~~~~~~~~~[0m

[96msrc/lib/hooks/entities/concept/use-concept-actions.ts[0m:[93m37[0m:[93m25[0m - [91merror[0m[90m TS2345: [0mArgument of type 'ConceptCreateInput' is not assignable to parameter of type 'Omit<ConceptBase, "id">'.
  Type 'ConceptCreateInput' is missing the following properties from type 'Omit<ConceptBase, "id">': createdAt, updatedAt

[7m37[0m     await createConcept(data);
[7m  [0m [91m                        ~~~~[0m

[96msrc/lib/hooks/entities/concept/use-concept-filters.ts[0m:[93m38[0m:[93m14[0m - [91merror[0m[90m TS2345: [0mArgument of type 'import("D:/DEV/image-manager/src/types/entities/concept/enums").ConceptSortOption' is not assignable to parameter of type 'import("D:/DEV/image-manager/src/types/entities/concept/types").ConceptSortOption'.
  Property 'CREATED_ASC' is missing in type 'import("D:/DEV/image-manager/src/types/entities/concept/types").ConceptSortOption'.

[7m38[0m    setSortBy(option);
[7m  [0m [91m             ~~~~~~[0m

[96msrc/lib/hooks/entities/concept/use-concept-filters.ts[0m:[93m70[0m:[93m16[0m - [91merror[0m[90m TS2345: [0mArgument of type 'import("D:/DEV/image-manager/src/types/entities/concept/enums").ConceptViewMode' is not assignable to parameter of type 'import("D:/DEV/image-manager/src/types/entities/concept/types").ConceptViewMode'.
  Property 'COMPACT' is missing in type 'import("D:/DEV/image-manager/src/types/entities/concept/types").ConceptViewMode'.

[7m70[0m    setViewMode(mode);
[7m  [0m [91m               ~~~~[0m

[96msrc/lib/hooks/entities/concept/use-concepts.ts[0m:[93m28[0m:[93m59[0m - [91merror[0m[90m TS2345: [0mArgument of type 'import("D:/DEV/image-manager/src/types/entities/concept/types").ConceptSortOption' is not assignable to parameter of type 'import("D:/DEV/image-manager/src/types/entities/concept/enums").ConceptSortOption'.
  Property 'CREATED_AT_ASC' is missing in type 'import("D:/DEV/image-manager/src/types/entities/concept/enums").ConceptSortOption'.

[7m28[0m  const processedData = processConcepts(concepts, filters, sortBy, page, pageSize);
[7m  [0m [91m                                                          ~~~~~~[0m

[96msrc/lib/hooks/entities/note/useNoteRelations.ts[0m:[93m13[0m:[93m10[0m - [91merror[0m[90m TS2339: [0mProperty 'addNoteToEntity' does not exist on type 'unknown'.

[7m13[0m  const { addNoteToEntity, removeNoteFromEntity, isLoading, error } = useNoteStore(
[7m  [0m [91m         ~~~~~~~~~~~~~~~[0m

[96msrc/lib/hooks/entities/note/useNoteRelations.ts[0m:[93m13[0m:[93m27[0m - [91merror[0m[90m TS2339: [0mProperty 'removeNoteFromEntity' does not exist on type 'unknown'.

[7m13[0m  const { addNoteToEntity, removeNoteFromEntity, isLoading, error } = useNoteStore(
[7m  [0m [91m                          ~~~~~~~~~~~~~~~~~~~~[0m

[96msrc/lib/hooks/entities/note/useNoteRelations.ts[0m:[93m13[0m:[93m49[0m - [91merror[0m[90m TS2339: [0mProperty 'isLoading' does not exist on type 'unknown'.

[7m13[0m  const { addNoteToEntity, removeNoteFromEntity, isLoading, error } = useNoteStore(
[7m  [0m [91m                                                ~~~~~~~~~[0m

[96msrc/lib/hooks/entities/note/useNoteRelations.ts[0m:[93m13[0m:[93m60[0m - [91merror[0m[90m TS2339: [0mProperty 'error' does not exist on type 'unknown'.

[7m13[0m  const { addNoteToEntity, removeNoteFromEntity, isLoading, error } = useNoteStore(
[7m  [0m [91m                                                           ~~~~~[0m

[96msrc/lib/hooks/entities/note/useNoteRelations.ts[0m:[93m20[0m:[93m3[0m - [91merror[0m[90m TS2554: [0mExpected 0-1 arguments, but got 2.

[7m20[0m   shallow
[7m  [0m [91m  ~~~~~~~[0m

[96msrc/lib/hooks/entities/use-entity-conversion.ts[0m:[93m32[0m:[93m8[0m - [91merror[0m[90m TS1361: [0m'isImageWithStats' cannot be used as a value because it was imported using 'import type'.

[7m32[0m    if (isImageWithStats(fileItem)) {
[7m  [0m [91m       ~~~~~~~~~~~~~~~~[0m

  [96msrc/lib/hooks/entities/use-entity-conversion.ts[0m:[93m11[0m:[93m194[0m
    [7m11[0m import type { AnyEntityWithStats, isAlbumWithStats, isAudioWithStats, isCharacterWithStats, isCollectionWithStats, isConceptWithStats, isDocumentWithStats, isFolderWithStats, isGroupWithStats, isImageWithStats, isNoteWithStats, isPlaceWithStats, isPromptWithStats, isPropertyWithStats, isTagWithStats, isVideoWithStats, isWildcardWithStats, isWorldItemWithStats } from '@/types/migration';
    [7m  [0m [96m                                                                                                                                                                                                 ~~~~~~~~~~~~~~~~[0m
    'isImageWithStats' was imported here.

[96msrc/lib/hooks/entities/use-entity-conversion.ts[0m:[93m41[0m:[93m26[0m - [91merror[0m[90m TS2339: [0mProperty '_count' does not exist on type 'ImageWithStats'.

[7m41[0m       tagCount: fileItem._count?.tags || 0,
[7m  [0m [91m                         ~~~~~~[0m

[96msrc/lib/hooks/entities/use-entity-conversion.ts[0m:[93m42[0m:[93m28[0m - [91merror[0m[90m TS2339: [0mProperty '_count' does not exist on type 'ImageWithStats'.

[7m42[0m       albumCount: fileItem._count?.albums || 0,
[7m  [0m [91m                           ~~~~~~[0m

[96msrc/lib/hooks/entities/use-entity-conversion.ts[0m:[93m43[0m:[93m33[0m - [91merror[0m[90m TS2339: [0mProperty '_count' does not exist on type 'ImageWithStats'.

[7m43[0m       collectionCount: fileItem._count?.collections || 0,
[7m  [0m [91m                                ~~~~~~[0m

[96msrc/lib/hooks/entities/use-entity-conversion.ts[0m:[93m44[0m:[93m32[0m - [91merror[0m[90m TS2339: [0mProperty '_count' does not exist on type 'ImageWithStats'.

[7m44[0m       characterCount: fileItem._count?.characters || 0,
[7m  [0m [91m                               ~~~~~~[0m

[96msrc/lib/hooks/entities/use-entity-conversion.ts[0m:[93m45[0m:[93m28[0m - [91merror[0m[90m TS2339: [0mProperty '_count' does not exist on type 'ImageWithStats'.

[7m45[0m       placeCount: fileItem._count?.places || 0,
[7m  [0m [91m                           ~~~~~~[0m

[96msrc/lib/hooks/entities/use-entity-conversion.ts[0m:[93m46[0m:[93m32[0m - [91merror[0m[90m TS2339: [0mProperty '_count' does not exist on type 'ImageWithStats'.

[7m46[0m       worldItemCount: fileItem._count?.worldItems || 0,
[7m  [0m [91m                               ~~~~~~[0m

[96msrc/lib/hooks/entities/use-entity-conversion.ts[0m:[93m47[0m:[93m30[0m - [91merror[0m[90m TS2339: [0mProperty '_count' does not exist on type 'ImageWithStats'.

[7m47[0m       conceptCount: fileItem._count?.concepts || 0,
[7m  [0m [91m                             ~~~~~~[0m

[96msrc/lib/hooks/entities/use-entity-conversion.ts[0m:[93m48[0m:[93m29[0m - [91merror[0m[90m TS2339: [0mProperty '_count' does not exist on type 'ImageWithStats'.

[7m48[0m       promptCount: fileItem._count?.prompts || 0,
[7m  [0m [91m                            ~~~~~~[0m

[96msrc/lib/hooks/entities/use-entity-conversion.ts[0m:[93m49[0m:[93m27[0m - [91merror[0m[90m TS2339: [0mProperty '_count' does not exist on type 'ImageWithStats'.

[7m49[0m       noteCount: fileItem._count?.notes || 0,
[7m  [0m [91m                          ~~~~~~[0m

[96msrc/lib/hooks/entities/use-entity-conversion.ts[0m:[93m50[0m:[93m31[0m - [91merror[0m[90m TS2339: [0mProperty '_count' does not exist on type 'ImageWithStats'.

[7m50[0m       wildcardCount: fileItem._count?.wildcards || 0,
[7m  [0m [91m                              ~~~~~~[0m

[96msrc/lib/hooks/entities/use-entity-conversion.ts[0m:[93m51[0m:[93m31[0m - [91merror[0m[90m TS2339: [0mProperty '_count' does not exist on type 'ImageWithStats'.

[7m51[0m       propertyCount: fileItem._count?.properties || 0,
[7m  [0m [91m                              ~~~~~~[0m

[96msrc/lib/hooks/entities/use-entity-conversion.ts[0m:[93m52[0m:[93m28[0m - [91merror[0m[90m TS2339: [0mProperty '_count' does not exist on type 'ImageWithStats'.

[7m52[0m       groupCount: fileItem._count?.groups || 0,
[7m  [0m [91m                           ~~~~~~[0m

[96msrc/lib/hooks/entities/use-entity-conversion.ts[0m:[93m53[0m:[93m35[0m - [91merror[0m[90m TS2339: [0mProperty '_count' does not exist on type 'ImageWithStats'.

[7m53[0m       totalAssociations: fileItem._count ? Object.values(fileItem._count).reduce((sum, count) => sum + count, 0) : 0,
[7m  [0m [91m                                  ~~~~~~[0m

[96msrc/lib/hooks/entities/use-entity-conversion.ts[0m:[93m53[0m:[93m67[0m - [91merror[0m[90m TS2339: [0mProperty '_count' does not exist on type 'ImageWithStats'.

[7m53[0m       totalAssociations: fileItem._count ? Object.values(fileItem._count).reduce((sum, count) => sum + count, 0) : 0,
[7m  [0m [91m                                                                  ~~~~~~[0m

[96msrc/lib/hooks/entities/use-entity-conversion.ts[0m:[93m53[0m:[93m98[0m - [91merror[0m[90m TS18046: [0m'sum' is of type 'unknown'.

[7m53[0m       totalAssociations: fileItem._count ? Object.values(fileItem._count).reduce((sum, count) => sum + count, 0) : 0,
[7m  [0m [91m                                                                                                 ~~~[0m

[96msrc/lib/hooks/entities/use-entity-conversion.ts[0m:[93m53[0m:[93m104[0m - [91merror[0m[90m TS18046: [0m'count' is of type 'unknown'.

[7m53[0m       totalAssociations: fileItem._count ? Object.values(fileItem._count).reduce((sum, count) => sum + count, 0) : 0,
[7m  [0m [91m                                                                                                       ~~~~~[0m

[96msrc/lib/hooks/entities/use-entity-conversion.ts[0m:[93m57[0m:[93m10[0m - [91merror[0m[90m TS2304: [0mCannot find name 'ImageWithStats'.

[7m57[0m     } as ImageWithStats;
[7m  [0m [91m         ~~~~~~~~~~~~~~[0m

[96msrc/lib/hooks/entities/use-entity-conversion.ts[0m:[93m58[0m:[93m15[0m - [91merror[0m[90m TS1361: [0m'isVideoWithStats' cannot be used as a value because it was imported using 'import type'.

[7m58[0m    } else if (isVideoWithStats(fileItem)) {
[7m  [0m [91m              ~~~~~~~~~~~~~~~~[0m

  [96msrc/lib/hooks/entities/use-entity-conversion.ts[0m:[93m11[0m:[93m303[0m
    [7m11[0m import type { AnyEntityWithStats, isAlbumWithStats, isAudioWithStats, isCharacterWithStats, isCollectionWithStats, isConceptWithStats, isDocumentWithStats, isFolderWithStats, isGroupWithStats, isImageWithStats, isNoteWithStats, isPlaceWithStats, isPromptWithStats, isPropertyWithStats, isTagWithStats, isVideoWithStats, isWildcardWithStats, isWorldItemWithStats } from '@/types/migration';
    [7m  [0m [96m                                                                                                                                                                                                                                                                                                              ~~~~~~~~~~~~~~~~[0m
    'isVideoWithStats' was imported here.

[96msrc/lib/hooks/entities/use-entity-conversion.ts[0m:[93m64[0m:[93m21[0m - [91merror[0m[90m TS2339: [0mProperty 'fps' does not exist on type 'VideoWithStats'.

[7m64[0m       fps: fileItem.fps,
[7m  [0m [91m                    ~~~[0m

[96msrc/lib/hooks/entities/use-entity-conversion.ts[0m:[93m65[0m:[93m23[0m - [91merror[0m[90m TS2339: [0mProperty 'codec' does not exist on type 'VideoWithStats'.

[7m65[0m       codec: fileItem.codec || 'unknown',
[7m  [0m [91m                      ~~~~~[0m

[96msrc/lib/hooks/entities/use-entity-conversion.ts[0m:[93m69[0m:[93m10[0m - [91merror[0m[90m TS2304: [0mCannot find name 'VideoWithStats'.

[7m69[0m     } as VideoWithStats;
[7m  [0m [91m         ~~~~~~~~~~~~~~[0m

[96msrc/lib/hooks/entities/use-entity-conversion.ts[0m:[93m70[0m:[93m15[0m - [91merror[0m[90m TS1361: [0m'isFolderWithStats' cannot be used as a value because it was imported using 'import type'.

[7m70[0m    } else if (isFolderWithStats(fileItem)) {
[7m  [0m [91m              ~~~~~~~~~~~~~~~~~[0m

  [96msrc/lib/hooks/entities/use-entity-conversion.ts[0m:[93m11[0m:[93m157[0m
    [7m11[0m import type { AnyEntityWithStats, isAlbumWithStats, isAudioWithStats, isCharacterWithStats, isCollectionWithStats, isConceptWithStats, isDocumentWithStats, isFolderWithStats, isGroupWithStats, isImageWithStats, isNoteWithStats, isPlaceWithStats, isPromptWithStats, isPropertyWithStats, isTagWithStats, isVideoWithStats, isWildcardWithStats, isWorldItemWithStats } from '@/types/migration';
    [7m  [0m [96m                                                                                                                                                            ~~~~~~~~~~~~~~~~~[0m
    'isFolderWithStats' was imported here.

[96msrc/lib/hooks/entities/use-entity-conversion.ts[0m:[93m71[0m:[93m53[0m - [91merror[0m[90m TS2304: [0mCannot find name 'FolderWithStats'.

[7m71[0m     return { ...fileItem, entityType: 'folder' } as FolderWithStats;
[7m  [0m [91m                                                    ~~~~~~~~~~~~~~~[0m

[96msrc/lib/hooks/entities/use-entity-conversion.ts[0m:[93m72[0m:[93m15[0m - [91merror[0m[90m TS1361: [0m'isTagWithStats' cannot be used as a value because it was imported using 'import type'.

[7m72[0m    } else if (isTagWithStats(fileItem)) {
[7m  [0m [91m              ~~~~~~~~~~~~~~[0m

  [96msrc/lib/hooks/entities/use-entity-conversion.ts[0m:[93m11[0m:[93m287[0m
    [7m11[0m import type { AnyEntityWithStats, isAlbumWithStats, isAudioWithStats, isCharacterWithStats, isCollectionWithStats, isConceptWithStats, isDocumentWithStats, isFolderWithStats, isGroupWithStats, isImageWithStats, isNoteWithStats, isPlaceWithStats, isPromptWithStats, isPropertyWithStats, isTagWithStats, isVideoWithStats, isWildcardWithStats, isWorldItemWithStats } from '@/types/migration';
    [7m  [0m [96m                                                                                                                                                                                                                                                                                              ~~~~~~~~~~~~~~[0m
    'isTagWithStats' was imported here.

[96msrc/lib/hooks/entities/use-entity-conversion.ts[0m:[93m73[0m:[93m50[0m - [91merror[0m[90m TS2304: [0mCannot find name 'TagWithStats'.

[7m73[0m     return { ...fileItem, entityType: 'tag' } as TagWithStats;
[7m  [0m [91m                                                 ~~~~~~~~~~~~[0m

[96msrc/lib/hooks/entities/use-entity-conversion.ts[0m:[93m74[0m:[93m15[0m - [91merror[0m[90m TS1361: [0m'isPlaceWithStats' cannot be used as a value because it was imported using 'import type'.

[7m74[0m    } else if (isPlaceWithStats(fileItem)) {
[7m  [0m [91m              ~~~~~~~~~~~~~~~~[0m

  [96msrc/lib/hooks/entities/use-entity-conversion.ts[0m:[93m11[0m:[93m229[0m
    [7m11[0m import type { AnyEntityWithStats, isAlbumWithStats, isAudioWithStats, isCharacterWithStats, isCollectionWithStats, isConceptWithStats, isDocumentWithStats, isFolderWithStats, isGroupWithStats, isImageWithStats, isNoteWithStats, isPlaceWithStats, isPromptWithStats, isPropertyWithStats, isTagWithStats, isVideoWithStats, isWildcardWithStats, isWorldItemWithStats } from '@/types/migration';
    [7m  [0m [96m                                                                                                                                                                                                                                    ~~~~~~~~~~~~~~~~[0m
    'isPlaceWithStats' was imported here.

[96msrc/lib/hooks/entities/use-entity-conversion.ts[0m:[93m75[0m:[93m52[0m - [91merror[0m[90m TS2304: [0mCannot find name 'PlaceWithStats'.

[7m75[0m     return { ...fileItem, entityType: 'place' } as PlaceWithStats;
[7m  [0m [91m                                                   ~~~~~~~~~~~~~~[0m

[96msrc/lib/hooks/entities/use-entity-conversion.ts[0m:[93m76[0m:[93m15[0m - [91merror[0m[90m TS1361: [0m'isWorldItemWithStats' cannot be used as a value because it was imported using 'import type'.

[7m76[0m    } else if (isWorldItemWithStats(fileItem)) {
[7m  [0m [91m              ~~~~~~~~~~~~~~~~~~~~[0m

  [96msrc/lib/hooks/entities/use-entity-conversion.ts[0m:[93m11[0m:[93m342[0m
    [7m11[0m import type { AnyEntityWithStats, isAlbumWithStats, isAudioWithStats, isCharacterWithStats, isCollectionWithStats, isConceptWithStats, isDocumentWithStats, isFolderWithStats, isGroupWithStats, isImageWithStats, isNoteWithStats, isPlaceWithStats, isPromptWithStats, isPropertyWithStats, isTagWithStats, isVideoWithStats, isWildcardWithStats, isWorldItemWithStats } from '@/types/migration';
    [7m  [0m [96m                                                                                                                                                                                                                                                                                                                                                     ~~~~~~~~~~~~~~~~~~~~[0m
    'isWorldItemWithStats' was imported here.

[96msrc/lib/hooks/entities/use-entity-conversion.ts[0m:[93m77[0m:[93m57[0m - [91merror[0m[90m TS2304: [0mCannot find name 'WorldItemWithStats'.

[7m77[0m     return { ...fileItem, entityType: 'world-item' } as WorldItemWithStats;
[7m  [0m [91m                                                        ~~~~~~~~~~~~~~~~~~[0m

[96msrc/lib/hooks/entities/use-entity-conversion.ts[0m:[93m78[0m:[93m15[0m - [91merror[0m[90m TS1361: [0m'isNoteWithStats' cannot be used as a value because it was imported using 'import type'.

[7m78[0m    } else if (isNoteWithStats(fileItem)) {
[7m  [0m [91m              ~~~~~~~~~~~~~~~[0m

  [96msrc/lib/hooks/entities/use-entity-conversion.ts[0m:[93m11[0m:[93m212[0m
    [7m11[0m import type { AnyEntityWithStats, isAlbumWithStats, isAudioWithStats, isCharacterWithStats, isCollectionWithStats, isConceptWithStats, isDocumentWithStats, isFolderWithStats, isGroupWithStats, isImageWithStats, isNoteWithStats, isPlaceWithStats, isPromptWithStats, isPropertyWithStats, isTagWithStats, isVideoWithStats, isWildcardWithStats, isWorldItemWithStats } from '@/types/migration';
    [7m  [0m [96m                                                                                                                                                                                                                   ~~~~~~~~~~~~~~~[0m
    'isNoteWithStats' was imported here.

[96msrc/lib/hooks/entities/use-entity-conversion.ts[0m:[93m79[0m:[93m51[0m - [91merror[0m[90m TS2304: [0mCannot find name 'NoteWithStats'.

[7m79[0m     return { ...fileItem, entityType: 'note' } as NoteWithStats;
[7m  [0m [91m                                                  ~~~~~~~~~~~~~[0m

[96msrc/lib/hooks/entities/use-entity-conversion.ts[0m:[93m80[0m:[93m15[0m - [91merror[0m[90m TS1361: [0m'isPropertyWithStats' cannot be used as a value because it was imported using 'import type'.

[7m80[0m    } else if (isPropertyWithStats(fileItem)) {
[7m  [0m [91m              ~~~~~~~~~~~~~~~~~~~[0m

  [96msrc/lib/hooks/entities/use-entity-conversion.ts[0m:[93m11[0m:[93m266[0m
    [7m11[0m import type { AnyEntityWithStats, isAlbumWithStats, isAudioWithStats, isCharacterWithStats, isCollectionWithStats, isConceptWithStats, isDocumentWithStats, isFolderWithStats, isGroupWithStats, isImageWithStats, isNoteWithStats, isPlaceWithStats, isPromptWithStats, isPropertyWithStats, isTagWithStats, isVideoWithStats, isWildcardWithStats, isWorldItemWithStats } from '@/types/migration';
    [7m  [0m [96m                                                                                                                                                                                                                                                                         ~~~~~~~~~~~~~~~~~~~[0m
    'isPropertyWithStats' was imported here.

[96msrc/lib/hooks/entities/use-entity-conversion.ts[0m:[93m81[0m:[93m55[0m - [91merror[0m[90m TS2304: [0mCannot find name 'PropertyWithStats'.

[7m81[0m     return { ...fileItem, entityType: 'property' } as PropertyWithStats;
[7m  [0m [91m                                                      ~~~~~~~~~~~~~~~~~[0m

[96msrc/lib/hooks/entities/use-entity-conversion.ts[0m:[93m82[0m:[93m15[0m - [91merror[0m[90m TS1361: [0m'isWildcardWithStats' cannot be used as a value because it was imported using 'import type'.

[7m82[0m    } else if (isWildcardWithStats(fileItem)) {
[7m  [0m [91m              ~~~~~~~~~~~~~~~~~~~[0m

  [96msrc/lib/hooks/entities/use-entity-conversion.ts[0m:[93m11[0m:[93m321[0m
    [7m11[0m import type { AnyEntityWithStats, isAlbumWithStats, isAudioWithStats, isCharacterWithStats, isCollectionWithStats, isConceptWithStats, isDocumentWithStats, isFolderWithStats, isGroupWithStats, isImageWithStats, isNoteWithStats, isPlaceWithStats, isPromptWithStats, isPropertyWithStats, isTagWithStats, isVideoWithStats, isWildcardWithStats, isWorldItemWithStats } from '@/types/migration';
    [7m  [0m [96m                                                                                                                                                                                                                                                                                                                                ~~~~~~~~~~~~~~~~~~~[0m
    'isWildcardWithStats' was imported here.

[96msrc/lib/hooks/entities/use-entity-conversion.ts[0m:[93m83[0m:[93m55[0m - [91merror[0m[90m TS2304: [0mCannot find name 'WildcardWithStats'.

[7m83[0m     return { ...fileItem, entityType: 'wildcard' } as WildcardWithStats;
[7m  [0m [91m                                                      ~~~~~~~~~~~~~~~~~[0m

[96msrc/lib/hooks/entities/use-entity-conversion.ts[0m:[93m84[0m:[93m15[0m - [91merror[0m[90m TS1361: [0m'isAudioWithStats' cannot be used as a value because it was imported using 'import type'.

[7m84[0m    } else if (isAudioWithStats(fileItem)) {
[7m  [0m [91m              ~~~~~~~~~~~~~~~~[0m

  [96msrc/lib/hooks/entities/use-entity-conversion.ts[0m:[93m11[0m:[93m53[0m
    [7m11[0m import type { AnyEntityWithStats, isAlbumWithStats, isAudioWithStats, isCharacterWithStats, isCollectionWithStats, isConceptWithStats, isDocumentWithStats, isFolderWithStats, isGroupWithStats, isImageWithStats, isNoteWithStats, isPlaceWithStats, isPromptWithStats, isPropertyWithStats, isTagWithStats, isVideoWithStats, isWildcardWithStats, isWorldItemWithStats } from '@/types/migration';
    [7m  [0m [96m                                                    ~~~~~~~~~~~~~~~~[0m
    'isAudioWithStats' was imported here.

[96msrc/lib/hooks/entities/use-entity-conversion.ts[0m:[93m85[0m:[93m52[0m - [91merror[0m[90m TS2304: [0mCannot find name 'AudioWithStats'.

[7m85[0m     return { ...fileItem, entityType: 'audio' } as AudioWithStats;
[7m  [0m [91m                                                   ~~~~~~~~~~~~~~[0m

[96msrc/lib/hooks/entities/use-entity-conversion.ts[0m:[93m86[0m:[93m15[0m - [91merror[0m[90m TS1361: [0m'isDocumentWithStats' cannot be used as a value because it was imported using 'import type'.

[7m86[0m    } else if (isDocumentWithStats(fileItem)) {
[7m  [0m [91m              ~~~~~~~~~~~~~~~~~~~[0m

  [96msrc/lib/hooks/entities/use-entity-conversion.ts[0m:[93m11[0m:[93m136[0m
    [7m11[0m import type { AnyEntityWithStats, isAlbumWithStats, isAudioWithStats, isCharacterWithStats, isCollectionWithStats, isConceptWithStats, isDocumentWithStats, isFolderWithStats, isGroupWithStats, isImageWithStats, isNoteWithStats, isPlaceWithStats, isPromptWithStats, isPropertyWithStats, isTagWithStats, isVideoWithStats, isWildcardWithStats, isWorldItemWithStats } from '@/types/migration';
    [7m  [0m [96m                                                                                                                                       ~~~~~~~~~~~~~~~~~~~[0m
    'isDocumentWithStats' was imported here.

[96msrc/lib/hooks/entities/use-entity-conversion.ts[0m:[93m87[0m:[93m55[0m - [91merror[0m[90m TS2304: [0mCannot find name 'DocumentWithStats'.

[7m87[0m     return { ...fileItem, entityType: 'document' } as DocumentWithStats;
[7m  [0m [91m                                                      ~~~~~~~~~~~~~~~~~[0m

[96msrc/lib/hooks/entities/use-entity-conversion.ts[0m:[93m88[0m:[93m15[0m - [91merror[0m[90m TS1361: [0m'isCollectionWithStats' cannot be used as a value because it was imported using 'import type'.

[7m88[0m    } else if (isCollectionWithStats(fileItem)) {
[7m  [0m [91m              ~~~~~~~~~~~~~~~~~~~~~[0m

  [96msrc/lib/hooks/entities/use-entity-conversion.ts[0m:[93m11[0m:[93m93[0m
    [7m11[0m import type { AnyEntityWithStats, isAlbumWithStats, isAudioWithStats, isCharacterWithStats, isCollectionWithStats, isConceptWithStats, isDocumentWithStats, isFolderWithStats, isGroupWithStats, isImageWithStats, isNoteWithStats, isPlaceWithStats, isPromptWithStats, isPropertyWithStats, isTagWithStats, isVideoWithStats, isWildcardWithStats, isWorldItemWithStats } from '@/types/migration';
    [7m  [0m [96m                                                                                            ~~~~~~~~~~~~~~~~~~~~~[0m
    'isCollectionWithStats' was imported here.

[96msrc/lib/hooks/entities/use-entity-conversion.ts[0m:[93m89[0m:[93m57[0m - [91merror[0m[90m TS2304: [0mCannot find name 'CollectionWithStats'.

[7m89[0m     return { ...fileItem, entityType: 'collection' } as CollectionWithStats;
[7m  [0m [91m                                                        ~~~~~~~~~~~~~~~~~~~[0m

[96msrc/lib/hooks/entities/use-entity-conversion.ts[0m:[93m90[0m:[93m15[0m - [91merror[0m[90m TS1361: [0m'isAlbumWithStats' cannot be used as a value because it was imported using 'import type'.

[7m90[0m    } else if (isAlbumWithStats(fileItem)) {
[7m  [0m [91m              ~~~~~~~~~~~~~~~~[0m

  [96msrc/lib/hooks/entities/use-entity-conversion.ts[0m:[93m11[0m:[93m35[0m
    [7m11[0m import type { AnyEntityWithStats, isAlbumWithStats, isAudioWithStats, isCharacterWithStats, isCollectionWithStats, isConceptWithStats, isDocumentWithStats, isFolderWithStats, isGroupWithStats, isImageWithStats, isNoteWithStats, isPlaceWithStats, isPromptWithStats, isPropertyWithStats, isTagWithStats, isVideoWithStats, isWildcardWithStats, isWorldItemWithStats } from '@/types/migration';
    [7m  [0m [96m                                  ~~~~~~~~~~~~~~~~[0m
    'isAlbumWithStats' was imported here.

[96msrc/lib/hooks/entities/use-entity-conversion.ts[0m:[93m91[0m:[93m52[0m - [91merror[0m[90m TS2304: [0mCannot find name 'AlbumWithStats'.

[7m91[0m     return { ...fileItem, entityType: 'album' } as AlbumWithStats;
[7m  [0m [91m                                                   ~~~~~~~~~~~~~~[0m

[96msrc/lib/hooks/entities/use-entity-conversion.ts[0m:[93m92[0m:[93m15[0m - [91merror[0m[90m TS1361: [0m'isCharacterWithStats' cannot be used as a value because it was imported using 'import type'.

[7m92[0m    } else if (isCharacterWithStats(fileItem)) {
[7m  [0m [91m              ~~~~~~~~~~~~~~~~~~~~[0m

  [96msrc/lib/hooks/entities/use-entity-conversion.ts[0m:[93m11[0m:[93m71[0m
    [7m11[0m import type { AnyEntityWithStats, isAlbumWithStats, isAudioWithStats, isCharacterWithStats, isCollectionWithStats, isConceptWithStats, isDocumentWithStats, isFolderWithStats, isGroupWithStats, isImageWithStats, isNoteWithStats, isPlaceWithStats, isPromptWithStats, isPropertyWithStats, isTagWithStats, isVideoWithStats, isWildcardWithStats, isWorldItemWithStats } from '@/types/migration';
    [7m  [0m [96m                                                                      ~~~~~~~~~~~~~~~~~~~~[0m
    'isCharacterWithStats' was imported here.

[96msrc/lib/hooks/entities/use-entity-conversion.ts[0m:[93m93[0m:[93m56[0m - [91merror[0m[90m TS2304: [0mCannot find name 'CharacterWithStats'.

[7m93[0m     return { ...fileItem, entityType: 'character' } as CharacterWithStats;
[7m  [0m [91m                                                       ~~~~~~~~~~~~~~~~~~[0m

[96msrc/lib/hooks/entities/use-entity-conversion.ts[0m:[93m94[0m:[93m15[0m - [91merror[0m[90m TS1361: [0m'isConceptWithStats' cannot be used as a value because it was imported using 'import type'.

[7m94[0m    } else if (isConceptWithStats(fileItem)) {
[7m  [0m [91m              ~~~~~~~~~~~~~~~~~~[0m

  [96msrc/lib/hooks/entities/use-entity-conversion.ts[0m:[93m11[0m:[93m116[0m
    [7m11[0m import type { AnyEntityWithStats, isAlbumWithStats, isAudioWithStats, isCharacterWithStats, isCollectionWithStats, isConceptWithStats, isDocumentWithStats, isFolderWithStats, isGroupWithStats, isImageWithStats, isNoteWithStats, isPlaceWithStats, isPromptWithStats, isPropertyWithStats, isTagWithStats, isVideoWithStats, isWildcardWithStats, isWorldItemWithStats } from '@/types/migration';
    [7m  [0m [96m                                                                                                                   ~~~~~~~~~~~~~~~~~~[0m
    'isConceptWithStats' was imported here.

[96msrc/lib/hooks/entities/use-entity-conversion.ts[0m:[93m95[0m:[93m54[0m - [91merror[0m[90m TS2304: [0mCannot find name 'ConceptWithStats'.

[7m95[0m     return { ...fileItem, entityType: 'concept' } as ConceptWithStats;
[7m  [0m [91m                                                     ~~~~~~~~~~~~~~~~[0m

[96msrc/lib/hooks/entities/use-entity-conversion.ts[0m:[93m96[0m:[93m15[0m - [91merror[0m[90m TS1361: [0m'isPromptWithStats' cannot be used as a value because it was imported using 'import type'.

[7m96[0m    } else if (isPromptWithStats(fileItem)) {
[7m  [0m [91m              ~~~~~~~~~~~~~~~~~[0m

  [96msrc/lib/hooks/entities/use-entity-conversion.ts[0m:[93m11[0m:[93m247[0m
    [7m11[0m import type { AnyEntityWithStats, isAlbumWithStats, isAudioWithStats, isCharacterWithStats, isCollectionWithStats, isConceptWithStats, isDocumentWithStats, isFolderWithStats, isGroupWithStats, isImageWithStats, isNoteWithStats, isPlaceWithStats, isPromptWithStats, isPropertyWithStats, isTagWithStats, isVideoWithStats, isWildcardWithStats, isWorldItemWithStats } from '@/types/migration';
    [7m  [0m [96m                                                                                                                                                                                                                                                      ~~~~~~~~~~~~~~~~~[0m
    'isPromptWithStats' was imported here.

[96msrc/lib/hooks/entities/use-entity-conversion.ts[0m:[93m97[0m:[93m53[0m - [91merror[0m[90m TS2304: [0mCannot find name 'PromptWithStats'.

[7m97[0m     return { ...fileItem, entityType: 'prompt' } as PromptWithStats;
[7m  [0m [91m                                                    ~~~~~~~~~~~~~~~[0m

[96msrc/lib/hooks/entities/use-entity-conversion.ts[0m:[93m98[0m:[93m15[0m - [91merror[0m[90m TS1361: [0m'isGroupWithStats' cannot be used as a value because it was imported using 'import type'.

[7m98[0m    } else if (isGroupWithStats(fileItem)) {
[7m  [0m [91m              ~~~~~~~~~~~~~~~~[0m

  [96msrc/lib/hooks/entities/use-entity-conversion.ts[0m:[93m11[0m:[93m176[0m
    [7m11[0m import type { AnyEntityWithStats, isAlbumWithStats, isAudioWithStats, isCharacterWithStats, isCollectionWithStats, isConceptWithStats, isDocumentWithStats, isFolderWithStats, isGroupWithStats, isImageWithStats, isNoteWithStats, isPlaceWithStats, isPromptWithStats, isPropertyWithStats, isTagWithStats, isVideoWithStats, isWildcardWithStats, isWorldItemWithStats } from '@/types/migration';
    [7m  [0m [96m                                                                                                                                                                               ~~~~~~~~~~~~~~~~[0m
    'isGroupWithStats' was imported here.

[96msrc/lib/hooks/entities/use-entity-conversion.ts[0m:[93m99[0m:[93m52[0m - [91merror[0m[90m TS2304: [0mCannot find name 'GroupWithStats'.

[7m99[0m     return { ...fileItem, entityType: 'group' } as GroupWithStats;
[7m  [0m [91m                                                   ~~~~~~~~~~~~~~[0m

[96msrc/lib/hooks/entities/use-entity-conversion.ts[0m:[93m114[0m:[93m15[0m - [91merror[0m[90m TS2304: [0mCannot find name 'EntityWithStats'.

[7m114[0m   (fileItems: EntityWithStats[]): EntityWithStats[] => {
[7m   [0m [91m              ~~~~~~~~~~~~~~~[0m

[96msrc/lib/hooks/entities/use-entity-conversion.ts[0m:[93m114[0m:[93m35[0m - [91merror[0m[90m TS2304: [0mCannot find name 'EntityWithStats'.

[7m114[0m   (fileItems: EntityWithStats[]): EntityWithStats[] => {
[7m   [0m [91m                                  ~~~~~~~~~~~~~~~[0m

[96msrc/lib/hooks/entities/use-entity-conversion.ts[0m:[93m115[0m:[93m71[0m - [91merror[0m[90m TS2304: [0mCannot find name 'EntityWithStats'.

[7m115[0m    return fileItems.map(convertSingleItem).filter((entity): entity is EntityWithStats => entity !== null);
[7m   [0m [91m                                                                      ~~~~~~~~~~~~~~~[0m

[96msrc/lib/hooks/entities/use-group-filters.ts[0m:[93m2[0m:[93m15[0m - [91merror[0m[90m TS2305: [0mModule '"@/types/entities/group/types"' has no exported member 'GroupWithStats'.

[7m2[0m import type { GroupWithStats } from '@/types/entities/group/types';
[7m [0m [91m              ~~~~~~~~~~~~~~[0m

[96msrc/lib/hooks/entities/use-group-sort.ts[0m:[93m2[0m:[93m15[0m - [91merror[0m[90m TS2305: [0mModule '"@/types/entities/group"' has no exported member 'GroupSortKey'.

[7m2[0m import type { GroupSortKey, GroupWithStats } from '@/types/entities/group';
[7m [0m [91m              ~~~~~~~~~~~~[0m

[96msrc/lib/hooks/entities/useFilteredData.ts[0m:[93m2[0m:[93m42[0m - [91merror[0m[90m TS2307: [0mCannot find module '../store/ui/view-options.slice' or its corresponding type declarations.

[7m2[0m import { FilterOption, SortOption } from '../store/ui/view-options.slice';
[7m [0m [91m                                         ~~~~~~~~~~~~~~~~~~~~~~~~~~~~~~~~[0m

[96msrc/lib/hooks/files/folder/use-folder.ts[0m:[93m35[0m:[93m3[0m - [91merror[0m[90m TS2339: [0mProperty 'fetchFolders' does not exist on type 'CompleteFolderStore'.

[7m35[0m   fetchFolders,
[7m  [0m [91m  ~~~~~~~~~~~~[0m

[96msrc/lib/hooks/files/folder/use-folder.ts[0m:[93m36[0m:[93m3[0m - [91merror[0m[90m TS2339: [0mProperty 'fetchFolderById' does not exist on type 'CompleteFolderStore'.

[7m36[0m   fetchFolderById,
[7m  [0m [91m  ~~~~~~~~~~~~~~~[0m

[96msrc/lib/hooks/files/folder/use-folder.ts[0m:[93m37[0m:[93m3[0m - [91merror[0m[90m TS2339: [0mProperty 'createFolder' does not exist on type 'CompleteFolderStore'.

[7m37[0m   createFolder,
[7m  [0m [91m  ~~~~~~~~~~~~[0m

[96msrc/lib/hooks/files/folder/use-folder.ts[0m:[93m39[0m:[93m3[0m - [91merror[0m[90m TS2339: [0mProperty 'deleteFolder' does not exist on type 'CompleteFolderStore'.

[7m39[0m   deleteFolder,
[7m  [0m [91m  ~~~~~~~~~~~~[0m

[96msrc/lib/hooks/files/folder/use-folder.ts[0m:[93m40[0m:[93m3[0m - [91merror[0m[90m TS2339: [0mProperty 'setCurrentFolderId' does not exist on type 'CompleteFolderStore'.

[7m40[0m   setCurrentFolderId,
[7m  [0m [91m  ~~~~~~~~~~~~~~~~~~[0m

[96msrc/lib/hooks/files/folder/use-folder.ts[0m:[93m41[0m:[93m3[0m - [91merror[0m[90m TS2339: [0mProperty 'setCurrentFolder' does not exist on type 'CompleteFolderStore'.

[7m41[0m   setCurrentFolder,
[7m  [0m [91m  ~~~~~~~~~~~~~~~~[0m

[96msrc/lib/hooks/files/folder/use-folder.ts[0m:[93m42[0m:[93m3[0m - [91merror[0m[90m TS2339: [0mProperty 'resetError' does not exist on type 'CompleteFolderStore'.

[7m42[0m   resetError,
[7m  [0m [91m  ~~~~~~~~~~[0m

[96msrc/lib/hooks/files/folder/use-folder.ts[0m:[93m43[0m:[93m3[0m - [91merror[0m[90m TS2339: [0mProperty 'setSearchTerm' does not exist on type 'CompleteFolderStore'.

[7m43[0m   setSearchTerm,
[7m  [0m [91m  ~~~~~~~~~~~~~[0m

[96msrc/lib/hooks/files/folder/use-folder.ts[0m:[93m50[0m:[93m3[0m - [91merror[0m[90m TS2339: [0mProperty 'toggleFolderExpanded' does not exist on type 'CompleteFolderStore'.

[7m50[0m   toggleFolderExpanded,
[7m  [0m [91m  ~~~~~~~~~~~~~~~~~~~~[0m

[96msrc/lib/hooks/files/folder/use-folder.ts[0m:[93m55[0m:[93m64[0m - [91merror[0m[90m TS2554: [0mExpected 0-1 arguments, but got 2.

[7m55[0m  const filteredFolders = useFolderStore(selectFilteredFolders, shallow);
[7m  [0m [91m                                                               ~~~~~~~[0m

[96msrc/lib/hooks/files/folder/use-folder.ts[0m:[93m65[0m:[93m64[0m - [91merror[0m[90m TS2554: [0mExpected 0-1 arguments, but got 2.

[7m65[0m  const favoriteFolders = useFolderStore(selectFavoriteFolders, shallow);
[7m  [0m [91m                                                               ~~~~~~~[0m

[96msrc/lib/hooks/files/folder/use-folder.ts[0m:[93m66[0m:[93m50[0m - [91merror[0m[90m TS2554: [0mExpected 0-1 arguments, but got 2.

[7m66[0m  const stats = useFolderStore(selectFolderStats, shallow);
[7m  [0m [91m                                                 ~~~~~~~[0m

[96msrc/lib/hooks/files/use-folder-images.ts[0m:[93m61[0m:[93m28[0m - [91merror[0m[90m TS2339: [0mProperty 'src' does not exist on type 'ImageWithStats'.

[7m61[0m       imageUrl: firstImage.src || 'No disponible',
[7m  [0m [91m                           ~~~[0m

[96msrc/lib/hooks/system/use-stats.ts[0m:[93m26[0m:[93m21[0m - [91merror[0m[90m TS2304: [0mCannot find name 'serverLogger'.

[7m26[0m const statsLogger = serverLogger.withContext('StatsHook');
[7m  [0m [91m                    ~~~~~~~~~~~~[0m

[96msrc/lib/hooks/system/use-stats.ts[0m:[93m48[0m:[93m3[0m - [91merror[0m[90m TS2769: [0mNo overload matches this call.
  Overload 1 of 3, '(options: DefinedInitialDataOptions<GeneralStats, Error, GeneralStats, readonly unknown[]>, queryClient?: QueryClient | undefined): DefinedUseQueryResult<...>', gave the following error.
    Type '() => Promise<SystemStats>' is not assignable to type 'QueryFunction<GeneralStats, readonly unknown[]>'.
      Type 'Promise<SystemStats>' is not assignable to type 'GeneralStats | Promise<GeneralStats>'.
        Type 'Promise<SystemStats>' is not assignable to type 'Promise<GeneralStats>'.
          Type 'SystemStats' is missing the following properties from type 'GeneralStats': totalPlaces, totalWorldItems, totalFavorites, totalViews, and 3 more.
  Overload 2 of 3, '(options: UndefinedInitialDataOptions<GeneralStats, Error, GeneralStats, readonly unknown[]>, queryClient?: QueryClient | undefined): UseQueryResult<...>', gave the following error.
    Type '() => Promise<SystemStats>' is not assignable to type 'unique symbol | QueryFunction<GeneralStats, readonly unknown[], never> | undefined'.
      Type '() => Promise<SystemStats>' is not assignable to type 'QueryFunction<GeneralStats, readonly unknown[], never>'.
        Type 'Promise<SystemStats>' is not assignable to type 'GeneralStats | Promise<GeneralStats>'.
          Type 'Promise<SystemStats>' is not assignable to type 'Promise<GeneralStats>'.
            Type 'SystemStats' is missing the following properties from type 'GeneralStats': totalPlaces, totalWorldItems, totalFavorites, totalViews, and 3 more.
  Overload 3 of 3, '(options: UseQueryOptions<GeneralStats, Error, GeneralStats, readonly unknown[]>, queryClient?: QueryClient | undefined): UseQueryResult<...>', gave the following error.
    Type '() => Promise<SystemStats>' is not assignable to type 'unique symbol | QueryFunction<GeneralStats, readonly unknown[], never> | undefined'.
      Type '() => Promise<SystemStats>' is not assignable to type 'QueryFunction<GeneralStats, readonly unknown[], never>'.
        Type 'Promise<SystemStats>' is not assignable to type 'GeneralStats | Promise<GeneralStats>'.
          Type 'Promise<SystemStats>' is not assignable to type 'Promise<GeneralStats>'.
            Type 'SystemStats' is missing the following properties from type 'GeneralStats': totalPlaces, totalWorldItems, totalFavorites, totalViews, and 3 more.

[7m48[0m   queryFn: async () => {
[7m  [0m [91m  ~~~~~~~[0m

  [96mnode_modules/@tanstack/react-query/build/modern/queryOptions.d.ts[0m:[93m12[0m:[93m5[0m
    [7m12[0m     queryFn?: QueryFunction<TQueryFnData, TQueryKey>;
    [7m  [0m [96m    ~~~~~~~[0m
    The expected type comes from property 'queryFn' which is declared here on type 'DefinedInitialDataOptions<GeneralStats, Error, GeneralStats, readonly unknown[]>'
  [96mnode_modules/@tanstack/query-core/build/modern/hydration-Cvr-9VdO.d.ts[0m:[93m606[0m:[93m5[0m
    [7m606[0m     queryFn?: QueryFunction<TQueryFnData, TQueryKey, TPageParam> | SkipToken;
    [7m   [0m [96m    ~~~~~~~[0m
    The expected type comes from property 'queryFn' which is declared here on type 'UndefinedInitialDataOptions<GeneralStats, Error, GeneralStats, readonly unknown[]>'
  [96mnode_modules/@tanstack/query-core/build/modern/hydration-Cvr-9VdO.d.ts[0m:[93m606[0m:[93m5[0m
    [7m606[0m     queryFn?: QueryFunction<TQueryFnData, TQueryKey, TPageParam> | SkipToken;
    [7m   [0m [96m    ~~~~~~~[0m
    The expected type comes from property 'queryFn' which is declared here on type 'UseQueryOptions<GeneralStats, Error, GeneralStats, readonly unknown[]>'

[96msrc/lib/hooks/system/use-stats.ts[0m:[93m86[0m:[93m3[0m - [91merror[0m[90m TS2769: [0mNo overload matches this call.
  Overload 1 of 3, '(options: DefinedInitialDataOptions<DrizzleImageStats, Error, DrizzleImageStats, readonly unknown[]>, queryClient?: QueryClient | undefined): DefinedUseQueryResult<...>', gave the following error.
    Type '() => Promise<ImageStatistics>' is not assignable to type 'QueryFunction<DrizzleImageStats, readonly unknown[]>'.
      Type 'Promise<ImageStatistics>' is not assignable to type 'DrizzleImageStats | Promise<DrizzleImageStats>'.
        Type 'Promise<ImageStatistics>' is not assignable to type 'Promise<DrizzleImageStats>'.
          Type 'ImageStatistics' is missing the following properties from type 'DrizzleImageStats': id, imageId, views, downloads, and 6 more.
  Overload 2 of 3, '(options: UndefinedInitialDataOptions<DrizzleImageStats, Error, DrizzleImageStats, readonly unknown[]>, queryClient?: QueryClient | undefined): UseQueryResult<...>', gave the following error.
    Type '() => Promise<ImageStatistics>' is not assignable to type 'unique symbol | QueryFunction<DrizzleImageStats, readonly unknown[], never> | undefined'.
      Type '() => Promise<ImageStatistics>' is not assignable to type 'QueryFunction<DrizzleImageStats, readonly unknown[], never>'.
        Type 'Promise<ImageStatistics>' is not assignable to type 'DrizzleImageStats | Promise<DrizzleImageStats>'.
          Type 'Promise<ImageStatistics>' is not assignable to type 'Promise<DrizzleImageStats>'.
            Type 'ImageStatistics' is missing the following properties from type 'DrizzleImageStats': id, imageId, views, downloads, and 6 more.
  Overload 3 of 3, '(options: UseQueryOptions<DrizzleImageStats, Error, DrizzleImageStats, readonly unknown[]>, queryClient?: QueryClient | undefined): UseQueryResult<...>', gave the following error.
    Type '() => Promise<ImageStatistics>' is not assignable to type 'unique symbol | QueryFunction<DrizzleImageStats, readonly unknown[], never> | undefined'.
      Type '() => Promise<ImageStatistics>' is not assignable to type 'QueryFunction<DrizzleImageStats, readonly unknown[], never>'.
        Type 'Promise<ImageStatistics>' is not assignable to type 'DrizzleImageStats | Promise<DrizzleImageStats>'.
          Type 'Promise<ImageStatistics>' is not assignable to type 'Promise<DrizzleImageStats>'.
            Type 'ImageStatistics' is missing the following properties from type 'DrizzleImageStats': id, imageId, views, downloads, and 6 more.

[7m86[0m   queryFn: async () => {
[7m  [0m [91m  ~~~~~~~[0m

  [96mnode_modules/@tanstack/react-query/build/modern/queryOptions.d.ts[0m:[93m12[0m:[93m5[0m
    [7m12[0m     queryFn?: QueryFunction<TQueryFnData, TQueryKey>;
    [7m  [0m [96m    ~~~~~~~[0m
    The expected type comes from property 'queryFn' which is declared here on type 'DefinedInitialDataOptions<DrizzleImageStats, Error, DrizzleImageStats, readonly unknown[]>'
  [96mnode_modules/@tanstack/query-core/build/modern/hydration-Cvr-9VdO.d.ts[0m:[93m606[0m:[93m5[0m
    [7m606[0m     queryFn?: QueryFunction<TQueryFnData, TQueryKey, TPageParam> | SkipToken;
    [7m   [0m [96m    ~~~~~~~[0m
    The expected type comes from property 'queryFn' which is declared here on type 'UndefinedInitialDataOptions<DrizzleImageStats, Error, DrizzleImageStats, readonly unknown[]>'
  [96mnode_modules/@tanstack/query-core/build/modern/hydration-Cvr-9VdO.d.ts[0m:[93m606[0m:[93m5[0m
    [7m606[0m     queryFn?: QueryFunction<TQueryFnData, TQueryKey, TPageParam> | SkipToken;
    [7m   [0m [96m    ~~~~~~~[0m
    The expected type comes from property 'queryFn' which is declared here on type 'UseQueryOptions<DrizzleImageStats, Error, DrizzleImageStats, readonly unknown[]>'

[96msrc/lib/hooks/ui/use-selection.ts[0m:[93m37[0m:[93m69[0m - [91merror[0m[90m TS2339: [0mProperty 'size' does not exist on type 'EntityWithStats<EntityStats>'.

[7m37[0m    totalSize: store.selectedItems.reduce((acc, item) => acc + (item.size ?? 0), 0),
[7m  [0m [91m                                                                    ~~~~[0m

[96msrc/lib/hooks/ui/use-selection.ts[0m:[93m40[0m:[93m70[0m - [91merror[0m[90m TS2339: [0mProperty 'type' does not exist on type 'EntityWithStats<EntityStats>'.

[7m40[0m    selectedTypes: [...new Set(store.selectedItems.map((item) => item.type ?? 'unknown'))],
[7m  [0m [91m                                                                     ~~~~[0m

[96msrc/lib/hooks/ui/use-selection.ts[0m:[93m41[0m:[93m72[0m - [91merror[0m[90m TS2339: [0mProperty 'folderId' does not exist on type 'EntityWithStats<EntityStats>'.

[7m41[0m    selectedFolders: [...new Set(store.selectedItems.map((item) => item.folderId ?? 'unknown'))],
[7m  [0m [91m                                                                       ~~~~~~~~[0m

[96msrc/lib/hooks/ui/use-selection.ts[0m:[93m47[0m:[93m103[0m - [91merror[0m[90m TS2339: [0mProperty 'type' does not exist on type 'EntityWithStats<EntityStats>'.

[7m47[0m   getSelectedByType: (type: 'image' | 'file' | 'folder') => store.selectedItems.filter((item) => item.type === type),
[7m  [0m [91m                                                                                                      ~~~~[0m

[96msrc/lib/hooks/ui/use-selection.ts[0m:[93m51[0m:[93m67[0m - [91merror[0m[90m TS2339: [0mProperty 'type' does not exist on type 'EntityWithStats<EntityStats>'.

[7m51[0m    const itemsOfType = store.displayedItems.filter((item) => item.type === type);
[7m  [0m [91m                                                                  ~~~~[0m

[96msrc/lib/hooks/ui/use-selection.ts[0m:[93m60[0m:[93m23[0m - [91merror[0m[90m TS2339: [0mProperty 'size' does not exist on type 'EntityWithStats<EntityStats>'.

[7m60[0m     const size = item.size ?? 0;
[7m  [0m [91m                      ~~~~[0m

[96msrc/lib/hooks/ui/use-thumbnail-events.ts[0m:[93m98[0m:[93m26[0m - [91merror[0m[90m TS2339: [0mProperty 'timestamp' does not exist on type 'ThumbnailError'.

[7m98[0m         timestamp: error.timestamp.toString(),
[7m  [0m [91m                         ~~~~~~~~~[0m

[96msrc/lib/hooks/ui/use-toast.ts[0m:[93m155[0m:[93m4[0m - [91merror[0m[90m TS2353: [0mObject literal may only specify known properties, and 'open' does not exist in type 'ToasterToast'.

[7m155[0m    open: true,
[7m   [0m [91m   ~~~~[0m

[96msrc/lib/hooks/ui/use-toast.ts[0m:[93m156[0m:[93m19[0m - [91merror[0m[90m TS7006: [0mParameter 'open' implicitly has an 'any' type.

[7m156[0m    onOpenChange: (open) => {
[7m   [0m [91m                  ~~~~[0m

[96msrc/lib/hooks/utils/use-profile-theme.tsx[0m:[93m10[0m:[93m31[0m - [91merror[0m[90m TS2339: [0mProperty 'applyTheme' does not exist on type 'ProfileContextValue'.

[7m10[0m  const { profile, isDarkMode, applyTheme, isLoading } = useProfile();
[7m  [0m [91m                              ~~~~~~~~~~[0m

[96msrc/lib/hooks/utils/use-profile-theme.tsx[0m:[93m18[0m:[93m33[0m - [91merror[0m[90m TS2339: [0mProperty 'theme' does not exist on type 'ProfileBase'.

[7m18[0m   return getThemeClass(profile?.theme);
[7m  [0m [91m                                ~~~~~[0m

[96msrc/lib/hooks/utils/use-profile-theme.tsx[0m:[93m19[0m:[93m15[0m - [91merror[0m[90m TS2339: [0mProperty 'theme' does not exist on type 'ProfileBase'.

[7m19[0m  }, [profile?.theme]);
[7m  [0m [91m              ~~~~~[0m

[96msrc/lib/hooks/utils/use-profile-theme.tsx[0m:[93m33[0m:[93m15[0m - [91merror[0m[90m TS2339: [0mProperty 'theme' does not exist on type 'ProfileBase'.

[7m33[0m   if (profile.theme === ThemeMode.DARK) {
[7m  [0m [91m              ~~~~~[0m

[96msrc/lib/hooks/utils/use-profile-theme.tsx[0m:[93m35[0m:[93m22[0m - [91merror[0m[90m TS2339: [0mProperty 'theme' does not exist on type 'ProfileBase'.

[7m35[0m   } else if (profile.theme === ThemeMode.LIGHT) {
[7m  [0m [91m                     ~~~~~[0m

[96msrc/lib/hooks/utils/use-profile-theme.tsx[0m:[93m43[0m:[93m19[0m - [91merror[0m[90m TS2339: [0mProperty 'theme' does not exist on type 'ProfileBase'.

[7m43[0m   theme: profile?.theme || ThemeMode.SYSTEM,
[7m  [0m [91m                  ~~~~~[0m

[96msrc/lib/hooks/utils/use-settings.ts[0m:[93m29[0m:[93m36[0m - [91merror[0m[90m TS2345: [0mArgument of type '(state: SettingsState) => { appearance: { fontSize: number; theme: "system" | "dark" | "light"; language: "en" | "es"; highContrast: boolean; reducedAnimations: boolean; }; notifications: { ...; }; privacy: { ...; }; advanced: { ...; }; } | null' is not assignable to parameter of type '(state: object) => { appearance: { fontSize: number; theme: "system" | "dark" | "light"; language: "en" | "es"; highContrast: boolean; reducedAnimations: boolean; }; notifications: { email: boolean; enabled: boolean; desktop: boolean; frequency: "daily" | ... 1 more ... | "monthly"; }; privacy: { ...; }; advanced: {...'.
  Types of parameters 'state' and 'state' are incompatible.
    Type '{}' is missing the following properties from type 'SettingsState': settings, isLoading, error, isSaving, and 2 more.

[7m29[0m  const settings = useSettingsStore(selectSettings);
[7m  [0m [91m                                   ~~~~~~~~~~~~~~[0m

[96msrc/lib/hooks/utils/use-settings.ts[0m:[93m30[0m:[93m37[0m - [91merror[0m[90m TS2345: [0mArgument of type '(state: SettingsState) => boolean' is not assignable to parameter of type '(state: object) => boolean'.
  Types of parameters 'state' and 'state' are incompatible.
    Type '{}' is missing the following properties from type 'SettingsState': settings, isLoading, error, isSaving, and 2 more.

[7m30[0m  const isLoading = useSettingsStore(selectIsLoading);
[7m  [0m [91m                                    ~~~~~~~~~~~~~~~[0m

[96msrc/lib/hooks/utils/use-settings.ts[0m:[93m31[0m:[93m36[0m - [91merror[0m[90m TS2345: [0mArgument of type '(state: SettingsState) => boolean' is not assignable to parameter of type '(state: object) => boolean'.
  Types of parameters 'state' and 'state' are incompatible.
    Type '{}' is missing the following properties from type 'SettingsState': settings, isLoading, error, isSaving, and 2 more.

[7m31[0m  const isSaving = useSettingsStore(selectIsSaving);
[7m  [0m [91m                                   ~~~~~~~~~~~~~~[0m

[96msrc/lib/hooks/utils/use-settings.ts[0m:[93m32[0m:[93m33[0m - [91merror[0m[90m TS2345: [0mArgument of type '(state: SettingsState) => string | null' is not assignable to parameter of type '(state: object) => string | null'.
  Types of parameters 'state' and 'state' are incompatible.
    Type '{}' is missing the following properties from type 'SettingsState': settings, isLoading, error, isSaving, and 2 more.

[7m32[0m  const error = useSettingsStore(selectError);
[7m  [0m [91m                                ~~~~~~~~~~~[0m

[96msrc/lib/hooks/utils/use-settings.ts[0m:[93m33[0m:[93m41[0m - [91merror[0m[90m TS2345: [0mArgument of type '(state: SettingsState) => boolean' is not assignable to parameter of type '(state: object) => boolean'.
  Types of parameters 'state' and 'state' are incompatible.
    Type '{}' is missing the following properties from type 'SettingsState': settings, isLoading, error, isSaving, and 2 more.

[7m33[0m  const isInitialized = useSettingsStore(selectIsInitialized);
[7m  [0m [91m                                        ~~~~~~~~~~~~~~~~~~~[0m

[96msrc/lib/hooks/utils/use-settings.ts[0m:[93m34[0m:[93m43[0m - [91merror[0m[90m TS2345: [0mArgument of type '(state: SettingsState) => string | null' is not assignable to parameter of type '(state: object) => string | null'.
  Types of parameters 'state' and 'state' are incompatible.
    Type '{}' is missing the following properties from type 'SettingsState': settings, isLoading, error, isSaving, and 2 more.

[7m34[0m  const activeProfileId = useSettingsStore(selectActiveProfileId);
[7m  [0m [91m                                          ~~~~~~~~~~~~~~~~~~~~~[0m

[96msrc/lib/hooks/utils/use-settings.ts[0m:[93m37[0m:[93m38[0m - [91merror[0m[90m TS2345: [0mArgument of type '(state: SettingsState) => { fontSize: number; theme: "system" | "dark" | "light"; language: "en" | "es"; highContrast: boolean; reducedAnimations: boolean; } | undefined' is not assignable to parameter of type '(state: object) => { fontSize: number; theme: "system" | "dark" | "light"; language: "en" | "es"; highContrast: boolean; reducedAnimations: boolean; } | undefined'.
  Types of parameters 'state' and 'state' are incompatible.
    Type '{}' is missing the following properties from type 'SettingsState': settings, isLoading, error, isSaving, and 2 more.

[7m37[0m  const appearance = useSettingsStore(selectAppearance);
[7m  [0m [91m                                     ~~~~~~~~~~~~~~~~[0m

[96msrc/lib/hooks/utils/use-settings.ts[0m:[93m38[0m:[93m41[0m - [91merror[0m[90m TS2345: [0mArgument of type '(state: SettingsState) => { email: boolean; enabled: boolean; desktop: boolean; frequency: "daily" | "weekly" | "monthly"; } | undefined' is not assignable to parameter of type '(state: object) => { email: boolean; enabled: boolean; desktop: boolean; frequency: "daily" | "weekly" | "monthly"; } | undefined'.
  Types of parameters 'state' and 'state' are incompatible.
    Type '{}' is missing the following properties from type 'SettingsState': settings, isLoading, error, isSaving, and 2 more.

[7m38[0m  const notifications = useSettingsStore(selectNotifications);
[7m  [0m [91m                                        ~~~~~~~~~~~~~~~~~~~[0m

[96msrc/lib/hooks/utils/use-settings.ts[0m:[93m39[0m:[93m35[0m - [91merror[0m[90m TS2345: [0mArgument of type '(state: SettingsState) => { shareUsageData: boolean; storeCookies: boolean; storeHistory: boolean; } | undefined' is not assignable to parameter of type '(state: object) => { shareUsageData: boolean; storeCookies: boolean; storeHistory: boolean; } | undefined'.
  Types of parameters 'state' and 'state' are incompatible.
    Type '{}' is missing the following properties from type 'SettingsState': settings, isLoading, error, isSaving, and 2 more.

[7m39[0m  const privacy = useSettingsStore(selectPrivacy);
[7m  [0m [91m                                  ~~~~~~~~~~~~~[0m

[96msrc/lib/hooks/utils/use-settings.ts[0m:[93m40[0m:[93m36[0m - [91merror[0m[90m TS2345: [0mArgument of type '(state: SettingsState) => { apiKey: string | null; devMode: boolean; experimentalFeatures: boolean; } | undefined' is not assignable to parameter of type '(state: object) => { apiKey: string | null; devMode: boolean; experimentalFeatures: boolean; } | undefined'.
  Types of parameters 'state' and 'state' are incompatible.
    Type '{}' is missing the following properties from type 'SettingsState': settings, isLoading, error, isSaving, and 2 more.

[7m40[0m  const advanced = useSettingsStore(selectAdvanced);
[7m  [0m [91m                                   ~~~~~~~~~~~~~~[0m

[96msrc/lib/hooks/utils/use-settings.ts[0m:[93m41[0m:[93m33[0m - [91merror[0m[90m TS2345: [0mArgument of type '(state: SettingsState) => "system" | "dark" | "light"' is not assignable to parameter of type '(state: object) => "system" | "dark" | "light"'.
  Types of parameters 'state' and 'state' are incompatible.
    Type '{}' is missing the following properties from type 'SettingsState': settings, isLoading, error, isSaving, and 2 more.

[7m41[0m  const theme = useSettingsStore(selectTheme);
[7m  [0m [91m                                ~~~~~~~~~~~[0m

[96msrc/lib/hooks/utils/use-settings.ts[0m:[93m42[0m:[93m36[0m - [91merror[0m[90m TS2345: [0mArgument of type '(state: SettingsState) => "en" | "es"' is not assignable to parameter of type '(state: object) => "en" | "es"'.
  Types of parameters 'state' and 'state' are incompatible.
    Type '{}' is missing the following properties from type 'SettingsState': settings, isLoading, error, isSaving, and 2 more.

[7m42[0m  const language = useSettingsStore(selectLanguage);
[7m  [0m [91m                                   ~~~~~~~~~~~~~~[0m

[96msrc/lib/hooks/utils/use-settings.ts[0m:[93m46[0m:[93m3[0m - [91merror[0m[90m TS2339: [0mProperty 'initialize' does not exist on type '{}'.

[7m46[0m   initialize,
[7m  [0m [91m  ~~~~~~~~~~[0m

[96msrc/lib/hooks/utils/use-settings.ts[0m:[93m47[0m:[93m3[0m - [91merror[0m[90m TS2339: [0mProperty 'loadSystemSettings' does not exist on type '{}'.

[7m47[0m   loadSystemSettings,
[7m  [0m [91m  ~~~~~~~~~~~~~~~~~~[0m

[96msrc/lib/hooks/utils/use-settings.ts[0m:[93m48[0m:[93m3[0m - [91merror[0m[90m TS2339: [0mProperty 'loadProfileSettings' does not exist on type '{}'.

[7m48[0m   loadProfileSettings,
[7m  [0m [91m  ~~~~~~~~~~~~~~~~~~~[0m

[96msrc/lib/hooks/utils/use-settings.ts[0m:[93m49[0m:[93m3[0m - [91merror[0m[90m TS2339: [0mProperty 'updateSettings' does not exist on type '{}'.

[7m49[0m   updateSettings,
[7m  [0m [91m  ~~~~~~~~~~~~~~[0m

[96msrc/lib/hooks/utils/use-settings.ts[0m:[93m50[0m:[93m3[0m - [91merror[0m[90m TS2339: [0mProperty 'resetSettings' does not exist on type '{}'.

[7m50[0m   resetSettings,
[7m  [0m [91m  ~~~~~~~~~~~~~[0m

[96msrc/lib/hooks/utils/use-settings.ts[0m:[93m51[0m:[93m3[0m - [91merror[0m[90m TS2339: [0mProperty 'setActiveProfile' does not exist on type '{}'.

[7m51[0m   setActiveProfile,
[7m  [0m [91m  ~~~~~~~~~~~~~~~~[0m

[96msrc/lib/hooks/utils/use-settings.ts[0m:[93m52[0m:[93m3[0m - [91merror[0m[90m TS2339: [0mProperty 'setError' does not exist on type '{}'.

[7m52[0m   setError,
[7m  [0m [91m  ~~~~~~~~[0m

[96msrc/lib/hooks/utils/use-settings.ts[0m:[93m63[0m:[93m51[0m - [91merror[0m[90m TS2304: [0mCannot find name 'AppearanceSettings'.

[7m63[0m  const updateAppearance = (newAppearance: Partial<AppearanceSettings>) => {
[7m  [0m [91m                                                  ~~~~~~~~~~~~~~~~~~[0m

[96msrc/lib/hooks/utils/use-settings.ts[0m:[93m67[0m:[93m57[0m - [91merror[0m[90m TS2304: [0mCannot find name 'NotificationsSettings'.

[7m67[0m  const updateNotifications = (newNotifications: Partial<NotificationsSettings>) => {
[7m  [0m [91m                                                        ~~~~~~~~~~~~~~~~~~~~~[0m

[96msrc/lib/hooks/utils/use-settings.ts[0m:[93m71[0m:[93m45[0m - [91merror[0m[90m TS2304: [0mCannot find name 'PrivacySettings'.

[7m71[0m  const updatePrivacy = (newPrivacy: Partial<PrivacySettings>) => {
[7m  [0m [91m                                            ~~~~~~~~~~~~~~~[0m

[96msrc/lib/hooks/utils/use-settings.ts[0m:[93m75[0m:[93m47[0m - [91merror[0m[90m TS2304: [0mCannot find name 'AdvancedSettings'.

[7m75[0m  const updateAdvanced = (newAdvanced: Partial<AdvancedSettings>) => {
[7m  [0m [91m                                              ~~~~~~~~~~~~~~~~[0m

[96msrc/lib/image/index.ts[0m:[93m4[0m:[93m1[0m - [91merror[0m[90m TS2308: [0mModule './image' has already exported a member named 'processImage'. Consider explicitly re-exporting to resolve the ambiguity.

[7m4[0m export * from './image-processing';
[7m [0m [91m~~~~~~~~~~~~~~~~~~~~~~~~~~~~~~~~~~~[0m

[96msrc/lib/image/thumbnail.ts[0m:[93m285[0m:[93m21[0m - [91merror[0m[90m TS2339: [0mProperty 'effort' does not exist on type 'ThumbnailQualityConfig'.

[7m285[0m      effort: config.effort || 4,
[7m   [0m [91m                    ~~~~~~[0m

[96msrc/lib/image/thumbnail.ts[0m:[93m293[0m:[93m9[0m - [91merror[0m[90m TS2678: [0mType '"jpg"' is not comparable to type 'ImageFormat'.

[7m293[0m    case 'jpg':
[7m   [0m [91m        ~~~~~[0m

[96msrc/lib/image/thumbnail.ts[0m:[93m302[0m:[93m9[0m - [91merror[0m[90m TS2678: [0mType '"avif"' is not comparable to type 'ImageFormat'.

[7m302[0m    case 'avif':
[7m   [0m [91m        ~~~~~~[0m

[96msrc/lib/image/thumbnail.ts[0m:[93m305[0m:[93m21[0m - [91merror[0m[90m TS2339: [0mProperty 'effort' does not exist on type 'ThumbnailQualityConfig'.

[7m305[0m      effort: config.effort || 4,
[7m   [0m [91m                    ~~~~~~[0m

[96msrc/lib/index.ts[0m:[93m26[0m:[93m1[0m - [91merror[0m[90m TS2308: [0mModule './client' has already exported a member named 'isClient'. Consider explicitly re-exporting to resolve the ambiguity.

[7m26[0m export * from './server';
[7m  [0m [91m~~~~~~~~~~~~~~~~~~~~~~~~~[0m

[96msrc/lib/index.ts[0m:[93m26[0m:[93m1[0m - [91merror[0m[90m TS2308: [0mModule './client' has already exported a member named 'isServer'. Consider explicitly re-exporting to resolve the ambiguity.

[7m26[0m export * from './server';
[7m  [0m [91m~~~~~~~~~~~~~~~~~~~~~~~~~[0m

[96msrc/lib/mock/stats.mock.ts[0m:[93m18[0m:[93m26[0m - [91merror[0m[90m TS2304: [0mCannot find name 'GeneralStats'.

[7m18[0m export const MOCK_STATS: GeneralStats = {
[7m  [0m [91m                         ~~~~~~~~~~~~[0m

[96msrc/lib/server/action-logger.ts[0m:[93m10[0m:[93m66[0m - [91merror[0m[90m TS2304: [0mCannot find name 'ActionLoggerOptions'.

[7m10[0m  createActionLogger: (actionName: string, customOptions: Partial<ActionLoggerOptions> = {}) => {
[7m  [0m [91m                                                                 ~~~~~~~~~~~~~~~~~~~[0m

[96msrc/lib/server/action-logger.ts[0m:[93m11[0m:[93m24[0m - [91merror[0m[90m TS2304: [0mCannot find name 'defaultOptions'.

[7m11[0m   const options = { ...defaultOptions, ...customOptions };
[7m  [0m [91m                       ~~~~~~~~~~~~~~[0m

[96msrc/lib/server/action-logger.ts[0m:[93m87[0m:[93m7[0m - [91merror[0m[90m TS2322: [0mType 'unknown' is not assignable to type 'ReturnType<T>'.

[7m87[0m       return result;
[7m  [0m [91m      ~~~~~~[0m

[96msrc/lib/server/events.server.ts[0m:[93m140[0m:[93m3[0m - [91merror[0m[90m TS2353: [0mObject literal may only specify known properties, and 'timestamp' does not exist in type 'EventData<unknown>'.

[7m140[0m   timestamp: Date.now(),
[7m   [0m [91m  ~~~~~~~~~[0m

[96msrc/lib/server/events.server.ts[0m:[93m195[0m:[93m3[0m - [91merror[0m[90m TS2698: [0mSpread types may only be created from object types.

[7m195[0m   ...data,
[7m   [0m [91m  ~~~~~~~[0m

[96msrc/lib/server/events.server.ts[0m:[93m196[0m:[93m19[0m - [91merror[0m[90m TS2339: [0mProperty 'timestamp' does not exist on type 'ProcessStatus'.

[7m196[0m   timestamp: data.timestamp || Date.now(),
[7m   [0m [91m                  ~~~~~~~~~[0m

[96msrc/lib/tauri-config.ts[0m:[93m35[0m:[93m27[0m - [91merror[0m[90m TS2307: [0mCannot find module '@tauri-apps/api/os' or its corresponding type declarations.

[7m35[0m   const os = await import('@tauri-apps/api/os');
[7m  [0m [91m                          ~~~~~~~~~~~~~~~~~~~~[0m

[96msrc/lib/utils/album/helpers.ts[0m:[93m17[0m:[93m50[0m - [91merror[0m[90m TS2304: [0mCannot find name 'Album'.

[7m17[0m export function generateAlbumThumbnailUrl(album: Album | string, width?: number, height?: number): string {
[7m  [0m [91m                                                 ~~~~~[0m

[96msrc/lib/utils/album/helpers.ts[0m:[93m49[0m:[93m8[0m - [91merror[0m[90m TS2678: [0mType '"event"' is not comparable to type 'AlbumType'.

[7m49[0m   case 'event':
[7m  [0m [91m       ~~~~~~~[0m

[96msrc/lib/utils/album/helpers.ts[0m:[93m51[0m:[93m8[0m - [91merror[0m[90m TS2678: [0mType '"collection"' is not comparable to type 'AlbumType'.

[7m51[0m   case 'collection':
[7m  [0m [91m       ~~~~~~~~~~~~[0m

[96msrc/lib/utils/album/helpers.ts[0m:[93m53[0m:[93m8[0m - [91merror[0m[90m TS2678: [0mType '"project"' is not comparable to type 'AlbumType'.

[7m53[0m   case 'project':
[7m  [0m [91m       ~~~~~~~~~[0m

[96msrc/lib/utils/album/helpers.ts[0m:[93m55[0m:[93m8[0m - [91merror[0m[90m TS2678: [0mType '"portfolio"' is not comparable to type 'AlbumType'.

[7m55[0m   case 'portfolio':
[7m  [0m [91m       ~~~~~~~~~~~[0m

[96msrc/lib/utils/album/helpers.ts[0m:[93m57[0m:[93m8[0m - [91merror[0m[90m TS2678: [0mType '"theme"' is not comparable to type 'AlbumType'.

[7m57[0m   case 'theme':
[7m  [0m [91m       ~~~~~~~[0m

[96msrc/lib/utils/album/helpers.ts[0m:[93m79[0m:[93m38[0m - [91merror[0m[90m TS2304: [0mCannot find name 'Album'.

[7m79[0m export function hasSubAlbums(_album: Album): boolean {
[7m  [0m [91m                                     ~~~~~[0m

[96msrc/lib/utils/album/helpers.ts[0m:[93m91[0m:[93m37[0m - [91merror[0m[90m TS2304: [0mCannot find name 'Album'.

[7m91[0m export function getAlbumPath(album: Album, _allAlbums: Record<string, Album>): Album[] {
[7m  [0m [91m                                    ~~~~~[0m

[96msrc/lib/utils/album/helpers.ts[0m:[93m91[0m:[93m71[0m - [91merror[0m[90m TS2304: [0mCannot find name 'Album'.

[7m91[0m export function getAlbumPath(album: Album, _allAlbums: Record<string, Album>): Album[] {
[7m  [0m [91m                                                                      ~~~~~[0m

[96msrc/lib/utils/album/helpers.ts[0m:[93m91[0m:[93m80[0m - [91merror[0m[90m TS2304: [0mCannot find name 'Album'.

[7m91[0m export function getAlbumPath(album: Album, _allAlbums: Record<string, Album>): Album[] {
[7m  [0m [91m                                                                               ~~~~~[0m

[96msrc/lib/utils/album/helpers.ts[0m:[93m101[0m:[93m50[0m - [91merror[0m[90m TS2304: [0mCannot find name 'Album'.

[7m101[0m export function formatAlbumBreadcrumb(albumPath: Album[]): string {
[7m   [0m [91m                                                 ~~~~~[0m

[96msrc/lib/utils/album/helpers.ts[0m:[93m112[0m:[93m80[0m - [91merror[0m[90m TS2304: [0mCannot find name 'Album'.

[7m112[0m export function getAllDescendants(_albumId: string, _allAlbums: Record<string, Album>): Album[] {
[7m   [0m [91m                                                                               ~~~~~[0m

[96msrc/lib/utils/album/helpers.ts[0m:[93m112[0m:[93m89[0m - [91merror[0m[90m TS2304: [0mCannot find name 'Album'.

[7m112[0m export function getAllDescendants(_albumId: string, _allAlbums: Record<string, Album>): Album[] {
[7m   [0m [91m                                                                                        ~~~~~[0m

[96msrc/lib/utils/album/validators.ts[0m:[93m7[0m:[93m46[0m - [91merror[0m[90m TS2307: [0mCannot find module '../../types/entities/album/enums' or its corresponding type declarations.

[7m7[0m import { AlbumPrivacyLevel, AlbumType } from '../../types/entities/album/enums';
[7m [0m [91m                                             ~~~~~~~~~~~~~~~~~~~~~~~~~~~~~~~~~~[0m

[96msrc/lib/utils/character/helpers.ts[0m:[93m50[0m:[93m3[0m - [91merror[0m[90m TS2353: [0mObject literal may only specify known properties, and 'shortcut' does not exist in type 'CharacterBase'.

[7m50[0m   shortcut: overrides.shortcut || null,
[7m  [0m [91m  ~~~~~~~~[0m

[96msrc/lib/utils/character/helpers.ts[0m:[93m50[0m:[93m23[0m - [91merror[0m[90m TS2339: [0mProperty 'shortcut' does not exist on type 'Partial<CharacterBase>'.

[7m50[0m   shortcut: overrides.shortcut || null,
[7m  [0m [91m                      ~~~~~~~~[0m

[96msrc/lib/utils/character/helpers.ts[0m:[93m55[0m:[93m19[0m - [91merror[0m[90m TS2339: [0mProperty 'type' does not exist on type 'Partial<CharacterBase>'.

[7m55[0m   type: overrides.type || null,
[7m  [0m [91m                  ~~~~[0m

[96msrc/lib/utils/character/helpers.ts[0m:[93m252[0m:[93m3[0m - [91merror[0m[90m TS2353: [0mObject literal may only specify known properties, and 'characterId' does not exist in type 'CharacterRelationship'.

[7m252[0m   characterId: targetCharacterId,
[7m   [0m [91m  ~~~~~~~~~~~[0m

[96msrc/lib/utils/collection/helpers.ts[0m:[93m41[0m:[93m47[0m - [91merror[0m[90m TS2339: [0mProperty 'price' does not exist on type 'CollectionWithStats'.

[7m41[0m    return clonedCollections.sort((a, b) => (a.price || 0) - (b.price || 0));
[7m  [0m [91m                                              ~~~~~[0m

[96msrc/lib/utils/collection/helpers.ts[0m:[93m41[0m:[93m64[0m - [91merror[0m[90m TS2339: [0mProperty 'price' does not exist on type 'CollectionWithStats'.

[7m41[0m    return clonedCollections.sort((a, b) => (a.price || 0) - (b.price || 0));
[7m  [0m [91m                                                               ~~~~~[0m

[96msrc/lib/utils/collection/helpers.ts[0m:[93m44[0m:[93m47[0m - [91merror[0m[90m TS2339: [0mProperty 'price' does not exist on type 'CollectionWithStats'.

[7m44[0m    return clonedCollections.sort((a, b) => (b.price || 0) - (a.price || 0));
[7m  [0m [91m                                              ~~~~~[0m

[96msrc/lib/utils/collection/helpers.ts[0m:[93m44[0m:[93m64[0m - [91merror[0m[90m TS2339: [0mProperty 'price' does not exist on type 'CollectionWithStats'.

[7m44[0m    return clonedCollections.sort((a, b) => (b.price || 0) - (a.price || 0));
[7m  [0m [91m                                                               ~~~~~[0m

[96msrc/lib/utils/collection/helpers.ts[0m:[93m64[0m:[93m38[0m - [91merror[0m[90m TS2339: [0mProperty 'category' does not exist on type 'CollectionWithStats'.

[7m64[0m   if (filters.category && collection.category !== filters.category) {
[7m  [0m [91m                                     ~~~~~~~~[0m

[96msrc/lib/utils/collection/helpers.ts[0m:[93m69[0m:[93m38[0m - [91merror[0m[90m TS2339: [0mProperty 'platform' does not exist on type 'CollectionWithStats'.

[7m69[0m   if (filters.platform && collection.platform !== filters.platform) {
[7m  [0m [91m                                     ~~~~~~~~[0m

[96msrc/lib/utils/collection/helpers.ts[0m:[93m79[0m:[93m53[0m - [91merror[0m[90m TS2339: [0mProperty 'price' does not exist on type 'CollectionWithStats'.

[7m79[0m   if (filters.minPrice !== undefined && (collection.price || 0) < filters.minPrice) {
[7m  [0m [91m                                                    ~~~~~[0m

[96msrc/lib/utils/collection/helpers.ts[0m:[93m83[0m:[93m53[0m - [91merror[0m[90m TS2339: [0mProperty 'price' does not exist on type 'CollectionWithStats'.

[7m83[0m   if (filters.maxPrice !== undefined && (collection.price || 0) > filters.maxPrice) {
[7m  [0m [91m                                                    ~~~~~[0m

[96msrc/lib/utils/collection/helpers.ts[0m:[93m147[0m:[93m30[0m - [91merror[0m[90m TS2339: [0mProperty 'price' does not exist on type 'CollectionWithStats'.

[7m147[0m   return total + (collection.price || 0);
[7m   [0m [91m                             ~~~~~[0m

[96msrc/lib/utils/collection/index.ts[0m:[93m57[0m:[93m23[0m - [91merror[0m[90m TS2339: [0mProperty 'totalItems' does not exist on type 'CollectionStatistics'.

[7m57[0m     aValue = a.stats?.totalItems || 0;
[7m  [0m [91m                      ~~~~~~~~~~[0m

[96msrc/lib/utils/collection/index.ts[0m:[93m58[0m:[93m23[0m - [91merror[0m[90m TS2339: [0mProperty 'totalItems' does not exist on type 'CollectionStatistics'.

[7m58[0m     bValue = b.stats?.totalItems || 0;
[7m  [0m [91m                      ~~~~~~~~~~[0m

[96msrc/lib/utils/collection/index.ts[0m:[93m105[0m:[93m42[0m - [91merror[0m[90m TS2339: [0mProperty 'totalItems' does not exist on type 'CollectionStatistics'.

[7m105[0m     const totalItems = collection.stats?.totalItems || 0;
[7m   [0m [91m                                         ~~~~~~~~~~[0m

[96msrc/lib/utils/concept/helpers.ts[0m:[93m95[0m:[93m16[0m - [91merror[0m[90m TS2339: [0mProperty 'images' does not exist on type '{}'.

[7m95[0m     if (count?.images && count.images > 0) {
[7m  [0m [91m               ~~~~~~[0m

[96msrc/lib/utils/concept/helpers.ts[0m:[93m95[0m:[93m32[0m - [91merror[0m[90m TS2339: [0mProperty 'images' does not exist on type '{}'.

[7m95[0m     if (count?.images && count.images > 0) {
[7m  [0m [91m                               ~~~~~~[0m

[96msrc/lib/utils/concept/helpers.ts[0m:[93m100[0m:[93m14[0m - [91merror[0m[90m TS2339: [0mProperty 'places' does not exist on type '{}'.

[7m100[0m      (count?.places && count.places > 0) ||
[7m   [0m [91m             ~~~~~~[0m

[96msrc/lib/utils/concept/helpers.ts[0m:[93m100[0m:[93m30[0m - [91merror[0m[90m TS2339: [0mProperty 'places' does not exist on type '{}'.

[7m100[0m      (count?.places && count.places > 0) ||
[7m   [0m [91m                             ~~~~~~[0m

[96msrc/lib/utils/concept/helpers.ts[0m:[93m101[0m:[93m14[0m - [91merror[0m[90m TS2339: [0mProperty 'worldItems' does not exist on type '{}'.

[7m101[0m      (count?.worldItems && count.worldItems > 0) ||
[7m   [0m [91m             ~~~~~~~~~~[0m

[96msrc/lib/utils/concept/helpers.ts[0m:[93m101[0m:[93m34[0m - [91merror[0m[90m TS2339: [0mProperty 'worldItems' does not exist on type '{}'.

[7m101[0m      (count?.worldItems && count.worldItems > 0) ||
[7m   [0m [91m                                 ~~~~~~~~~~[0m

[96msrc/lib/utils/concept/helpers.ts[0m:[93m102[0m:[93m14[0m - [91merror[0m[90m TS2339: [0mProperty 'notes' does not exist on type '{}'.

[7m102[0m      (count?.notes && count.notes > 0) ||
[7m   [0m [91m             ~~~~~[0m

[96msrc/lib/utils/concept/helpers.ts[0m:[93m102[0m:[93m29[0m - [91merror[0m[90m TS2339: [0mProperty 'notes' does not exist on type '{}'.

[7m102[0m      (count?.notes && count.notes > 0) ||
[7m   [0m [91m                            ~~~~~[0m

[96msrc/lib/utils/concept/helpers.ts[0m:[93m103[0m:[93m14[0m - [91merror[0m[90m TS2339: [0mProperty 'prompts' does not exist on type '{}'.

[7m103[0m      (count?.prompts && count.prompts > 0)
[7m   [0m [91m             ~~~~~~~[0m

[96msrc/lib/utils/concept/helpers.ts[0m:[93m103[0m:[93m31[0m - [91merror[0m[90m TS2339: [0mProperty 'prompts' does not exist on type '{}'.

[7m103[0m      (count?.prompts && count.prompts > 0)
[7m   [0m [91m                              ~~~~~~~[0m

[96msrc/lib/utils/concept/helpers.ts[0m:[93m143[0m:[93m50[0m - [91merror[0m[90m TS2339: [0mProperty 'tags' does not exist on type 'ConceptExtended'.

[7m143[0m   const conceptTagsArray = Array.isArray(concept.tags)
[7m   [0m [91m                                                 ~~~~[0m

[96msrc/lib/utils/concept/helpers.ts[0m:[93m144[0m:[93m14[0m - [91merror[0m[90m TS2339: [0mProperty 'tags' does not exist on type 'ConceptExtended'.

[7m144[0m    ? concept.tags
[7m   [0m [91m             ~~~~[0m

[96msrc/lib/utils/concept/helpers.ts[0m:[93m145[0m:[93m21[0m - [91merror[0m[90m TS2339: [0mProperty 'tags' does not exist on type 'ConceptExtended'.

[7m145[0m    : typeof concept.tags === 'string'
[7m   [0m [91m                    ~~~~[0m

[96msrc/lib/utils/concept/helpers.ts[0m:[93m146[0m:[93m31[0m - [91merror[0m[90m TS2339: [0mProperty 'tags' does not exist on type 'ConceptExtended'.

[7m146[0m     ? deserializeTags(concept.tags as string)
[7m   [0m [91m                              ~~~~[0m

[96msrc/lib/utils/concept/helpers.ts[0m:[93m161[0m:[93m39[0m - [91merror[0m[90m TS2339: [0mProperty 'tags' does not exist on type 'ConceptExtended'.

[7m161[0m    const cTagsArray = Array.isArray(c.tags)
[7m   [0m [91m                                      ~~~~[0m

[96msrc/lib/utils/concept/helpers.ts[0m:[93m162[0m:[93m9[0m - [91merror[0m[90m TS2339: [0mProperty 'tags' does not exist on type 'ConceptExtended'.

[7m162[0m     ? c.tags
[7m   [0m [91m        ~~~~[0m

[96msrc/lib/utils/concept/helpers.ts[0m:[93m163[0m:[93m16[0m - [91merror[0m[90m TS2339: [0mProperty 'tags' does not exist on type 'ConceptExtended'.

[7m163[0m     : typeof c.tags === 'string'
[7m   [0m [91m               ~~~~[0m

[96msrc/lib/utils/concept/helpers.ts[0m:[93m164[0m:[93m26[0m - [91merror[0m[90m TS2339: [0mProperty 'tags' does not exist on type 'ConceptExtended'.

[7m164[0m      ? deserializeTags(c.tags as string)
[7m   [0m [91m                         ~~~~[0m

[96msrc/lib/utils/concept/helpers.ts[0m:[93m192[0m:[93m12[0m - [91merror[0m[90m TS2339: [0mProperty 'tags' does not exist on type 'ConceptExtended'.

[7m192[0m    const { tags, ...rest } = match.concept;
[7m   [0m [91m           ~~~~[0m

[96msrc/lib/utils/entity.utils.ts[0m:[93m20[0m:[93m16[0m - [91merror[0m[90m TS2339: [0mProperty 'name' does not exist on type 'T'.

[7m20[0m   name: entity.name,
[7m  [0m [91m               ~~~~[0m

[96msrc/lib/utils/entity.utils.ts[0m:[93m21[0m:[93m23[0m - [91merror[0m[90m TS2339: [0mProperty 'description' does not exist on type 'T'.

[7m21[0m   description: entity.description || undefined,
[7m  [0m [91m                      ~~~~~~~~~~~[0m

[96msrc/lib/utils/entity.utils.ts[0m:[93m28[0m:[93m9[0m - [91merror[0m[90m TS2352: [0mConversion of type '{ shortcut?: string | undefined; emoji?: string | undefined; name: string; description: string | null; id?: string | undefined; }' to type 'Partial<T>' may be a mistake because neither type sufficiently overlaps with the other. If this was intentional, convert the expression to 'unknown' first.

[7m 28[0m  return {
[7m   [0m [91m        ~[0m
[7m 29[0m   ...(id ? { id } : {}),
[7m   [0m [91m~~~~~~~~~~~~~~~~~~~~~~~~[0m
[7m...[0m 
[7m 33[0m   ...(data.shortcut ? { shortcut: data.shortcut } : {}),
[7m   [0m [91m~~~~~~~~~~~~~~~~~~~~~~~~~~~~~~~~~~~~~~~~~~~~~~~~~~~~~~~~[0m
[7m 34[0m  } as Partial<T>;
[7m   [0m [91m~~~~~~~~~~~~~~~~[0m

[96msrc/lib/utils/entity.utils.ts[0m:[93m105[0m:[93m14[0m - [91merror[0m[90m TS2339: [0mProperty 'name' does not exist on type 'T'.

[7m105[0m   name: item.name,
[7m   [0m [91m             ~~~~[0m

[96msrc/lib/utils/image/helpers.ts[0m:[93m6[0m:[93m56[0m - [91merror[0m[90m TS2307: [0mCannot find module '../../types/entities/image' or its corresponding type declarations.

[7m6[0m import type { Image, ImageFormat, ImageMetadata } from '../../types/entities/image';
[7m [0m [91m                                                       ~~~~~~~~~~~~~~~~~~~~~~~~~~~~[0m

[96msrc/lib/utils/image/index.ts[0m:[93m24[0m:[93m9[0m - [91merror[0m[90m TS2678: [0mType '"name_asc"' is not comparable to type 'ImageSortCriteria'.

[7m24[0m    case 'name_asc':
[7m  [0m [91m        ~~~~~~~~~~[0m

[96msrc/lib/utils/image/index.ts[0m:[93m26[0m:[93m9[0m - [91merror[0m[90m TS2678: [0mType '"name_desc"' is not comparable to type 'ImageSortCriteria'.

[7m26[0m    case 'name_desc':
[7m  [0m [91m        ~~~~~~~~~~~[0m

[96msrc/lib/utils/image/index.ts[0m:[93m28[0m:[93m9[0m - [91merror[0m[90m TS2678: [0mType '"date_asc"' is not comparable to type 'ImageSortCriteria'.

[7m28[0m    case 'date_asc':
[7m  [0m [91m        ~~~~~~~~~~[0m

[96msrc/lib/utils/image/index.ts[0m:[93m30[0m:[93m9[0m - [91merror[0m[90m TS2678: [0mType '"date_desc"' is not comparable to type 'ImageSortCriteria'.

[7m30[0m    case 'date_desc':
[7m  [0m [91m        ~~~~~~~~~~~[0m

[96msrc/lib/utils/image/index.ts[0m:[93m32[0m:[93m9[0m - [91merror[0m[90m TS2678: [0mType '"size_asc"' is not comparable to type 'ImageSortCriteria'.

[7m32[0m    case 'size_asc':
[7m  [0m [91m        ~~~~~~~~~~[0m

[96msrc/lib/utils/image/index.ts[0m:[93m34[0m:[93m9[0m - [91merror[0m[90m TS2678: [0mType '"size_desc"' is not comparable to type 'ImageSortCriteria'.

[7m34[0m    case 'size_desc':
[7m  [0m [91m        ~~~~~~~~~~~[0m

[96msrc/lib/utils/image/index.ts[0m:[93m36[0m:[93m9[0m - [91merror[0m[90m TS2678: [0mType '"width_asc"' is not comparable to type 'ImageSortCriteria'.

[7m36[0m    case 'width_asc':
[7m  [0m [91m        ~~~~~~~~~~~[0m

[96msrc/lib/utils/image/index.ts[0m:[93m38[0m:[93m9[0m - [91merror[0m[90m TS2678: [0mType '"width_desc"' is not comparable to type 'ImageSortCriteria'.

[7m38[0m    case 'width_desc':
[7m  [0m [91m        ~~~~~~~~~~~~[0m

[96msrc/lib/utils/image/index.ts[0m:[93m40[0m:[93m9[0m - [91merror[0m[90m TS2678: [0mType '"height_asc"' is not comparable to type 'ImageSortCriteria'.

[7m40[0m    case 'height_asc':
[7m  [0m [91m        ~~~~~~~~~~~~[0m

[96msrc/lib/utils/image/index.ts[0m:[93m42[0m:[93m9[0m - [91merror[0m[90m TS2678: [0mType '"height_desc"' is not comparable to type 'ImageSortCriteria'.

[7m42[0m    case 'height_desc':
[7m  [0m [91m        ~~~~~~~~~~~~~[0m

[96msrc/lib/utils/image/index.ts[0m:[93m44[0m:[93m9[0m - [91merror[0m[90m TS2678: [0mType '"favorite_first"' is not comparable to type 'ImageSortCriteria'.

[7m44[0m    case 'favorite_first':
[7m  [0m [91m        ~~~~~~~~~~~~~~~~[0m

[96msrc/lib/utils/image/index.ts[0m:[93m46[0m:[93m9[0m - [91merror[0m[90m TS2678: [0mType '"favorite_last"' is not comparable to type 'ImageSortCriteria'.

[7m46[0m    case 'favorite_last':
[7m  [0m [91m        ~~~~~~~~~~~~~~~[0m

[96msrc/lib/utils/note/helpers.ts[0m:[93m146[0m:[93m4[0m - [91merror[0m[90m TS2304: [0mCannot find name 'matchesTitle'.

[7m146[0m    matchesTitle ||
[7m   [0m [91m   ~~~~~~~~~~~~[0m

[96msrc/lib/utils/note/helpers.ts[0m:[93m147[0m:[93m4[0m - [91merror[0m[90m TS2304: [0mCannot find name 'matchesContent'.

[7m147[0m    matchesContent ||
[7m   [0m [91m   ~~~~~~~~~~~~~~[0m

[96msrc/lib/utils/note/helpers.ts[0m:[93m148[0m:[93m4[0m - [91merror[0m[90m TS2304: [0mCannot find name 'matchesSummary'.

[7m148[0m    matchesSummary ||
[7m   [0m [91m   ~~~~~~~~~~~~~~[0m

[96msrc/lib/utils/note/helpers.ts[0m:[93m149[0m:[93m4[0m - [91merror[0m[90m TS2304: [0mCannot find name 'matchesCategory'.

[7m149[0m    matchesCategory
[7m   [0m [91m   ~~~~~~~~~~~~~~~[0m

[96msrc/lib/utils/object-utils.ts[0m:[93m17[0m:[93m6[0m - [91merror[0m[90m TS2862: [0mType 'T' is generic and can only be indexed for reading.

[7m17[0m      output[key] = deepMerge(
[7m  [0m [91m     ~~~~~~~~~~~[0m

[96msrc/lib/utils/place/helpers.ts[0m:[93m6[0m:[93m15[0m - [91merror[0m[90m TS2305: [0mModule '"@/types/entities/place"' has no exported member 'Place'.

[7m6[0m import type { Place, PlaceFilters, PlaceWithCounts } from '@/types/entities/place';
[7m [0m [91m              ~~~~~[0m

[96msrc/lib/utils/place/helpers.ts[0m:[93m6[0m:[93m22[0m - [91merror[0m[90m TS2305: [0mModule '"@/types/entities/place"' has no exported member 'PlaceFilters'.

[7m6[0m import type { Place, PlaceFilters, PlaceWithCounts } from '@/types/entities/place';
[7m [0m [91m                     ~~~~~~~~~~~~[0m

[96msrc/lib/utils/place/helpers.ts[0m:[93m6[0m:[93m36[0m - [91merror[0m[90m TS2305: [0mModule '"@/types/entities/place"' has no exported member 'PlaceWithCounts'.

[7m6[0m import type { Place, PlaceFilters, PlaceWithCounts } from '@/types/entities/place';
[7m [0m [91m                                   ~~~~~~~~~~~~~~~[0m

[96msrc/lib/utils/profile/profile-utils.ts[0m:[93m48[0m:[93m31[0m - [91merror[0m[90m TS2339: [0mProperty 'theme' does not exist on type 'SQLiteTableWithColumns<{ name: "Profile"; schema: undefined; columns: { id: SQLiteColumn<{ name: "id"; tableName: "Profile"; dataType: "string"; columnType: "SQLiteText"; data: string; driverParam: string; notNull: true; hasDefault: false; ... 6 more ...; generated: undefined; }, {}, { ...; }>; ... 8 more ...; image...'.

[7m48[0m   conditions.push(eq(profiles.theme, filters.theme));
[7m  [0m [91m                              ~~~~~[0m

[96msrc/lib/utils/profile/profile-utils.ts[0m:[93m53[0m:[93m31[0m - [91merror[0m[90m TS2339: [0mProperty 'language' does not exist on type 'SQLiteTableWithColumns<{ name: "Profile"; schema: undefined; columns: { id: SQLiteColumn<{ name: "id"; tableName: "Profile"; dataType: "string"; columnType: "SQLiteText"; data: string; driverParam: string; notNull: true; hasDefault: false; ... 6 more ...; generated: undefined; }, {}, { ...; }>; ... 8 more ...; image...'.

[7m53[0m   conditions.push(eq(profiles.language, filters.language));
[7m  [0m [91m                              ~~~~~~~~[0m

[96msrc/lib/utils/profile/profile-utils.ts[0m:[93m88[0m:[93m10[0m - [91merror[0m[90m TS2345: [0mArgument of type '(() => SQL<unknown>) | { readonly brand: "Table"; readonly config: { name: "Profile"; schema: undefined; columns: { id: SQLiteColumn<{ name: "id"; tableName: "Profile"; dataType: "string"; columnType: "SQLiteText"; data: string; ... 9 more ...; generated: undefined; }, {}, { ...; }>; ... 8 more ...; imageId: SQLiteC...' is not assignable to parameter of type 'SQLWrapper | AnyColumn'.
  Type 'undefined' is not assignable to type 'SQLWrapper | AnyColumn'.

[7m88[0m    ? asc(profiles[sortBy as keyof typeof profiles])
[7m  [0m [91m         ~~~~~~~~~~~~~~~~~~~~~~~~~~~~~~~~~~~~~~~~~[0m

[96msrc/lib/utils/profile/profile-utils.ts[0m:[93m89[0m:[93m11[0m - [91merror[0m[90m TS2345: [0mArgument of type '(() => SQL<unknown>) | { readonly brand: "Table"; readonly config: { name: "Profile"; schema: undefined; columns: { id: SQLiteColumn<{ name: "id"; tableName: "Profile"; dataType: "string"; columnType: "SQLiteText"; data: string; ... 9 more ...; generated: undefined; }, {}, { ...; }>; ... 8 more ...; imageId: SQLiteC...' is not assignable to parameter of type 'SQLWrapper | AnyColumn'.
  Type 'undefined' is not assignable to type 'SQLWrapper | AnyColumn'.

[7m89[0m    : desc(profiles[sortBy as keyof typeof profiles]);
[7m  [0m [91m          ~~~~~~~~~~~~~~~~~~~~~~~~~~~~~~~~~~~~~~~~~[0m

[96msrc/lib/utils/profile/profile-utils.ts[0m:[93m104[0m:[93m3[0m - [91merror[0m[90m TS2353: [0mObject literal may only specify known properties, and 'items' does not exist in type 'PaginatedProfiles'.

[7m104[0m   items: transformedProfiles,
[7m   [0m [91m  ~~~~~[0m

[96msrc/lib/utils/profile/profile-utils.ts[0m:[93m136[0m:[93m31[0m - [91merror[0m[90m TS7006: [0mParameter 'tx' implicitly has an 'any' type.

[7m136[0m   await db.transaction(async (tx) => {
[7m   [0m [91m                              ~~[0m

[96msrc/lib/utils/prompt/execution.ts[0m:[93m2[0m:[93m27[0m - [91merror[0m[90m TS2305: [0mModule '"@/types/entities/prompt/types"' has no exported member 'PromptExecutionResult'.

[7m2[0m import type { PromptBase, PromptExecutionResult } from '@/types/entities/prompt/types';
[7m [0m [91m                          ~~~~~~~~~~~~~~~~~~~~~[0m

[96msrc/lib/utils/prompt/execution.ts[0m:[93m77[0m:[93m4[0m - [91merror[0m[90m TS2322: [0mType 'string | null' is not assignable to type 'string'.
  Type 'null' is not assignable to type 'string'.

[7m77[0m    return prompt.content;
[7m  [0m [91m   ~~~~~~[0m

[96msrc/lib/utils/prompt/execution.ts[0m:[93m81[0m:[93m36[0m - [91merror[0m[90m TS2345: [0mArgument of type 'string | null' is not assignable to parameter of type 'string'.
  Type 'null' is not assignable to type 'string'.

[7m81[0m   return replaceVariablesInContent(prompt.content, variables);
[7m  [0m [91m                                   ~~~~~~~~~~~~~~[0m

[96msrc/lib/utils/prompt/execution.ts[0m:[93m84[0m:[93m3[0m - [91merror[0m[90m TS2322: [0mType 'string | null' is not assignable to type 'string'.
  Type 'null' is not assignable to type 'string'.

[7m84[0m   return prompt.content;
[7m  [0m [91m  ~~~~~~[0m

[96msrc/lib/utils/prompt/execution.ts[0m:[93m135[0m:[93m18[0m - [91merror[0m[90m TS2339: [0mProperty 'model' does not exist on type 'PromptBase'.

[7m135[0m    model: prompt.model,
[7m   [0m [91m                 ~~~~~[0m

[96msrc/lib/utils/prompt/execution.ts[0m:[93m148[0m:[93m56[0m - [91merror[0m[90m TS2339: [0mProperty 'title' does not exist on type 'PromptBase'.

[7m148[0m   executionLogger.info(`🚀 Ejecutando prompt: ${prompt.title}`);
[7m   [0m [91m                                                       ~~~~~[0m

[96msrc/lib/utils/prompt/execution.ts[0m:[93m190[0m:[93m46[0m - [91merror[0m[90m TS2339: [0mProperty 'model' does not exist on type 'PromptBase'.

[7m190[0m    model: (config.model as string) || prompt.model,
[7m   [0m [91m                                             ~~~~~[0m

[96msrc/lib/utils/prompt/export.ts[0m:[93m2[0m:[93m27[0m - [91merror[0m[90m TS2305: [0mModule '"@/types/entities/prompt/types"' has no exported member 'PromptExtended'.

[7m2[0m import type { PromptBase, PromptExtended } from '@/types/entities/prompt/types';
[7m [0m [91m                          ~~~~~~~~~~~~~~[0m

[96msrc/lib/utils/prompt/export.ts[0m:[93m371[0m:[93m4[0m - [91merror[0m[90m TS2353: [0mObject literal may only specify known properties, and 'model' does not exist in type 'PromptBase'.

[7m371[0m    model: parsed.model || '',
[7m   [0m [91m   ~~~~~[0m

[96msrc/lib/utils/prompt/export.ts[0m:[93m383[0m:[93m4[0m - [91merror[0m[90m TS2322: [0mType 'PromptComplete' is not assignable to type 'PromptBase'.
  Types of property 'notes' are incompatible.
    Type 'NoteWithStats[] | undefined' is not assignable to type 'string | null'.
      Type 'undefined' is not assignable to type 'string | null'.

[7m383[0m    return preparePromptForSaving(parsed as PromptExtended);
[7m   [0m [91m   ~~~~~~[0m

[96msrc/lib/utils/prompt/formatters.ts[0m:[93m2[0m:[93m27[0m - [91merror[0m[90m TS2305: [0mModule '"@/types/entities/prompt/types"' has no exported member 'PromptExtended'.

[7m2[0m import type { PromptBase, PromptExtended } from '@/types/entities/prompt/types';
[7m [0m [91m                          ~~~~~~~~~~~~~~[0m

[96msrc/lib/utils/prompt/helpers.ts[0m:[93m3[0m:[93m31[0m - [91merror[0m[90m TS2305: [0mModule '"@/types/entities/prompt/types"' has no exported member 'PromptParameter'.

[7m3[0m import type { PromptComplete, PromptParameter } from '@/types/entities/prompt/types';
[7m [0m [91m                              ~~~~~~~~~~~~~~~[0m

[96msrc/lib/utils/prompt/templates.ts[0m:[93m210[0m:[93m4[0m - [91merror[0m[90m TS2353: [0mObject literal may only specify known properties, and 'title' does not exist in type 'PromptBase'.

[7m210[0m    title: template.name,
[7m   [0m [91m   ~~~~~[0m

[96msrc/lib/utils/prompt/templates.ts[0m:[93m258[0m:[93m49[0m - [91merror[0m[90m TS2345: [0mArgument of type 'string | null' is not assignable to parameter of type 'string'.
  Type 'null' is not assignable to type 'string'.

[7m258[0m   const variables = extractVariablesFromContent(prompt.content);
[7m   [0m [91m                                                ~~~~~~~~~~~~~~[0m

[96msrc/lib/utils/prompt/templates.ts[0m:[93m280[0m:[93m33[0m - [91merror[0m[90m TS2339: [0mProperty 'title' does not exist on type 'PromptBase'.

[7m280[0m    name: templateName || prompt.title,
[7m   [0m [91m                                ~~~~~[0m

[96msrc/lib/utils/prompt/templates.ts[0m:[93m281[0m:[93m58[0m - [91merror[0m[90m TS2339: [0mProperty 'title' does not exist on type 'PromptBase'.

[7m281[0m    description: `Plantilla basada en el prompt: ${prompt.title}`,
[7m   [0m [91m                                                         ~~~~~[0m

[96msrc/lib/utils/prompt/templates.ts[0m:[93m283[0m:[93m18[0m - [91merror[0m[90m TS2339: [0mProperty 'model' does not exist on type 'PromptBase'.

[7m283[0m    model: prompt.model as PromptModel,
[7m   [0m [91m                 ~~~~~[0m

[96msrc/lib/utils/prompt/templates.ts[0m:[93m284[0m:[93m4[0m - [91merror[0m[90m TS2322: [0mType 'string | null' is not assignable to type 'string'.
  Type 'null' is not assignable to type 'string'.

[7m284[0m    content: prompt.content,
[7m   [0m [91m   ~~~~~~~[0m

  [96msrc/lib/utils/prompt/templates.ts[0m:[93m33[0m:[93m2[0m
    [7m33[0m  content: string;
    [7m  [0m [96m ~~~~~~~[0m
    The expected type comes from property 'content' which is declared here on type 'PromptTemplate'

[96msrc/lib/utils/prompt/usage.ts[0m:[93m2[0m:[93m27[0m - [91merror[0m[90m TS2305: [0mModule '"@/types/entities/prompt/types"' has no exported member 'PromptExecutionResult'.

[7m2[0m import type { PromptBase, PromptExecutionResult } from '@/types/entities/prompt/types';
[7m [0m [91m                          ~~~~~~~~~~~~~~~~~~~~~[0m

[96msrc/lib/utils/prompt/usage.ts[0m:[93m123[0m:[93m57[0m - [91merror[0m[90m TS2339: [0mProperty 'model' does not exist on type 'PromptBase'.

[7m123[0m    totalCost += calculateCost(execution.model || prompt.model, inputTokens, outputTokens);
[7m   [0m [91m                                                        ~~~~~[0m

[96msrc/lib/utils/prompt/validators.ts[0m:[93m2[0m:[93m27[0m - [91merror[0m[90m TS2305: [0mModule '"@/types/entities/prompt/types"' has no exported member 'PromptExtended'.

[7m2[0m import type { PromptBase, PromptExtended } from '@/types/entities/prompt/types';
[7m [0m [91m                          ~~~~~~~~~~~~~~[0m

[96msrc/lib/utils/types/export-validator.ts[0m:[93m15[0m:[93m15[0m - [91merror[0m[90m TS2305: [0mModule '"@/types/entities/group/types"' has no exported member 'GroupWithStats'.

[7m15[0m import type { GroupWithStats } from '@/types/entities/group/types';
[7m  [0m [91m              ~~~~~~~~~~~~~~[0m

[96msrc/lib/utils/types/export-validator.ts[0m:[93m16[0m:[93m15[0m - [91merror[0m[90m TS2305: [0mModule '"@/types/entities/image/types"' has no exported member 'ImageComplete'.

[7m16[0m import type { ImageComplete } from '@/types/entities/image/types';
[7m  [0m [91m              ~~~~~~~~~~~~~[0m

[96msrc/lib/utils/types/export-validator.ts[0m:[93m23[0m:[93m15[0m - [91merror[0m[90m TS2459: [0mModule '"@/types/entities/wildcard/types"' declares 'WildcardWithStats' locally, but it is not exported.

[7m23[0m import type { WildcardWithStats } from '@/types/entities/wildcard/types';
[7m  [0m [91m              ~~~~~~~~~~~~~~~~~[0m

  [96msrc/types/entities/wildcard/types.ts[0m:[93m6[0m:[93m15[0m
    [7m6[0m import type { WildcardWithStats } from './base';
    [7m [0m [96m              ~~~~~~~~~~~~~~~~~[0m
    'WildcardWithStats' is declared here.

[96msrc/lib/utils/wildcard/index.ts[0m:[93m8[0m:[93m15[0m - [91merror[0m[90m TS2305: [0mModule '"@/types/entities/wildcard"' has no exported member 'WildcardComplete'.

[7m8[0m import { type WildcardComplete, type WildcardFilters, WildcardSortCriteria } from '@/types/entities/wildcard';
[7m [0m [91m              ~~~~~~~~~~~~~~~~[0m

[96msrc/lib/utils/wildcard/index.ts[0m:[93m8[0m:[93m38[0m - [91merror[0m[90m TS2305: [0mModule '"@/types/entities/wildcard"' has no exported member 'WildcardFilters'.

[7m8[0m import { type WildcardComplete, type WildcardFilters, WildcardSortCriteria } from '@/types/entities/wildcard';
[7m [0m [91m                                     ~~~~~~~~~~~~~~~[0m

[96msrc/lib/utils/world-item/helpers.ts[0m:[93m143[0m:[93m10[0m - [91merror[0m[90m TS18047: [0m'a.type' is possibly 'null'.

[7m143[0m   return a.type.localeCompare(b.type);
[7m   [0m [91m         ~~~~~~[0m

[96msrc/lib/utils/world-item/helpers.ts[0m:[93m143[0m:[93m31[0m - [91merror[0m[90m TS2769: [0mNo overload matches this call.
  Overload 1 of 3, '(that: string, locales?: LocalesArgument, options?: CollatorOptions | undefined): number', gave the following error.
    Argument of type 'string | null' is not assignable to parameter of type 'string'.
      Type 'null' is not assignable to type 'string'.
  Overload 2 of 3, '(that: string, locales?: string | string[] | undefined, options?: CollatorOptions | undefined): number', gave the following error.
    Argument of type 'string | null' is not assignable to parameter of type 'string'.
      Type 'null' is not assignable to type 'string'.
  Overload 3 of 3, '(that: string): number', gave the following error.
    Argument of type 'string | null' is not assignable to parameter of type 'string'.
      Type 'null' is not assignable to type 'string'.

[7m143[0m   return a.type.localeCompare(b.type);
[7m   [0m [91m                              ~~~~~~[0m


[96msrc/lib/utils/world-item/helpers.ts[0m:[93m147[0m:[93m10[0m - [91merror[0m[90m TS18047: [0m'b.type' is possibly 'null'.

[7m147[0m   return b.type.localeCompare(a.type);
[7m   [0m [91m         ~~~~~~[0m

[96msrc/lib/utils/world-item/helpers.ts[0m:[93m147[0m:[93m31[0m - [91merror[0m[90m TS2769: [0mNo overload matches this call.
  Overload 1 of 3, '(that: string, locales?: LocalesArgument, options?: CollatorOptions | undefined): number', gave the following error.
    Argument of type 'string | null' is not assignable to parameter of type 'string'.
      Type 'null' is not assignable to type 'string'.
  Overload 2 of 3, '(that: string, locales?: string | string[] | undefined, options?: CollatorOptions | undefined): number', gave the following error.
    Argument of type 'string | null' is not assignable to parameter of type 'string'.
      Type 'null' is not assignable to type 'string'.
  Overload 3 of 3, '(that: string): number', gave the following error.
    Argument of type 'string | null' is not assignable to parameter of type 'string'.
      Type 'null' is not assignable to type 'string'.

[7m147[0m   return b.type.localeCompare(a.type);
[7m   [0m [91m                              ~~~~~~[0m


[96msrc/lib/utils/world-item/index.ts[0m:[93m48[0m:[93m33[0m - [91merror[0m[90m TS18047: [0m'a.type' is possibly 'null'.

[7m48[0m    return sorted.sort((a, b) => a.type.localeCompare(b.type));
[7m  [0m [91m                                ~~~~~~[0m

[96msrc/lib/utils/world-item/index.ts[0m:[93m48[0m:[93m54[0m - [91merror[0m[90m TS2769: [0mNo overload matches this call.
  Overload 1 of 3, '(that: string, locales?: LocalesArgument, options?: CollatorOptions | undefined): number', gave the following error.
    Argument of type 'string | null' is not assignable to parameter of type 'string'.
      Type 'null' is not assignable to type 'string'.
  Overload 2 of 3, '(that: string, locales?: string | string[] | undefined, options?: CollatorOptions | undefined): number', gave the following error.
    Argument of type 'string | null' is not assignable to parameter of type 'string'.
      Type 'null' is not assignable to type 'string'.
  Overload 3 of 3, '(that: string): number', gave the following error.
    Argument of type 'string | null' is not assignable to parameter of type 'string'.
      Type 'null' is not assignable to type 'string'.

[7m48[0m    return sorted.sort((a, b) => a.type.localeCompare(b.type));
[7m  [0m [91m                                                     ~~~~~~[0m


[96msrc/lib/utils/world-item/index.ts[0m:[93m50[0m:[93m33[0m - [91merror[0m[90m TS18047: [0m'b.type' is possibly 'null'.

[7m50[0m    return sorted.sort((a, b) => b.type.localeCompare(a.type));
[7m  [0m [91m                                ~~~~~~[0m

[96msrc/lib/utils/world-item/index.ts[0m:[93m50[0m:[93m54[0m - [91merror[0m[90m TS2769: [0mNo overload matches this call.
  Overload 1 of 3, '(that: string, locales?: LocalesArgument, options?: CollatorOptions | undefined): number', gave the following error.
    Argument of type 'string | null' is not assignable to parameter of type 'string'.
      Type 'null' is not assignable to type 'string'.
  Overload 2 of 3, '(that: string, locales?: string | string[] | undefined, options?: CollatorOptions | undefined): number', gave the following error.
    Argument of type 'string | null' is not assignable to parameter of type 'string'.
      Type 'null' is not assignable to type 'string'.
  Overload 3 of 3, '(that: string): number', gave the following error.
    Argument of type 'string | null' is not assignable to parameter of type 'string'.
      Type 'null' is not assignable to type 'string'.

[7m50[0m    return sorted.sort((a, b) => b.type.localeCompare(a.type));
[7m  [0m [91m                                                     ~~~~~~[0m


[96msrc/lib/utils/world-item/index.ts[0m:[93m52[0m:[93m49[0m - [91merror[0m[90m TS2345: [0mArgument of type 'string | null' is not assignable to parameter of type 'string'.
  Type 'null' is not assignable to type 'string'.

[7m52[0m    return sorted.sort((a, b) => getRarityWeight(a.rarity) - getRarityWeight(b.rarity));
[7m  [0m [91m                                                ~~~~~~~~[0m

[96msrc/lib/utils/world-item/index.ts[0m:[93m52[0m:[93m77[0m - [91merror[0m[90m TS2345: [0mArgument of type 'string | null' is not assignable to parameter of type 'string'.
  Type 'null' is not assignable to type 'string'.

[7m52[0m    return sorted.sort((a, b) => getRarityWeight(a.rarity) - getRarityWeight(b.rarity));
[7m  [0m [91m                                                                            ~~~~~~~~[0m

[96msrc/lib/utils/world-item/index.ts[0m:[93m54[0m:[93m49[0m - [91merror[0m[90m TS2345: [0mArgument of type 'string | null' is not assignable to parameter of type 'string'.
  Type 'null' is not assignable to type 'string'.

[7m54[0m    return sorted.sort((a, b) => getRarityWeight(b.rarity) - getRarityWeight(a.rarity));
[7m  [0m [91m                                                ~~~~~~~~[0m

[96msrc/lib/utils/world-item/index.ts[0m:[93m54[0m:[93m77[0m - [91merror[0m[90m TS2345: [0mArgument of type 'string | null' is not assignable to parameter of type 'string'.
  Type 'null' is not assignable to type 'string'.

[7m54[0m    return sorted.sort((a, b) => getRarityWeight(b.rarity) - getRarityWeight(a.rarity));
[7m  [0m [91m                                                                            ~~~~~~~~[0m

[96msrc/lib/utils/world-item/index.ts[0m:[93m105[0m:[93m4[0m - [91merror[0m[90m TS18047: [0m'item.type' is possibly 'null'.

[7m105[0m    item.type.toLowerCase().includes(query) ||
[7m   [0m [91m   ~~~~~~~~~[0m

[96msrc/lib/utils/world-item/index.ts[0m:[93m107[0m:[93m4[0m - [91merror[0m[90m TS18047: [0m'item.rarity' is possibly 'null'.

[7m107[0m    item.rarity.toLowerCase().includes(query)
[7m   [0m [91m   ~~~~~~~~~~~[0m

[96msrc/lib/utils/world-item/index.ts[0m:[93m203[0m:[93m15[0m - [91merror[0m[90m TS2339: [0mProperty 'searchTerm' does not exist on type 'WorldItemFilters'.

[7m203[0m   if (filters.searchTerm) {
[7m   [0m [91m              ~~~~~~~~~~[0m

[96msrc/lib/utils/world-item/index.ts[0m:[93m204[0m:[93m67[0m - [91merror[0m[90m TS2339: [0mProperty 'searchTerm' does not exist on type 'WorldItemFilters'.

[7m204[0m    const matchesSearch = filterWorldItemsBySearch([item], filters.searchTerm).length > 0;
[7m   [0m [91m                                                                  ~~~~~~~~~~[0m

[96msrc/lib/utils/world-item/index.ts[0m:[93m209[0m:[93m23[0m - [91merror[0m[90m TS2367: [0mThis comparison appears to be unintentional because the types 'string[]' and 'string | null' have no overlap.

[7m209[0m   if (filters.type && filters.type !== item.type) {
[7m   [0m [91m                      ~~~~~~~~~~~~~~~~~~~~~~~~~~[0m

[96msrc/lib/utils/world-item/index.ts[0m:[93m214[0m:[93m27[0m - [91merror[0m[90m TS2367: [0mThis comparison appears to be unintentional because the types 'string[]' and 'string | null' have no overlap.

[7m214[0m   if (filters.category && filters.category !== item.category) {
[7m   [0m [91m                          ~~~~~~~~~~~~~~~~~~~~~~~~~~~~~~~~~~[0m

[96msrc/lib/utils/world-item/index.ts[0m:[93m219[0m:[93m25[0m - [91merror[0m[90m TS2367: [0mThis comparison appears to be unintentional because the types 'string[]' and 'string | null' have no overlap.

[7m219[0m   if (filters.rarity && filters.rarity !== item.rarity) {
[7m   [0m [91m                        ~~~~~~~~~~~~~~~~~~~~~~~~~~~~~~[0m

[96msrc/providers/query-provider.tsx[0m:[93m19[0m:[93m7[0m - [91merror[0m[90m TS2578: [0mUnused '@ts-expect-error' directive.

[7m19[0m      {/* @ts-expect-error -- Devtools solo se carga en modo dev */}
[7m  [0m [91m      ~~~~~~~~~~~~~~~~~~~~~~~~~~~~~~~~~~~~~~~~~~~~~~~~~~~~~~~~~~~~[0m

[96msrc/server/routes/albums.ts[0m:[93m79[0m:[93m11[0m - [91merror[0m[90m TS2430: [0mInterface 'AlbumCardData' incorrectly extends interface 'Omit<AlbumWithStats, "filters">'.
  Types of property 'metadata' are incompatible.
    Type '{ itemCount?: number | undefined; imageCount?: number | undefined; videoCount?: number | undefined; coverImageUrl?: string | null | undefined; thumbnailUrls?: string[] | undefined; lastModified?: string | ... 1 more ... | undefined; entitiesCount?: number | undefined; } | undefined' is not assignable to type 'Record<string, any> | null'.
      Type 'undefined' is not assignable to type 'Record<string, any> | null'.

[7m79[0m interface AlbumCardData extends Omit<AlbumWithStats, 'filters'> {
[7m  [0m [91m          ~~~~~~~~~~~~~[0m

[96msrc/server/routes/albums.ts[0m:[93m109[0m:[93m23[0m - [91merror[0m[90m TS2769: [0mNo overload matches this call.
  The last overload gave the following error.
    Argument of type '(req: Request<{}, any, any, ParsedQs, Record<string, any>>, res: Response<any, Record<string, any>, number>) => Promise<Response<any, Record<...>, number> | undefined>' is not assignable to parameter of type 'Application<Record<string, any>>'.
      Type '(req: Request<{}, any, any, ParsedQs, Record<string, any>>, res: Response<any, Record<string, any>, number>) => Promise<Response<any, Record<...>, number> | undefined>' is missing the following properties from type 'Application<Record<string, any>>': init, defaultConfiguration, engine, set, and 63 more.

[7m109[0m albumsRouter.get('/', async (req, res) => {
[7m   [0m [91m                      ~~~~~~~~~~~~~~~~~~~~~[0m

  [96mnode_modules/@types/express-serve-static-core/index.d.ts[0m:[93m168[0m:[93m5[0m
    [7m168[0m     (path: PathParams, subApplication: Application): T;
    [7m   [0m [96m    ~~~~~~~~~~~~~~~~~~~~~~~~~~~~~~~~~~~~~~~~~~~~~~~~~~~[0m
    The last overload is declared here.

[96msrc/server/routes/albums.ts[0m:[93m135[0m:[93m79[0m - [91merror[0m[90m TS2339: [0mProperty 'message' does not exist on type '{}'.

[7m135[0m   res.status(500).json({ error: 'Error interno del servidor', details: error?.message });
[7m   [0m [91m                                                                              ~~~~~~~[0m

[96msrc/server/routes/albums.ts[0m:[93m140[0m:[93m26[0m - [91merror[0m[90m TS2769: [0mNo overload matches this call.
  The last overload gave the following error.
    Argument of type '(req: Request<{ id: string; }, any, any, ParsedQs, Record<string, any>>, res: Response<any, Record<string, any>, number>) => Promise<...>' is not assignable to parameter of type 'Application<Record<string, any>>'.
      Type '(req: Request<{ id: string; }, any, any, ParsedQs, Record<string, any>>, res: Response<any, Record<string, any>, number>) => Promise<...>' is missing the following properties from type 'Application<Record<string, any>>': init, defaultConfiguration, engine, set, and 63 more.

[7m140[0m albumsRouter.get('/:id', async (req, res) => {
[7m   [0m [91m                         ~~~~~~~~~~~~~~~~~~~~~[0m

  [96mnode_modules/@types/express-serve-static-core/index.d.ts[0m:[93m168[0m:[93m5[0m
    [7m168[0m     (path: PathParams, subApplication: Application): T;
    [7m   [0m [96m    ~~~~~~~~~~~~~~~~~~~~~~~~~~~~~~~~~~~~~~~~~~~~~~~~~~~[0m
    The last overload is declared here.

[96msrc/server/routes/albums.ts[0m:[93m164[0m:[93m33[0m - [91merror[0m[90m TS2769: [0mNo overload matches this call.
  The last overload gave the following error.
    Argument of type '(req: Request<{ id: string; }, any, any, ParsedQs, Record<string, any>>, res: Response<any, Record<string, any>, number>) => Promise<...>' is not assignable to parameter of type 'Application<Record<string, any>>'.
      Type '(req: Request<{ id: string; }, any, any, ParsedQs, Record<string, any>>, res: Response<any, Record<string, any>, number>) => Promise<...>' is missing the following properties from type 'Application<Record<string, any>>': init, defaultConfiguration, engine, set, and 63 more.

[7m164[0m albumsRouter.get('/:id/images', async (req, res) => {
[7m   [0m [91m                                ~~~~~~~~~~~~~~~~~~~~~[0m

  [96mnode_modules/@types/express-serve-static-core/index.d.ts[0m:[93m168[0m:[93m5[0m
    [7m168[0m     (path: PathParams, subApplication: Application): T;
    [7m   [0m [96m    ~~~~~~~~~~~~~~~~~~~~~~~~~~~~~~~~~~~~~~~~~~~~~~~~~~~[0m
    The last overload is declared here.

[96msrc/server/routes/albums.ts[0m:[93m199[0m:[93m24[0m - [91merror[0m[90m TS2769: [0mNo overload matches this call.
  The last overload gave the following error.
    Argument of type '(req: Request<{}, any, any, ParsedQs, Record<string, any>>, res: Response<any, Record<string, any>, number>) => Promise<Response<any, Record<...>, number> | undefined>' is not assignable to parameter of type 'Application<Record<string, any>>'.
      Type '(req: Request<{}, any, any, ParsedQs, Record<string, any>>, res: Response<any, Record<string, any>, number>) => Promise<Response<any, Record<...>, number> | undefined>' is missing the following properties from type 'Application<Record<string, any>>': init, defaultConfiguration, engine, set, and 63 more.

[7m199[0m albumsRouter.post('/', async (req, res) => {
[7m   [0m [91m                       ~~~~~~~~~~~~~~~~~~~~~[0m

  [96mnode_modules/@types/express-serve-static-core/index.d.ts[0m:[93m168[0m:[93m5[0m
    [7m168[0m     (path: PathParams, subApplication: Application): T;
    [7m   [0m [96m    ~~~~~~~~~~~~~~~~~~~~~~~~~~~~~~~~~~~~~~~~~~~~~~~~~~~[0m
    The last overload is declared here.

[96msrc/server/routes/albums.ts[0m:[93m244[0m:[93m26[0m - [91merror[0m[90m TS2769: [0mNo overload matches this call.
  The last overload gave the following error.
    Argument of type '(req: Request<{ id: string; }, any, any, ParsedQs, Record<string, any>>, res: Response<any, Record<string, any>, number>) => Promise<...>' is not assignable to parameter of type 'Application<Record<string, any>>'.
      Type '(req: Request<{ id: string; }, any, any, ParsedQs, Record<string, any>>, res: Response<any, Record<string, any>, number>) => Promise<...>' is missing the following properties from type 'Application<Record<string, any>>': init, defaultConfiguration, engine, set, and 63 more.

[7m244[0m albumsRouter.put('/:id', async (req, res) => {
[7m   [0m [91m                         ~~~~~~~~~~~~~~~~~~~~~[0m

  [96mnode_modules/@types/express-serve-static-core/index.d.ts[0m:[93m168[0m:[93m5[0m
    [7m168[0m     (path: PathParams, subApplication: Application): T;
    [7m   [0m [96m    ~~~~~~~~~~~~~~~~~~~~~~~~~~~~~~~~~~~~~~~~~~~~~~~~~~~[0m
    The last overload is declared here.

[96msrc/server/routes/albums.ts[0m:[93m339[0m:[93m36[0m - [91merror[0m[90m TS2769: [0mNo overload matches this call.
  The last overload gave the following error.
    Argument of type '(req: Request<{ id: string; }, any, any, ParsedQs, Record<string, any>>, res: Response<any, Record<string, any>, number>) => Promise<...>' is not assignable to parameter of type 'Application<Record<string, any>>'.
      Type '(req: Request<{ id: string; }, any, any, ParsedQs, Record<string, any>>, res: Response<any, Record<string, any>, number>) => Promise<...>' is missing the following properties from type 'Application<Record<string, any>>': init, defaultConfiguration, engine, set, and 63 more.

[7m339[0m albumsRouter.get('/:id/card-data', async (req, res) => {
[7m   [0m [91m                                   ~~~~~~~~~~~~~~~~~~~~~[0m

  [96mnode_modules/@types/express-serve-static-core/index.d.ts[0m:[93m168[0m:[93m5[0m
    [7m168[0m     (path: PathParams, subApplication: Application): T;
    [7m   [0m [96m    ~~~~~~~~~~~~~~~~~~~~~~~~~~~~~~~~~~~~~~~~~~~~~~~~~~~[0m
    The last overload is declared here.

[96msrc/server/routes/albums.ts[0m:[93m396[0m:[93m23[0m - [91merror[0m[90m TS7006: [0mParameter 'img' implicitly has an 'any' type.

[7m396[0m     album.images.map((img) => img.id)
[7m   [0m [91m                      ~~~[0m

[96msrc/server/routes/albums.ts[0m:[93m408[0m:[93m46[0m - [91merror[0m[90m TS7006: [0mParameter 'img' implicitly has an 'any' type.

[7m408[0m   const recentImagePaths = recentImages.map((img) => `/api/thumbnails/${img.id}`);
[7m   [0m [91m                                             ~~~[0m

[96msrc/server/routes/albums.ts[0m:[93m414[0m:[93m23[0m - [91merror[0m[90m TS7006: [0mParameter 'vid' implicitly has an 'any' type.

[7m414[0m     album.videos.map((vid) => vid.id)
[7m   [0m [91m                      ~~~[0m

[96msrc/server/routes/albums.ts[0m:[93m426[0m:[93m46[0m - [91merror[0m[90m TS7006: [0mParameter 'video' implicitly has an 'any' type.

[7m426[0m   const recentVideoPaths = recentVideos.map((video) => `/api/video-thumbnails/${video.id}`);
[7m   [0m [91m                                             ~~~~~[0m

[96msrc/server/routes/albums.ts[0m:[93m554[0m:[93m54[0m - [91merror[0m[90m TS7006: [0mParameter 'album' implicitly has an 'any' type.

[7m554[0m   const results: AlbumCardData[] = albumResults.map((album) => ({
[7m   [0m [91m                                                     ~~~~~[0m

[96msrc/server/routes/albums.ts[0m:[93m600[0m:[93m39[0m - [91merror[0m[90m TS2769: [0mNo overload matches this call.
  The last overload gave the following error.
    Argument of type '(req: Request<{ id: string; }, any, any, ParsedQs, Record<string, any>>, res: Response<any, Record<string, any>, number>) => Promise<...>' is not assignable to parameter of type 'Application<Record<string, any>>'.
      Type '(req: Request<{ id: string; }, any, any, ParsedQs, Record<string, any>>, res: Response<any, Record<string, any>, number>) => Promise<...>' is missing the following properties from type 'Application<Record<string, any>>': init, defaultConfiguration, engine, set, and 63 more.

[7m600[0m albumsRouter.get('/:id/recent-media', async (req, res) => {
[7m   [0m [91m                                      ~~~~~~~~~~~~~~~~~~~~~[0m

  [96mnode_modules/@types/express-serve-static-core/index.d.ts[0m:[93m168[0m:[93m5[0m
    [7m168[0m     (path: PathParams, subApplication: Application): T;
    [7m   [0m [96m    ~~~~~~~~~~~~~~~~~~~~~~~~~~~~~~~~~~~~~~~~~~~~~~~~~~~[0m
    The last overload is declared here.

[96msrc/server/routes/albums.ts[0m:[93m625[0m:[93m24[0m - [91merror[0m[90m TS7006: [0mParameter 'img' implicitly has an 'any' type.

[7m625[0m      album.images.map((img) => img.id)
[7m   [0m [91m                       ~~~[0m

[96msrc/server/routes/albums.ts[0m:[93m638[0m:[93m7[0m - [91merror[0m[90m TS7006: [0mParameter 'img' implicitly has an 'any' type.

[7m638[0m      (img): ThumbnailImage => ({
[7m   [0m [91m      ~~~[0m

[96msrc/server/routes/albums.ts[0m:[93m654[0m:[93m24[0m - [91merror[0m[90m TS7006: [0mParameter 'vid' implicitly has an 'any' type.

[7m654[0m      album.videos.map((vid) => vid.id)
[7m   [0m [91m                       ~~~[0m

[96msrc/server/routes/albums.ts[0m:[93m667[0m:[93m7[0m - [91merror[0m[90m TS7006: [0mParameter 'video' implicitly has an 'any' type.

[7m667[0m      (video): ThumbnailImage => ({
[7m   [0m [91m      ~~~~~[0m

[96msrc/server/routes/albums.ts[0m:[93m706[0m:[93m29[0m - [91merror[0m[90m TS2769: [0mNo overload matches this call.
  The last overload gave the following error.
    Argument of type '(req: Request<{}, any, any, ParsedQs, Record<string, any>>, res: Response<any, Record<string, any>, number>) => Promise<Response<any, Record<...>, number> | undefined>' is not assignable to parameter of type 'Application<Record<string, any>>'.
      Type '(req: Request<{}, any, any, ParsedQs, Record<string, any>>, res: Response<any, Record<string, any>, number>) => Promise<Response<any, Record<...>, number> | undefined>' is missing the following properties from type 'Application<Record<string, any>>': init, defaultConfiguration, engine, set, and 63 more.

[7m706[0m albumsRouter.get('/search', async (req, res) => {
[7m   [0m [91m                            ~~~~~~~~~~~~~~~~~~~~~[0m

  [96mnode_modules/@types/express-serve-static-core/index.d.ts[0m:[93m168[0m:[93m5[0m
    [7m168[0m     (path: PathParams, subApplication: Application): T;
    [7m   [0m [96m    ~~~~~~~~~~~~~~~~~~~~~~~~~~~~~~~~~~~~~~~~~~~~~~~~~~~[0m
    The last overload is declared here.

[96msrc/server/routes/albums.ts[0m:[93m735[0m:[93m30[0m - [91merror[0m[90m TS2339: [0mProperty 'isHidden' does not exist on type 'SQLiteTableWithColumns<{ name: "Album"; schema: undefined; columns: { id: SQLiteColumn<{ name: "id"; tableName: "Album"; dataType: "string"; columnType: "SQLiteText"; data: string; driverParam: string; notNull: true; hasDefault: false; ... 6 more ...; generated: undefined; }, {}, { ...; }>; ... 17 more ...; updatedA...'.

[7m735[0m    conditions.push(eq(albums.isHidden, false));
[7m   [0m [91m                             ~~~~~~~~[0m

[96msrc/server/routes/albums.ts[0m:[93m768[0m:[93m54[0m - [91merror[0m[90m TS7006: [0mParameter 'album' implicitly has an 'any' type.

[7m768[0m   const results: AlbumCardData[] = albumResults.map((album) => ({
[7m   [0m [91m                                                     ~~~~~[0m

[96msrc/server/routes/albums.ts[0m:[93m820[0m:[93m45[0m - [91merror[0m[90m TS2339: [0mProperty 'getAlbumStats' does not exist on type 'typeof OptimizedStatsService'.

[7m820[0m   const stats = await OptimizedStatsService.getAlbumStats(albumId);
[7m   [0m [91m                                            ~~~~~~~~~~~~~[0m

[96msrc/server/routes/audio.ts[0m:[93m64[0m:[93m20[0m - [91merror[0m[90m TS2769: [0mNo overload matches this call.
  The last overload gave the following error.
    Argument of type '(req: Request<{ id: string; }, any, any, ParsedQs, Record<string, any>>, res: Response<any, Record<string, any>, number>) => Promise<...>' is not assignable to parameter of type 'Application<Record<string, any>>'.
      Type '(req: Request<{ id: string; }, any, any, ParsedQs, Record<string, any>>, res: Response<any, Record<string, any>, number>) => Promise<...>' is missing the following properties from type 'Application<Record<string, any>>': init, defaultConfiguration, engine, set, and 63 more.

[7m64[0m router.get('/:id', async (req, res) => {
[7m  [0m [91m                   ~~~~~~~~~~~~~~~~~~~~~[0m

  [96mnode_modules/@types/express-serve-static-core/index.d.ts[0m:[93m168[0m:[93m5[0m
    [7m168[0m     (path: PathParams, subApplication: Application): T;
    [7m   [0m [96m    ~~~~~~~~~~~~~~~~~~~~~~~~~~~~~~~~~~~~~~~~~~~~~~~~~~~[0m
    The last overload is declared here.

[96msrc/server/routes/audio.ts[0m:[93m87[0m:[93m38[0m - [91merror[0m[90m TS2345: [0mArgument of type '{ path: string; name: string; size: number; hash: string; mimeType: string; extension: string; folderId: string; isFavorite?: boolean | undefined; title?: string | null | undefined; duration?: number | ... 1 more ... | undefined; ... 18 more ...; mood?: string | ... 1 more ... | undefined; }' is not assignable to parameter of type 'AudioCreateInput'.
  Types of property 'isFavorite' are incompatible.
    Type 'boolean | undefined' is not assignable to type 'boolean'.
      Type 'undefined' is not assignable to type 'boolean'.

[7m87[0m   const newAudio = await createAudio(validatedData);
[7m  [0m [91m                                     ~~~~~~~~~~~~~[0m

[96msrc/server/routes/audio.ts[0m:[93m115[0m:[93m23[0m - [91merror[0m[90m TS2769: [0mNo overload matches this call.
  The last overload gave the following error.
    Argument of type '(req: Request<{ id: string; }, any, any, ParsedQs, Record<string, any>>, res: Response<any, Record<string, any>, number>) => Promise<...>' is not assignable to parameter of type 'Application<Record<string, any>>'.
      Type '(req: Request<{ id: string; }, any, any, ParsedQs, Record<string, any>>, res: Response<any, Record<string, any>, number>) => Promise<...>' is missing the following properties from type 'Application<Record<string, any>>': init, defaultConfiguration, engine, set, and 63 more.

[7m115[0m router.delete('/:id', async (req, res) => {
[7m   [0m [91m                      ~~~~~~~~~~~~~~~~~~~~~[0m

  [96mnode_modules/@types/express-serve-static-core/index.d.ts[0m:[93m168[0m:[93m5[0m
    [7m168[0m     (path: PathParams, subApplication: Application): T;
    [7m   [0m [96m    ~~~~~~~~~~~~~~~~~~~~~~~~~~~~~~~~~~~~~~~~~~~~~~~~~~~[0m
    The last overload is declared here.

[96msrc/server/routes/characters.ts[0m:[93m21[0m:[93m17[0m - [91merror[0m[90m TS2769: [0mNo overload matches this call.
  The last overload gave the following error.
    Argument of type '(req: Request<{}, any, any, ParsedQs, Record<string, any>>, res: Response<any, Record<string, any>, number>) => Promise<Response<any, Record<...>, number> | undefined>' is not assignable to parameter of type 'Application<Record<string, any>>'.
      Type '(req: Request<{}, any, any, ParsedQs, Record<string, any>>, res: Response<any, Record<string, any>, number>) => Promise<Response<any, Record<...>, number> | undefined>' is missing the following properties from type 'Application<Record<string, any>>': init, defaultConfiguration, engine, set, and 63 more.

[7m21[0m router.get('/', async (req, res) => {
[7m  [0m [91m                ~~~~~~~~~~~~~~~~~~~~~[0m

  [96mnode_modules/@types/express-serve-static-core/index.d.ts[0m:[93m168[0m:[93m5[0m
    [7m168[0m     (path: PathParams, subApplication: Application): T;
    [7m   [0m [96m    ~~~~~~~~~~~~~~~~~~~~~~~~~~~~~~~~~~~~~~~~~~~~~~~~~~~[0m
    The last overload is declared here.

[96msrc/server/routes/characters.ts[0m:[93m82[0m:[93m20[0m - [91merror[0m[90m TS2769: [0mNo overload matches this call.
  The last overload gave the following error.
    Argument of type '(req: Request<{ id: string; }, any, any, ParsedQs, Record<string, any>>, res: Response<any, Record<string, any>, number>) => Promise<...>' is not assignable to parameter of type 'Application<Record<string, any>>'.
      Type '(req: Request<{ id: string; }, any, any, ParsedQs, Record<string, any>>, res: Response<any, Record<string, any>, number>) => Promise<...>' is missing the following properties from type 'Application<Record<string, any>>': init, defaultConfiguration, engine, set, and 63 more.

[7m82[0m router.get('/:id', async (req, res) => {
[7m  [0m [91m                   ~~~~~~~~~~~~~~~~~~~~~[0m

  [96mnode_modules/@types/express-serve-static-core/index.d.ts[0m:[93m168[0m:[93m5[0m
    [7m168[0m     (path: PathParams, subApplication: Application): T;
    [7m   [0m [96m    ~~~~~~~~~~~~~~~~~~~~~~~~~~~~~~~~~~~~~~~~~~~~~~~~~~~[0m
    The last overload is declared here.

[96msrc/server/routes/collections.ts[0m:[93m19[0m:[93m17[0m - [91merror[0m[90m TS2769: [0mNo overload matches this call.
  The last overload gave the following error.
    Argument of type '(req: Request<{}, any, any, ParsedQs, Record<string, any>>, res: Response<any, Record<string, any>, number>) => Promise<Response<any, Record<...>, number> | undefined>' is not assignable to parameter of type 'Application<Record<string, any>>'.
      Type '(req: Request<{}, any, any, ParsedQs, Record<string, any>>, res: Response<any, Record<string, any>, number>) => Promise<Response<any, Record<...>, number> | undefined>' is missing the following properties from type 'Application<Record<string, any>>': init, defaultConfiguration, engine, set, and 63 more.

[7m19[0m router.get('/', async (req, res) => {
[7m  [0m [91m                ~~~~~~~~~~~~~~~~~~~~~[0m

  [96mnode_modules/@types/express-serve-static-core/index.d.ts[0m:[93m168[0m:[93m5[0m
    [7m168[0m     (path: PathParams, subApplication: Application): T;
    [7m   [0m [96m    ~~~~~~~~~~~~~~~~~~~~~~~~~~~~~~~~~~~~~~~~~~~~~~~~~~~[0m
    The last overload is declared here.

[96msrc/server/routes/collections.ts[0m:[93m71[0m:[93m20[0m - [91merror[0m[90m TS2769: [0mNo overload matches this call.
  The last overload gave the following error.
    Argument of type '(req: Request<{ id: string; }, any, any, ParsedQs, Record<string, any>>, res: Response<any, Record<string, any>, number>) => Promise<...>' is not assignable to parameter of type 'Application<Record<string, any>>'.
      Type '(req: Request<{ id: string; }, any, any, ParsedQs, Record<string, any>>, res: Response<any, Record<string, any>, number>) => Promise<...>' is missing the following properties from type 'Application<Record<string, any>>': init, defaultConfiguration, engine, set, and 63 more.

[7m71[0m router.get('/:id', async (req, res) => {
[7m  [0m [91m                   ~~~~~~~~~~~~~~~~~~~~~[0m

  [96mnode_modules/@types/express-serve-static-core/index.d.ts[0m:[93m168[0m:[93m5[0m
    [7m168[0m     (path: PathParams, subApplication: Application): T;
    [7m   [0m [96m    ~~~~~~~~~~~~~~~~~~~~~~~~~~~~~~~~~~~~~~~~~~~~~~~~~~~[0m
    The last overload is declared here.

[96msrc/server/routes/concepts.ts[0m:[93m22[0m:[93m17[0m - [91merror[0m[90m TS2769: [0mNo overload matches this call.
  The last overload gave the following error.
    Argument of type '(req: Request<{}, any, any, ParsedQs, Record<string, any>>, res: Response<any, Record<string, any>, number>) => Promise<Response<any, Record<...>, number> | undefined>' is not assignable to parameter of type 'Application<Record<string, any>>'.
      Type '(req: Request<{}, any, any, ParsedQs, Record<string, any>>, res: Response<any, Record<string, any>, number>) => Promise<Response<any, Record<...>, number> | undefined>' is missing the following properties from type 'Application<Record<string, any>>': init, defaultConfiguration, engine, set, and 63 more.

[7m22[0m router.get('/', async (req, res) => {
[7m  [0m [91m                ~~~~~~~~~~~~~~~~~~~~~[0m

  [96mnode_modules/@types/express-serve-static-core/index.d.ts[0m:[93m168[0m:[93m5[0m
    [7m168[0m     (path: PathParams, subApplication: Application): T;
    [7m   [0m [96m    ~~~~~~~~~~~~~~~~~~~~~~~~~~~~~~~~~~~~~~~~~~~~~~~~~~~[0m
    The last overload is declared here.

[96msrc/server/routes/concepts.ts[0m:[93m85[0m:[93m12[0m - [91merror[0m[90m TS7006: [0mParameter 'result' implicitly has an 'any' type.

[7m85[0m     .then((result) => result[0]?.count || 0),
[7m  [0m [91m           ~~~~~~[0m

[96msrc/server/routes/concepts.ts[0m:[93m108[0m:[93m20[0m - [91merror[0m[90m TS2769: [0mNo overload matches this call.
  The last overload gave the following error.
    Argument of type '(req: Request<{ id: string; }, any, any, ParsedQs, Record<string, any>>, res: Response<any, Record<string, any>, number>) => Promise<...>' is not assignable to parameter of type 'Application<Record<string, any>>'.
      Type '(req: Request<{ id: string; }, any, any, ParsedQs, Record<string, any>>, res: Response<any, Record<string, any>, number>) => Promise<...>' is missing the following properties from type 'Application<Record<string, any>>': init, defaultConfiguration, engine, set, and 63 more.

[7m108[0m router.get('/:id', async (req, res) => {
[7m   [0m [91m                   ~~~~~~~~~~~~~~~~~~~~~[0m

  [96mnode_modules/@types/express-serve-static-core/index.d.ts[0m:[93m168[0m:[93m5[0m
    [7m168[0m     (path: PathParams, subApplication: Application): T;
    [7m   [0m [96m    ~~~~~~~~~~~~~~~~~~~~~~~~~~~~~~~~~~~~~~~~~~~~~~~~~~~[0m
    The last overload is declared here.

[96msrc/server/routes/documents.ts[0m:[93m54[0m:[93m20[0m - [91merror[0m[90m TS2769: [0mNo overload matches this call.
  The last overload gave the following error.
    Argument of type '(req: Request<{ id: string; }, any, any, ParsedQs, Record<string, any>>, res: Response<any, Record<string, any>, number>) => Promise<...>' is not assignable to parameter of type 'Application<Record<string, any>>'.
      Type '(req: Request<{ id: string; }, any, any, ParsedQs, Record<string, any>>, res: Response<any, Record<string, any>, number>) => Promise<...>' is missing the following properties from type 'Application<Record<string, any>>': init, defaultConfiguration, engine, set, and 63 more.

[7m54[0m router.get('/:id', async (req, res) => {
[7m  [0m [91m                   ~~~~~~~~~~~~~~~~~~~~~[0m

  [96mnode_modules/@types/express-serve-static-core/index.d.ts[0m:[93m168[0m:[93m5[0m
    [7m168[0m     (path: PathParams, subApplication: Application): T;
    [7m   [0m [96m    ~~~~~~~~~~~~~~~~~~~~~~~~~~~~~~~~~~~~~~~~~~~~~~~~~~~[0m
    The last overload is declared here.

[96msrc/server/routes/documents.ts[0m:[93m72[0m:[93m44[0m - [91merror[0m[90m TS2345: [0mArgument of type '{ path: string; name: string; size: number; hash: string; mimeType: string; extension: string; folderId: string; isFavorite?: boolean | undefined; content?: string | null | undefined; title?: string | null | undefined; ... 13 more ...; encrypted?: boolean | undefined; }' is not assignable to parameter of type '{ path: string; name: string; isFavorite: boolean; content: string | null; size: number; title: string | null; summary: string | null; version: string | null; hash: string; mimeType: string; ... 13 more ...; encrypted: boolean | null; }'.
  Types of property 'isFavorite' are incompatible.
    Type 'boolean | undefined' is not assignable to type 'boolean'.
      Type 'undefined' is not assignable to type 'boolean'.

[7m72[0m   const newDocument = await createDocument(validatedData);
[7m  [0m [91m                                           ~~~~~~~~~~~~~[0m

[96msrc/server/routes/download.ts[0m:[93m9[0m:[93m18[0m - [91merror[0m[90m TS2769: [0mNo overload matches this call.
  The last overload gave the following error.
    Argument of type '(req: Request<{}, any, any, ParsedQs, Record<string, any>>, res: Response<any, Record<string, any>, number>) => Promise<Response<any, Record<...>, number> | undefined>' is not assignable to parameter of type 'Application<Record<string, any>>'.
      Type '(req: Request<{}, any, any, ParsedQs, Record<string, any>>, res: Response<any, Record<string, any>, number>) => Promise<Response<any, Record<...>, number> | undefined>' is missing the following properties from type 'Application<Record<string, any>>': init, defaultConfiguration, engine, set, and 63 more.

[7m9[0m router.post('/', async (req, res) => {
[7m [0m [91m                 ~~~~~~~~~~~~~~~~~~~~~[0m

  [96mnode_modules/@types/express-serve-static-core/index.d.ts[0m:[93m168[0m:[93m5[0m
    [7m168[0m     (path: PathParams, subApplication: Application): T;
    [7m   [0m [96m    ~~~~~~~~~~~~~~~~~~~~~~~~~~~~~~~~~~~~~~~~~~~~~~~~~~~[0m
    The last overload is declared here.

[96msrc/server/routes/download.ts[0m:[93m42[0m:[93m17[0m - [91merror[0m[90m TS2769: [0mNo overload matches this call.
  The last overload gave the following error.
    Argument of type '(req: Request<{}, any, any, ParsedQs, Record<string, any>>, res: Response<any, Record<string, any>, number>) => Response<any, Record<...>, number> | undefined' is not assignable to parameter of type 'Application<Record<string, any>>'.
      Type '(req: Request<{}, any, any, ParsedQs, Record<string, any>>, res: Response<any, Record<string, any>, number>) => Response<any, Record<...>, number> | undefined' is missing the following properties from type 'Application<Record<string, any>>': init, defaultConfiguration, engine, set, and 63 more.

[7m42[0m router.get('/', (req, res) => {
[7m  [0m [91m                ~~~~~~~~~~~~~~~[0m

  [96mnode_modules/@types/express-serve-static-core/index.d.ts[0m:[93m168[0m:[93m5[0m
    [7m168[0m     (path: PathParams, subApplication: Application): T;
    [7m   [0m [96m    ~~~~~~~~~~~~~~~~~~~~~~~~~~~~~~~~~~~~~~~~~~~~~~~~~~~[0m
    The last overload is declared here.

[96msrc/server/routes/events.ts[0m:[93m24[0m:[93m18[0m - [91merror[0m[90m TS2769: [0mNo overload matches this call.
  The last overload gave the following error.
    Argument of type '(req: Request<{}, any, any, ParsedQs, Record<string, any>>, res: Response<any, Record<string, any>, number>) => Promise<Response<any, Record<...>, number> | undefined>' is not assignable to parameter of type 'Application<Record<string, any>>'.
      Type '(req: Request<{}, any, any, ParsedQs, Record<string, any>>, res: Response<any, Record<string, any>, number>) => Promise<Response<any, Record<...>, number> | undefined>' is missing the following properties from type 'Application<Record<string, any>>': init, defaultConfiguration, engine, set, and 63 more.

[7m24[0m router.post('/', async (req, res) => {
[7m  [0m [91m                 ~~~~~~~~~~~~~~~~~~~~~[0m

  [96mnode_modules/@types/express-serve-static-core/index.d.ts[0m:[93m168[0m:[93m5[0m
    [7m168[0m     (path: PathParams, subApplication: Application): T;
    [7m   [0m [96m    ~~~~~~~~~~~~~~~~~~~~~~~~~~~~~~~~~~~~~~~~~~~~~~~~~~~[0m
    The last overload is declared here.

[96msrc/server/routes/events.ts[0m:[93m49[0m:[93m4[0m - [91merror[0m[90m TS2353: [0mObject literal may only specify known properties, and 'timestamp' does not exist in type 'EventData<unknown>'.

[7m49[0m    timestamp: Date.now(),
[7m  [0m [91m   ~~~~~~~~~[0m

[96msrc/server/routes/events.ts[0m:[93m107[0m:[93m43[0m - [91merror[0m[90m TS2339: [0mProperty 'timestamp' does not exist on type 'EventData<unknown>'.

[7m107[0m     lastEvent: events[events.length - 1]?.timestamp || null,
[7m   [0m [91m                                          ~~~~~~~~~[0m

[96msrc/server/routes/favorites.ts[0m:[93m12[0m:[93m24[0m - [91merror[0m[90m TS2769: [0mNo overload matches this call.
  The last overload gave the following error.
    Argument of type '(req: Request<{}, any, any, ParsedQs, Record<string, any>>, res: Response<any, Record<string, any>, number>) => Promise<Response<any, Record<...>, number> | undefined>' is not assignable to parameter of type 'Application<Record<string, any>>'.
      Type '(req: Request<{}, any, any, ParsedQs, Record<string, any>>, res: Response<any, Record<string, any>, number>) => Promise<Response<any, Record<...>, number> | undefined>' is missing the following properties from type 'Application<Record<string, any>>': init, defaultConfiguration, engine, set, and 63 more.

[7m12[0m router.post('/toggle', async (req, res) => {
[7m  [0m [91m                       ~~~~~~~~~~~~~~~~~~~~~[0m

  [96mnode_modules/@types/express-serve-static-core/index.d.ts[0m:[93m168[0m:[93m5[0m
    [7m168[0m     (path: PathParams, subApplication: Application): T;
    [7m   [0m [96m    ~~~~~~~~~~~~~~~~~~~~~~~~~~~~~~~~~~~~~~~~~~~~~~~~~~~[0m
    The last overload is declared here.

[96msrc/server/routes/files.ts[0m:[93m63[0m:[93m27[0m - [91merror[0m[90m TS2769: [0mNo overload matches this call.
  The last overload gave the following error.
    Argument of type '(req: Request<{}, any, any, ParsedQs, Record<string, any>>, res: Response<any, Record<string, any>, number>) => Promise<Response<any, Record<...>, number> | undefined>' is not assignable to parameter of type 'Application<Record<string, any>>'.
      Type '(req: Request<{}, any, any, ParsedQs, Record<string, any>>, res: Response<any, Record<string, any>, number>) => Promise<Response<any, Record<...>, number> | undefined>' is missing the following properties from type 'Application<Record<string, any>>': init, defaultConfiguration, engine, set, and 63 more.

[7m63[0m router.post('/directory', async (req, res) => {
[7m  [0m [91m                          ~~~~~~~~~~~~~~~~~~~~~[0m

  [96mnode_modules/@types/express-serve-static-core/index.d.ts[0m:[93m168[0m:[93m5[0m
    [7m168[0m     (path: PathParams, subApplication: Application): T;
    [7m   [0m [96m    ~~~~~~~~~~~~~~~~~~~~~~~~~~~~~~~~~~~~~~~~~~~~~~~~~~~[0m
    The last overload is declared here.

[96msrc/server/routes/files.ts[0m:[93m131[0m:[93m23[0m - [91merror[0m[90m TS2769: [0mNo overload matches this call.
  The last overload gave the following error.
    Argument of type '(req: Request<{}, any, any, ParsedQs, Record<string, any>>, res: Response<any, Record<string, any>, number>) => Promise<Response<any, Record<...>, number> | undefined>' is not assignable to parameter of type 'Application<Record<string, any>>'.
      Type '(req: Request<{}, any, any, ParsedQs, Record<string, any>>, res: Response<any, Record<string, any>, number>) => Promise<Response<any, Record<...>, number> | undefined>' is missing the following properties from type 'Application<Record<string, any>>': init, defaultConfiguration, engine, set, and 63 more.

[7m131[0m router.put('/rename', async (req, res) => {
[7m   [0m [91m                      ~~~~~~~~~~~~~~~~~~~~~[0m

  [96mnode_modules/@types/express-serve-static-core/index.d.ts[0m:[93m168[0m:[93m5[0m
    [7m168[0m     (path: PathParams, subApplication: Application): T;
    [7m   [0m [96m    ~~~~~~~~~~~~~~~~~~~~~~~~~~~~~~~~~~~~~~~~~~~~~~~~~~~[0m
    The last overload is declared here.

[96msrc/server/routes/files.ts[0m:[93m153[0m:[93m22[0m - [91merror[0m[90m TS2769: [0mNo overload matches this call.
  The last overload gave the following error.
    Argument of type '(req: Request<{}, any, any, ParsedQs, Record<string, any>>, res: Response<any, Record<string, any>, number>) => Promise<Response<any, Record<...>, number> | undefined>' is not assignable to parameter of type 'Application<Record<string, any>>'.
      Type '(req: Request<{}, any, any, ParsedQs, Record<string, any>>, res: Response<any, Record<string, any>, number>) => Promise<Response<any, Record<...>, number> | undefined>' is missing the following properties from type 'Application<Record<string, any>>': init, defaultConfiguration, engine, set, and 63 more.

[7m153[0m router.post('/copy', async (req, res) => {
[7m   [0m [91m                     ~~~~~~~~~~~~~~~~~~~~~[0m

  [96mnode_modules/@types/express-serve-static-core/index.d.ts[0m:[93m168[0m:[93m5[0m
    [7m168[0m     (path: PathParams, subApplication: Application): T;
    [7m   [0m [96m    ~~~~~~~~~~~~~~~~~~~~~~~~~~~~~~~~~~~~~~~~~~~~~~~~~~~[0m
    The last overload is declared here.

[96msrc/server/routes/files.ts[0m:[93m175[0m:[93m22[0m - [91merror[0m[90m TS2769: [0mNo overload matches this call.
  The last overload gave the following error.
    Argument of type '(req: Request<{}, any, any, ParsedQs, Record<string, any>>, res: Response<any, Record<string, any>, number>) => Promise<Response<any, Record<...>, number> | undefined>' is not assignable to parameter of type 'Application<Record<string, any>>'.
      Type '(req: Request<{}, any, any, ParsedQs, Record<string, any>>, res: Response<any, Record<string, any>, number>) => Promise<Response<any, Record<...>, number> | undefined>' is missing the following properties from type 'Application<Record<string, any>>': init, defaultConfiguration, engine, set, and 63 more.

[7m175[0m router.post('/move', async (req, res) => {
[7m   [0m [91m                     ~~~~~~~~~~~~~~~~~~~~~[0m

  [96mnode_modules/@types/express-serve-static-core/index.d.ts[0m:[93m168[0m:[93m5[0m
    [7m168[0m     (path: PathParams, subApplication: Application): T;
    [7m   [0m [96m    ~~~~~~~~~~~~~~~~~~~~~~~~~~~~~~~~~~~~~~~~~~~~~~~~~~~[0m
    The last overload is declared here.

[96msrc/server/routes/folders.ts[0m:[93m60[0m:[93m50[0m - [91merror[0m[90m TS7006: [0mParameter 'folder' implicitly has an 'any' type.

[7m60[0m   const transformedFolders = drizzleFolders.map((folder) => ({
[7m  [0m [91m                                                 ~~~~~~[0m

[96msrc/server/routes/folders.ts[0m:[93m100[0m:[93m24[0m - [91merror[0m[90m TS2769: [0mNo overload matches this call.
  The last overload gave the following error.
    Argument of type '(req: Request<{}, any, any, ParsedQs, Record<string, any>>, res: Response<any, Record<string, any>, number>) => Promise<Response<any, Record<...>, number> | undefined>' is not assignable to parameter of type 'Application<Record<string, any>>'.
      Type '(req: Request<{}, any, any, ParsedQs, Record<string, any>>, res: Response<any, Record<string, any>, number>) => Promise<Response<any, Record<...>, number> | undefined>' is missing the following properties from type 'Application<Record<string, any>>': init, defaultConfiguration, engine, set, and 63 more.

[7m100[0m router.get('/by-path', async (req, res) => {
[7m   [0m [91m                       ~~~~~~~~~~~~~~~~~~~~~[0m

  [96mnode_modules/@types/express-serve-static-core/index.d.ts[0m:[93m168[0m:[93m5[0m
    [7m168[0m     (path: PathParams, subApplication: Application): T;
    [7m   [0m [96m    ~~~~~~~~~~~~~~~~~~~~~~~~~~~~~~~~~~~~~~~~~~~~~~~~~~~[0m
    The last overload is declared here.

[96msrc/server/routes/folders.ts[0m:[93m124[0m:[93m21[0m - [91merror[0m[90m TS2769: [0mNo overload matches this call.
  The last overload gave the following error.
    Argument of type '(_req: Request<{}, any, any, ParsedQs, Record<string, any>>, res: Response<any, Record<string, any>, number>) => Promise<Response<any, Record<...>, number> | undefined>' is not assignable to parameter of type 'Application<Record<string, any>>'.
      Type '(_req: Request<{}, any, any, ParsedQs, Record<string, any>>, res: Response<any, Record<string, any>, number>) => Promise<Response<any, Record<...>, number> | undefined>' is missing the following properties from type 'Application<Record<string, any>>': init, defaultConfiguration, engine, set, and 63 more.

[7m124[0m router.get('/root', async (_req, res) => {
[7m   [0m [91m                    ~~~~~~~~~~~~~~~~~~~~~~[0m

  [96mnode_modules/@types/express-serve-static-core/index.d.ts[0m:[93m168[0m:[93m5[0m
    [7m168[0m     (path: PathParams, subApplication: Application): T;
    [7m   [0m [96m    ~~~~~~~~~~~~~~~~~~~~~~~~~~~~~~~~~~~~~~~~~~~~~~~~~~~[0m
    The last overload is declared here.

[96msrc/server/routes/folders.ts[0m:[93m162[0m:[93m20[0m - [91merror[0m[90m TS2769: [0mNo overload matches this call.
  The last overload gave the following error.
    Argument of type '(req: Request<{ id: string; }, any, any, ParsedQs, Record<string, any>>, res: Response<any, Record<string, any>, number>) => Promise<...>' is not assignable to parameter of type 'Application<Record<string, any>>'.
      Type '(req: Request<{ id: string; }, any, any, ParsedQs, Record<string, any>>, res: Response<any, Record<string, any>, number>) => Promise<...>' is missing the following properties from type 'Application<Record<string, any>>': init, defaultConfiguration, engine, set, and 63 more.

[7m162[0m router.get('/:id', async (req, res) => {
[7m   [0m [91m                   ~~~~~~~~~~~~~~~~~~~~~[0m

  [96mnode_modules/@types/express-serve-static-core/index.d.ts[0m:[93m168[0m:[93m5[0m
    [7m168[0m     (path: PathParams, subApplication: Application): T;
    [7m   [0m [96m    ~~~~~~~~~~~~~~~~~~~~~~~~~~~~~~~~~~~~~~~~~~~~~~~~~~~[0m
    The last overload is declared here.

[96msrc/server/routes/folders.ts[0m:[93m207[0m:[93m18[0m - [91merror[0m[90m TS2769: [0mNo overload matches this call.
  The last overload gave the following error.
    Argument of type '(req: Request<{}, any, any, ParsedQs, Record<string, any>>, res: Response<any, Record<string, any>, number>) => Promise<Response<any, Record<...>, number> | undefined>' is not assignable to parameter of type 'Application<Record<string, any>>'.
      Type '(req: Request<{}, any, any, ParsedQs, Record<string, any>>, res: Response<any, Record<string, any>, number>) => Promise<Response<any, Record<...>, number> | undefined>' is missing the following properties from type 'Application<Record<string, any>>': init, defaultConfiguration, engine, set, and 63 more.

[7m207[0m router.post('/', async (req, res) => {
[7m   [0m [91m                 ~~~~~~~~~~~~~~~~~~~~~[0m

  [96mnode_modules/@types/express-serve-static-core/index.d.ts[0m:[93m168[0m:[93m5[0m
    [7m168[0m     (path: PathParams, subApplication: Application): T;
    [7m   [0m [96m    ~~~~~~~~~~~~~~~~~~~~~~~~~~~~~~~~~~~~~~~~~~~~~~~~~~~[0m
    The last overload is declared here.

[96msrc/server/routes/folders.ts[0m:[93m282[0m:[93m20[0m - [91merror[0m[90m TS2769: [0mNo overload matches this call.
  The last overload gave the following error.
    Argument of type '(req: Request<{ id: string; }, any, any, ParsedQs, Record<string, any>>, res: Response<any, Record<string, any>, number>) => Promise<...>' is not assignable to parameter of type 'Application<Record<string, any>>'.
      Type '(req: Request<{ id: string; }, any, any, ParsedQs, Record<string, any>>, res: Response<any, Record<string, any>, number>) => Promise<...>' is missing the following properties from type 'Application<Record<string, any>>': init, defaultConfiguration, engine, set, and 63 more.

[7m282[0m router.put('/:id', async (req, res) => {
[7m   [0m [91m                   ~~~~~~~~~~~~~~~~~~~~~[0m

  [96mnode_modules/@types/express-serve-static-core/index.d.ts[0m:[93m168[0m:[93m5[0m
    [7m168[0m     (path: PathParams, subApplication: Application): T;
    [7m   [0m [96m    ~~~~~~~~~~~~~~~~~~~~~~~~~~~~~~~~~~~~~~~~~~~~~~~~~~~[0m
    The last overload is declared here.

[96msrc/server/routes/folders.ts[0m:[93m352[0m:[93m23[0m - [91merror[0m[90m TS2769: [0mNo overload matches this call.
  The last overload gave the following error.
    Argument of type '(req: Request<{ id: string; }, any, any, ParsedQs, Record<string, any>>, res: Response<any, Record<string, any>, number>) => Promise<...>' is not assignable to parameter of type 'Application<Record<string, any>>'.
      Type '(req: Request<{ id: string; }, any, any, ParsedQs, Record<string, any>>, res: Response<any, Record<string, any>, number>) => Promise<...>' is missing the following properties from type 'Application<Record<string, any>>': init, defaultConfiguration, engine, set, and 63 more.

[7m352[0m router.delete('/:id', async (req, res) => {
[7m   [0m [91m                      ~~~~~~~~~~~~~~~~~~~~~[0m

  [96mnode_modules/@types/express-serve-static-core/index.d.ts[0m:[93m168[0m:[93m5[0m
    [7m168[0m     (path: PathParams, subApplication: Application): T;
    [7m   [0m [96m    ~~~~~~~~~~~~~~~~~~~~~~~~~~~~~~~~~~~~~~~~~~~~~~~~~~~[0m
    The last overload is declared here.

[96msrc/server/routes/folders.ts[0m:[93m394[0m:[93m34[0m - [91merror[0m[90m TS2769: [0mNo overload matches this call.
  The last overload gave the following error.
    Argument of type '(req: Request<{ id: string; }, any, any, ParsedQs, Record<string, any>>, res: Response<any, Record<string, any>, number>) => Promise<...>' is not assignable to parameter of type 'Application<Record<string, any>>'.
      Type '(req: Request<{ id: string; }, any, any, ParsedQs, Record<string, any>>, res: Response<any, Record<string, any>, number>) => Promise<...>' is missing the following properties from type 'Application<Record<string, any>>': init, defaultConfiguration, engine, set, and 63 more.

[7m394[0m router.get('/:id/recent-images', async (req, res) => {
[7m   [0m [91m                                 ~~~~~~~~~~~~~~~~~~~~~[0m

  [96mnode_modules/@types/express-serve-static-core/index.d.ts[0m:[93m168[0m:[93m5[0m
    [7m168[0m     (path: PathParams, subApplication: Application): T;
    [7m   [0m [96m    ~~~~~~~~~~~~~~~~~~~~~~~~~~~~~~~~~~~~~~~~~~~~~~~~~~~[0m
    The last overload is declared here.

[96msrc/server/routes/folders.ts[0m:[93m404[0m:[93m35[0m - [91merror[0m[90m TS2551: [0mProperty 'thumbnailUrl' does not exist on type 'SQLiteTableWithColumns<{ name: "Image"; schema: undefined; columns: { id: SQLiteColumn<{ name: "id"; tableName: "Image"; dataType: "string"; columnType: "SQLiteText"; data: string; driverParam: string; notNull: true; hasDefault: false; ... 6 more ...; generated: undefined; }, {}, { ...; }>; ... 21 more ...; addedAt:...'. Did you mean 'thumbnail'?

[7m404[0m    .select({ thumbnailUrl: images.thumbnailUrl })
[7m   [0m [91m                                  ~~~~~~~~~~~~[0m

[96msrc/server/routes/folders.ts[0m:[93m410[0m:[93m39[0m - [91merror[0m[90m TS7006: [0mParameter 'img' implicitly has an 'any' type.

[7m410[0m   const imageUrls = folderImages.map((img) => img.thumbnailUrl).filter((url): url is string => url !== null);
[7m   [0m [91m                                      ~~~[0m

[96msrc/server/routes/folders.ts[0m:[93m410[0m:[93m73[0m - [91merror[0m[90m TS7006: [0mParameter 'url' implicitly has an 'any' type.

[7m410[0m   const imageUrls = folderImages.map((img) => img.thumbnailUrl).filter((url): url is string => url !== null);
[7m   [0m [91m                                                                        ~~~[0m

[96msrc/server/routes/folders.ts[0m:[93m422[0m:[93m26[0m - [91merror[0m[90m TS2769: [0mNo overload matches this call.
  The last overload gave the following error.
    Argument of type '(req: Request<{ id: string; }, any, any, ParsedQs, Record<string, any>>, res: Response<any, Record<string, any>, number>) => Promise<...>' is not assignable to parameter of type 'Application<Record<string, any>>'.
      Type '(req: Request<{ id: string; }, any, any, ParsedQs, Record<string, any>>, res: Response<any, Record<string, any>, number>) => Promise<...>' is missing the following properties from type 'Application<Record<string, any>>': init, defaultConfiguration, engine, set, and 63 more.

[7m422[0m router.get('/:id/stats', async (req, res) => {
[7m   [0m [91m                         ~~~~~~~~~~~~~~~~~~~~~[0m

  [96mnode_modules/@types/express-serve-static-core/index.d.ts[0m:[93m168[0m:[93m5[0m
    [7m168[0m     (path: PathParams, subApplication: Application): T;
    [7m   [0m [96m    ~~~~~~~~~~~~~~~~~~~~~~~~~~~~~~~~~~~~~~~~~~~~~~~~~~~[0m
    The last overload is declared here.

[96msrc/server/routes/folders.ts[0m:[93m492[0m:[93m25[0m - [91merror[0m[90m TS2769: [0mNo overload matches this call.
  The last overload gave the following error.
    Argument of type '(req: Request<{ id: string; }, any, any, ParsedQs, Record<string, any>>, res: Response<any, Record<string, any>, number>) => Promise<...>' is not assignable to parameter of type 'Application<Record<string, any>>'.
      Type '(req: Request<{ id: string; }, any, any, ParsedQs, Record<string, any>>, res: Response<any, Record<string, any>, number>) => Promise<...>' is missing the following properties from type 'Application<Record<string, any>>': init, defaultConfiguration, engine, set, and 63 more.

[7m492[0m router.get('/:id/path', async (req, res) => {
[7m   [0m [91m                        ~~~~~~~~~~~~~~~~~~~~~[0m

  [96mnode_modules/@types/express-serve-static-core/index.d.ts[0m:[93m168[0m:[93m5[0m
    [7m168[0m     (path: PathParams, subApplication: Application): T;
    [7m   [0m [96m    ~~~~~~~~~~~~~~~~~~~~~~~~~~~~~~~~~~~~~~~~~~~~~~~~~~~[0m
    The last overload is declared here.

[96msrc/server/routes/folders.ts[0m:[93m516[0m:[93m25[0m - [91merror[0m[90m TS2769: [0mNo overload matches this call.
  The last overload gave the following error.
    Argument of type '(req: Request<{ id: string; }, any, any, ParsedQs, Record<string, any>>, res: Response<any, Record<string, any>, number>) => Promise<...>' is not assignable to parameter of type 'Application<Record<string, any>>'.
      Type '(req: Request<{ id: string; }, any, any, ParsedQs, Record<string, any>>, res: Response<any, Record<string, any>, number>) => Promise<...>' is missing the following properties from type 'Application<Record<string, any>>': init, defaultConfiguration, engine, set, and 63 more.

[7m516[0m router.get('/:id/name', async (req, res) => {
[7m   [0m [91m                        ~~~~~~~~~~~~~~~~~~~~~[0m

  [96mnode_modules/@types/express-serve-static-core/index.d.ts[0m:[93m168[0m:[93m5[0m
    [7m168[0m     (path: PathParams, subApplication: Application): T;
    [7m   [0m [96m    ~~~~~~~~~~~~~~~~~~~~~~~~~~~~~~~~~~~~~~~~~~~~~~~~~~~[0m
    The last overload is declared here.

[96msrc/server/routes/folders.ts[0m:[93m540[0m:[93m24[0m - [91merror[0m[90m TS2769: [0mNo overload matches this call.
  The last overload gave the following error.
    Argument of type '(req: Request<{}, any, any, ParsedQs, Record<string, any>>, res: Response<any, Record<string, any>, number>) => Promise<Response<any, Record<...>, number> | undefined>' is not assignable to parameter of type 'Application<Record<string, any>>'.
      Type '(req: Request<{}, any, any, ParsedQs, Record<string, any>>, res: Response<any, Record<string, any>, number>) => Promise<Response<any, Record<...>, number> | undefined>' is missing the following properties from type 'Application<Record<string, any>>': init, defaultConfiguration, engine, set, and 63 more.

[7m540[0m router.get('/by-path', async (req, res) => {
[7m   [0m [91m                       ~~~~~~~~~~~~~~~~~~~~~[0m

  [96mnode_modules/@types/express-serve-static-core/index.d.ts[0m:[93m168[0m:[93m5[0m
    [7m168[0m     (path: PathParams, subApplication: Application): T;
    [7m   [0m [96m    ~~~~~~~~~~~~~~~~~~~~~~~~~~~~~~~~~~~~~~~~~~~~~~~~~~~[0m
    The last overload is declared here.

[96msrc/server/routes/folders.ts[0m:[93m566[0m:[93m30[0m - [91merror[0m[90m TS2769: [0mNo overload matches this call.
  The last overload gave the following error.
    Argument of type '(req: Request<{ id: string; }, any, any, ParsedQs, Record<string, any>>, res: Response<any, Record<string, any>, number>) => Promise<...>' is not assignable to parameter of type 'Application<Record<string, any>>'.
      Type '(req: Request<{ id: string; }, any, any, ParsedQs, Record<string, any>>, res: Response<any, Record<string, any>, number>) => Promise<...>' is missing the following properties from type 'Application<Record<string, any>>': init, defaultConfiguration, engine, set, and 63 more.

[7m566[0m router.get('/:id/parent-id', async (req, res) => {
[7m   [0m [91m                             ~~~~~~~~~~~~~~~~~~~~~[0m

  [96mnode_modules/@types/express-serve-static-core/index.d.ts[0m:[93m168[0m:[93m5[0m
    [7m168[0m     (path: PathParams, subApplication: Application): T;
    [7m   [0m [96m    ~~~~~~~~~~~~~~~~~~~~~~~~~~~~~~~~~~~~~~~~~~~~~~~~~~~[0m
    The last overload is declared here.

[96msrc/server/routes/folders.ts[0m:[93m574[0m:[93m60[0m - [91merror[0m[90m TS2339: [0mProperty 'parentFolderId' does not exist on type 'SQLiteTableWithColumns<{ name: "Folder"; schema: undefined; columns: { id: SQLiteColumn<{ name: "id"; tableName: "Folder"; dataType: "string"; columnType: "SQLiteText"; data: string; driverParam: string; notNull: true; hasDefault: false; ... 6 more ...; generated: undefined; }, {}, { ...; }>; ... 14 more ...; preset...'.

[7m574[0m   const folder = await db.select({ parentFolderId: folders.parentFolderId }).from(folders).where(eq(folders.id, id));
[7m   [0m [91m                                                           ~~~~~~~~~~~~~~[0m

[96msrc/server/routes/folders.ts[0m:[93m590[0m:[93m37[0m - [91merror[0m[90m TS2769: [0mNo overload matches this call.
  The last overload gave the following error.
    Argument of type '(req: Request<{ id: string; }, any, any, ParsedQs, Record<string, any>>, res: Response<any, Record<string, any>, number>) => Promise<...>' is not assignable to parameter of type 'Application<Record<string, any>>'.
      Type '(req: Request<{ id: string; }, any, any, ParsedQs, Record<string, any>>, res: Response<any, Record<string, any>, number>) => Promise<...>' is missing the following properties from type 'Application<Record<string, any>>': init, defaultConfiguration, engine, set, and 63 more.

[7m590[0m router.patch('/:id/featured-image', async (req, res) => {
[7m   [0m [91m                                    ~~~~~~~~~~~~~~~~~~~~~[0m

  [96mnode_modules/@types/express-serve-static-core/index.d.ts[0m:[93m168[0m:[93m5[0m
    [7m168[0m     (path: PathParams, subApplication: Application): T;
    [7m   [0m [96m    ~~~~~~~~~~~~~~~~~~~~~~~~~~~~~~~~~~~~~~~~~~~~~~~~~~~[0m
    The last overload is declared here.

[96msrc/server/routes/folders.ts[0m:[93m632[0m:[93m28[0m - [91merror[0m[90m TS2769: [0mNo overload matches this call.
  The last overload gave the following error.
    Argument of type '(req: Request<{ id: string; }, any, any, ParsedQs, Record<string, any>>, res: Response<any, Record<string, any>, number>) => Promise<...>' is not assignable to parameter of type 'Application<Record<string, any>>'.
      Type '(req: Request<{ id: string; }, any, any, ParsedQs, Record<string, any>>, res: Response<any, Record<string, any>, number>) => Promise<...>' is missing the following properties from type 'Application<Record<string, any>>': init, defaultConfiguration, engine, set, and 63 more.

[7m632[0m router.patch('/:id/color', async (req, res) => {
[7m   [0m [91m                           ~~~~~~~~~~~~~~~~~~~~~[0m

  [96mnode_modules/@types/express-serve-static-core/index.d.ts[0m:[93m168[0m:[93m5[0m
    [7m168[0m     (path: PathParams, subApplication: Application): T;
    [7m   [0m [96m    ~~~~~~~~~~~~~~~~~~~~~~~~~~~~~~~~~~~~~~~~~~~~~~~~~~~[0m
    The last overload is declared here.

[96msrc/server/routes/folders.ts[0m:[93m670[0m:[93m28[0m - [91merror[0m[90m TS2769: [0mNo overload matches this call.
  The last overload gave the following error.
    Argument of type '(req: Request<{ id: string; }, any, any, ParsedQs, Record<string, any>>, res: Response<any, Record<string, any>, number>) => Promise<...>' is not assignable to parameter of type 'Application<Record<string, any>>'.
      Type '(req: Request<{ id: string; }, any, any, ParsedQs, Record<string, any>>, res: Response<any, Record<string, any>, number>) => Promise<...>' is missing the following properties from type 'Application<Record<string, any>>': init, defaultConfiguration, engine, set, and 63 more.

[7m670[0m router.patch('/:id/emoji', async (req, res) => {
[7m   [0m [91m                           ~~~~~~~~~~~~~~~~~~~~~[0m

  [96mnode_modules/@types/express-serve-static-core/index.d.ts[0m:[93m168[0m:[93m5[0m
    [7m168[0m     (path: PathParams, subApplication: Application): T;
    [7m   [0m [96m    ~~~~~~~~~~~~~~~~~~~~~~~~~~~~~~~~~~~~~~~~~~~~~~~~~~~[0m
    The last overload is declared here.

[96msrc/server/routes/folders.ts[0m:[93m708[0m:[93m31[0m - [91merror[0m[90m TS2769: [0mNo overload matches this call.
  The last overload gave the following error.
    Argument of type '(req: Request<{ id: string; }, any, any, ParsedQs, Record<string, any>>, res: Response<any, Record<string, any>, number>) => Promise<...>' is not assignable to parameter of type 'Application<Record<string, any>>'.
      Type '(req: Request<{ id: string; }, any, any, ParsedQs, Record<string, any>>, res: Response<any, Record<string, any>, number>) => Promise<...>' is missing the following properties from type 'Application<Record<string, any>>': init, defaultConfiguration, engine, set, and 63 more.

[7m708[0m router.patch('/:id/favorite', async (req, res) => {
[7m   [0m [91m                              ~~~~~~~~~~~~~~~~~~~~~[0m

  [96mnode_modules/@types/express-serve-static-core/index.d.ts[0m:[93m168[0m:[93m5[0m
    [7m168[0m     (path: PathParams, subApplication: Application): T;
    [7m   [0m [96m    ~~~~~~~~~~~~~~~~~~~~~~~~~~~~~~~~~~~~~~~~~~~~~~~~~~~[0m
    The last overload is declared here.

[96msrc/server/routes/folders.ts[0m:[93m746[0m:[93m34[0m - [91merror[0m[90m TS2769: [0mNo overload matches this call.
  The last overload gave the following error.
    Argument of type '(req: Request<{ id: string; }, any, any, ParsedQs, Record<string, any>>, res: Response<any, Record<string, any>, number>) => Promise<...>' is not assignable to parameter of type 'Application<Record<string, any>>'.
      Type '(req: Request<{ id: string; }, any, any, ParsedQs, Record<string, any>>, res: Response<any, Record<string, any>, number>) => Promise<...>' is missing the following properties from type 'Application<Record<string, any>>': init, defaultConfiguration, engine, set, and 63 more.

[7m746[0m router.patch('/:id/description', async (req, res) => {
[7m   [0m [91m                                 ~~~~~~~~~~~~~~~~~~~~~[0m

  [96mnode_modules/@types/express-serve-static-core/index.d.ts[0m:[93m168[0m:[93m5[0m
    [7m168[0m     (path: PathParams, subApplication: Application): T;
    [7m   [0m [96m    ~~~~~~~~~~~~~~~~~~~~~~~~~~~~~~~~~~~~~~~~~~~~~~~~~~~[0m
    The last overload is declared here.

[96msrc/server/routes/folders.ts[0m:[93m788[0m:[93m27[0m - [91merror[0m[90m TS2769: [0mNo overload matches this call.
  The last overload gave the following error.
    Argument of type '(req: Request<{ id: string; }, any, any, ParsedQs, Record<string, any>>, res: Response<any, Record<string, any>, number>) => Promise<...>' is not assignable to parameter of type 'Application<Record<string, any>>'.
      Type '(req: Request<{ id: string; }, any, any, ParsedQs, Record<string, any>>, res: Response<any, Record<string, any>, number>) => Promise<...>' is missing the following properties from type 'Application<Record<string, any>>': init, defaultConfiguration, engine, set, and 63 more.

[7m788[0m router.patch('/:id/name', async (req, res) => {
[7m   [0m [91m                          ~~~~~~~~~~~~~~~~~~~~~[0m

  [96mnode_modules/@types/express-serve-static-core/index.d.ts[0m:[93m168[0m:[93m5[0m
    [7m168[0m     (path: PathParams, subApplication: Application): T;
    [7m   [0m [96m    ~~~~~~~~~~~~~~~~~~~~~~~~~~~~~~~~~~~~~~~~~~~~~~~~~~~[0m
    The last overload is declared here.

[96msrc/server/routes/folders.ts[0m:[93m826[0m:[93m35[0m - [91merror[0m[90m TS2769: [0mNo overload matches this call.
  The last overload gave the following error.
    Argument of type '(req: Request<{ id: string; }, any, any, ParsedQs, Record<string, any>>, res: Response<any, Record<string, any>, number>) => Promise<...>' is not assignable to parameter of type 'Application<Record<string, any>>'.
      Type '(req: Request<{ id: string; }, any, any, ParsedQs, Record<string, any>>, res: Response<any, Record<string, any>, number>) => Promise<...>' is missing the following properties from type 'Application<Record<string, any>>': init, defaultConfiguration, engine, set, and 63 more.

[7m826[0m router.patch('/:id/auto-reindex', async (req, res) => {
[7m   [0m [91m                                  ~~~~~~~~~~~~~~~~~~~~~[0m

  [96mnode_modules/@types/express-serve-static-core/index.d.ts[0m:[93m168[0m:[93m5[0m
    [7m168[0m     (path: PathParams, subApplication: Application): T;
    [7m   [0m [96m    ~~~~~~~~~~~~~~~~~~~~~~~~~~~~~~~~~~~~~~~~~~~~~~~~~~~[0m
    The last overload is declared here.

[96msrc/server/routes/folders.ts[0m:[93m868[0m:[93m29[0m - [91merror[0m[90m TS2769: [0mNo overload matches this call.
  The last overload gave the following error.
    Argument of type '(req: Request<{ id: string; }, any, any, ParsedQs, Record<string, any>>, res: Response<any, Record<string, any>, number>) => Promise<...>' is not assignable to parameter of type 'Application<Record<string, any>>'.
      Type '(req: Request<{ id: string; }, any, any, ParsedQs, Record<string, any>>, res: Response<any, Record<string, any>, number>) => Promise<...>' is missing the following properties from type 'Application<Record<string, any>>': init, defaultConfiguration, engine, set, and 63 more.

[7m868[0m router.post('/:id/reindex', async (req, res) => {
[7m   [0m [91m                            ~~~~~~~~~~~~~~~~~~~~~[0m

  [96mnode_modules/@types/express-serve-static-core/index.d.ts[0m:[93m168[0m:[93m5[0m
    [7m168[0m     (path: PathParams, subApplication: Application): T;
    [7m   [0m [96m    ~~~~~~~~~~~~~~~~~~~~~~~~~~~~~~~~~~~~~~~~~~~~~~~~~~~[0m
    The last overload is declared here.

[96msrc/server/routes/folders.ts[0m:[93m903[0m:[93m33[0m - [91merror[0m[90m TS2339: [0mProperty 'created' does not exist on type 'EntityCreationStats & { syncResult?: FolderSyncResult | undefined; }'.

[7m903[0m    entitiesCreated: indexResult.created,
[7m   [0m [91m                                ~~~~~~~[0m

[96msrc/server/routes/folders.ts[0m:[93m904[0m:[93m33[0m - [91merror[0m[90m TS2339: [0mProperty 'updated' does not exist on type 'EntityCreationStats & { syncResult?: FolderSyncResult | undefined; }'.

[7m904[0m    entitiesUpdated: indexResult.updated,
[7m   [0m [91m                                ~~~~~~~[0m

[96msrc/server/routes/folders.ts[0m:[93m936[0m:[93m26[0m - [91merror[0m[90m TS2339: [0mProperty 'created' does not exist on type 'EntityCreationStats & { syncResult?: FolderSyncResult | undefined; }'.

[7m936[0m     created: indexResult.created,
[7m   [0m [91m                         ~~~~~~~[0m

[96msrc/server/routes/folders.ts[0m:[93m937[0m:[93m26[0m - [91merror[0m[90m TS2339: [0mProperty 'updated' does not exist on type 'EntityCreationStats & { syncResult?: FolderSyncResult | undefined; }'.

[7m937[0m     updated: indexResult.updated,
[7m   [0m [91m                         ~~~~~~~[0m

[96msrc/server/routes/folders.ts[0m:[93m952[0m:[93m29[0m - [91merror[0m[90m TS2769: [0mNo overload matches this call.
  The last overload gave the following error.
    Argument of type '(req: Request<{}, any, any, ParsedQs, Record<string, any>>, res: Response<any, Record<string, any>, number>) => Promise<Response<any, Record<...>, number> | undefined>' is not assignable to parameter of type 'Application<Record<string, any>>'.
      Type '(req: Request<{}, any, any, ParsedQs, Record<string, any>>, res: Response<any, Record<string, any>, number>) => Promise<Response<any, Record<...>, number> | undefined>' is missing the following properties from type 'Application<Record<string, any>>': init, defaultConfiguration, engine, set, and 63 more.

[7m952[0m router.post('/reindex-all', async (req, res) => {
[7m   [0m [91m                            ~~~~~~~~~~~~~~~~~~~~~[0m

  [96mnode_modules/@types/express-serve-static-core/index.d.ts[0m:[93m168[0m:[93m5[0m
    [7m168[0m     (path: PathParams, subApplication: Application): T;
    [7m   [0m [96m    ~~~~~~~~~~~~~~~~~~~~~~~~~~~~~~~~~~~~~~~~~~~~~~~~~~~[0m
    The last overload is declared here.

[96msrc/server/routes/groups.ts[0m:[93m21[0m:[93m17[0m - [91merror[0m[90m TS2769: [0mNo overload matches this call.
  The last overload gave the following error.
    Argument of type '(req: Request<{}, any, any, ParsedQs, Record<string, any>>, res: Response<any, Record<string, any>, number>) => Promise<Response<any, Record<...>, number> | undefined>' is not assignable to parameter of type 'Application<Record<string, any>>'.
      Type '(req: Request<{}, any, any, ParsedQs, Record<string, any>>, res: Response<any, Record<string, any>, number>) => Promise<Response<any, Record<...>, number> | undefined>' is missing the following properties from type 'Application<Record<string, any>>': init, defaultConfiguration, engine, set, and 63 more.

[7m21[0m router.get('/', async (req, res) => {
[7m  [0m [91m                ~~~~~~~~~~~~~~~~~~~~~[0m

  [96mnode_modules/@types/express-serve-static-core/index.d.ts[0m:[93m168[0m:[93m5[0m
    [7m168[0m     (path: PathParams, subApplication: Application): T;
    [7m   [0m [96m    ~~~~~~~~~~~~~~~~~~~~~~~~~~~~~~~~~~~~~~~~~~~~~~~~~~~[0m
    The last overload is declared here.

[96msrc/server/routes/groups.ts[0m:[93m41[0m:[93m12[0m - [91merror[0m[90m TS7053: [0mElement implicitly has an 'any' type because expression of type '"name" | "createdAt" | "updatedAt" | "totalImages" | "totalVideos"' can't be used to index type 'SQLiteTable<{ name: "Group"; schema: undefined; columns: { id: SQLiteColumn<{ name: "id"; tableName: "Group"; dataType: "string"; columnType: "SQLiteText"; data: string; driverParam: string; notNull: true; hasDefault: false; ... 6 more ...; generated: undefined; }, {}, { ...; }>; name: SQLiteColumn<...>; description...'.
  Property 'totalImages' does not exist on type 'SQLiteTable<{ name: "Group"; schema: undefined; columns: { id: SQLiteColumn<{ name: "id"; tableName: "Group"; dataType: "string"; columnType: "SQLiteText"; data: string; driverParam: string; notNull: true; hasDefault: false; ... 6 more ...; generated: undefined; }, {}, { ...; }>; name: SQLiteColumn<...>; description...'.

[7m41[0m     ? desc(groups[filters.sortBy || 'name'] as any)
[7m  [0m [91m           ~~~~~~~~~~~~~~~~~~~~~~~~~~~~~~~~[0m

[96msrc/server/routes/groups.ts[0m:[93m42[0m:[93m11[0m - [91merror[0m[90m TS7053: [0mElement implicitly has an 'any' type because expression of type '"name" | "createdAt" | "updatedAt" | "totalImages" | "totalVideos"' can't be used to index type 'SQLiteTable<{ name: "Group"; schema: undefined; columns: { id: SQLiteColumn<{ name: "id"; tableName: "Group"; dataType: "string"; columnType: "SQLiteText"; data: string; driverParam: string; notNull: true; hasDefault: false; ... 6 more ...; generated: undefined; }, {}, { ...; }>; name: SQLiteColumn<...>; description...'.
  Property 'totalImages' does not exist on type 'SQLiteTable<{ name: "Group"; schema: undefined; columns: { id: SQLiteColumn<{ name: "id"; tableName: "Group"; dataType: "string"; columnType: "SQLiteText"; data: string; driverParam: string; notNull: true; hasDefault: false; ... 6 more ...; generated: undefined; }, {}, { ...; }>; name: SQLiteColumn<...>; description...'.

[7m42[0m     : asc(groups[filters.sortBy || 'name'] as any);
[7m  [0m [91m          ~~~~~~~~~~~~~~~~~~~~~~~~~~~~~~~~[0m

[96msrc/server/routes/groups.ts[0m:[93m53[0m:[93m25[0m - [91merror[0m[90m TS2339: [0mProperty 'isFavorite' does not exist on type 'SQLiteTableWithColumns<{ name: "Group"; schema: undefined; columns: { id: SQLiteColumn<{ name: "id"; tableName: "Group"; dataType: "string"; columnType: "SQLiteText"; data: string; driverParam: string; notNull: true; hasDefault: false; ... 6 more ...; generated: undefined; }, {}, { ...; }>; name: SQLiteColumn<...>; ...'.

[7m53[0m      isFavorite: groups.isFavorite,
[7m  [0m [91m                        ~~~~~~~~~~[0m

[96msrc/server/routes/groups.ts[0m:[93m54[0m:[93m23[0m - [91merror[0m[90m TS2339: [0mProperty 'category' does not exist on type 'SQLiteTableWithColumns<{ name: "Group"; schema: undefined; columns: { id: SQLiteColumn<{ name: "id"; tableName: "Group"; dataType: "string"; columnType: "SQLiteText"; data: string; driverParam: string; notNull: true; hasDefault: false; ... 6 more ...; generated: undefined; }, {}, { ...; }>; name: SQLiteColumn<...>; ...'.

[7m54[0m      category: groups.category,
[7m  [0m [91m                      ~~~~~~~~[0m

[96msrc/server/routes/groups.ts[0m:[93m55[0m:[93m26[0m - [91merror[0m[90m TS2339: [0mProperty 'totalImages' does not exist on type 'SQLiteTableWithColumns<{ name: "Group"; schema: undefined; columns: { id: SQLiteColumn<{ name: "id"; tableName: "Group"; dataType: "string"; columnType: "SQLiteText"; data: string; driverParam: string; notNull: true; hasDefault: false; ... 6 more ...; generated: undefined; }, {}, { ...; }>; name: SQLiteColumn<...>; ...'.

[7m55[0m      totalImages: groups.totalImages,
[7m  [0m [91m                         ~~~~~~~~~~~[0m

[96msrc/server/routes/groups.ts[0m:[93m56[0m:[93m26[0m - [91merror[0m[90m TS2339: [0mProperty 'totalVideos' does not exist on type 'SQLiteTableWithColumns<{ name: "Group"; schema: undefined; columns: { id: SQLiteColumn<{ name: "id"; tableName: "Group"; dataType: "string"; columnType: "SQLiteText"; data: string; driverParam: string; notNull: true; hasDefault: false; ... 6 more ...; generated: undefined; }, {}, { ...; }>; name: SQLiteColumn<...>; ...'.

[7m56[0m      totalVideos: groups.totalVideos,
[7m  [0m [91m                         ~~~~~~~~~~~[0m

[96msrc/server/routes/groups.ts[0m:[93m68[0m:[93m12[0m - [91merror[0m[90m TS7006: [0mParameter 'result' implicitly has an 'any' type.

[7m68[0m     .then((result) => result[0]?.count || 0),
[7m  [0m [91m           ~~~~~~[0m

[96msrc/server/routes/groups.ts[0m:[93m72[0m:[93m47[0m - [91merror[0m[90m TS7006: [0mParameter 'group' implicitly has an 'any' type.

[7m72[0m   const transformedGroups = groupResults.map((group) => ({
[7m  [0m [91m                                              ~~~~~[0m

[96msrc/server/routes/groups.ts[0m:[93m103[0m:[93m20[0m - [91merror[0m[90m TS2769: [0mNo overload matches this call.
  The last overload gave the following error.
    Argument of type '(req: Request<{ id: string; }, any, any, ParsedQs, Record<string, any>>, res: Response<any, Record<string, any>, number>) => Promise<...>' is not assignable to parameter of type 'Application<Record<string, any>>'.
      Type '(req: Request<{ id: string; }, any, any, ParsedQs, Record<string, any>>, res: Response<any, Record<string, any>, number>) => Promise<...>' is missing the following properties from type 'Application<Record<string, any>>': init, defaultConfiguration, engine, set, and 63 more.

[7m103[0m router.get('/:id', async (req, res) => {
[7m   [0m [91m                   ~~~~~~~~~~~~~~~~~~~~~[0m

  [96mnode_modules/@types/express-serve-static-core/index.d.ts[0m:[93m168[0m:[93m5[0m
    [7m168[0m     (path: PathParams, subApplication: Application): T;
    [7m   [0m [96m    ~~~~~~~~~~~~~~~~~~~~~~~~~~~~~~~~~~~~~~~~~~~~~~~~~~~[0m
    The last overload is declared here.

[96msrc/server/routes/groups.ts[0m:[93m162[0m:[93m48[0m - [91merror[0m[90m TS2339: [0mProperty 'getGroupImages' does not exist on type '{ get: (id: string) => Promise<any>; getMany: (ids: string[]) => Promise<GroupWithStats[]>; create: (data: GroupCreateInput) => Promise<GroupWithStats>; update: (id: string, data: GroupUpdateInput) => Promise<GroupWithStats>; ... 6 more ...; getCardData: (groupId: string) => Promise<...>; }'.

[7m162[0m   const { images, total } = await groupService.getGroupImages(id, filters);
[7m   [0m [91m                                               ~~~~~~~~~~~~~~[0m

[96msrc/server/routes/groups.ts[0m:[93m184[0m:[93m36[0m - [91merror[0m[90m TS2339: [0mProperty 'getRecentGroupMediaService' does not exist on type '{ get: (id: string) => Promise<any>; getMany: (ids: string[]) => Promise<GroupWithStats[]>; create: (data: GroupCreateInput) => Promise<GroupWithStats>; update: (id: string, data: GroupUpdateInput) => Promise<GroupWithStats>; ... 6 more ...; getCardData: (groupId: string) => Promise<...>; }'.

[7m184[0m   const media = await groupService.getRecentGroupMediaService(id, limit);
[7m   [0m [91m                                   ~~~~~~~~~~~~~~~~~~~~~~~~~~[0m

[96msrc/server/routes/groups.ts[0m:[93m195[0m:[93m39[0m - [91merror[0m[90m TS2339: [0mProperty 'getGroupCardDataService' does not exist on type '{ get: (id: string) => Promise<any>; getMany: (ids: string[]) => Promise<GroupWithStats[]>; create: (data: GroupCreateInput) => Promise<GroupWithStats>; update: (id: string, data: GroupUpdateInput) => Promise<GroupWithStats>; ... 6 more ...; getCardData: (groupId: string) => Promise<...>; }'.

[7m195[0m   const cardData = await groupService.getGroupCardDataService(id);
[7m   [0m [91m                                      ~~~~~~~~~~~~~~~~~~~~~~~[0m

[96msrc/server/routes/images.ts[0m:[93m103[0m:[93m17[0m - [91merror[0m[90m TS2769: [0mNo overload matches this call.
  The last overload gave the following error.
    Argument of type '(req: Request<{}, any, any, ParsedQs, Record<string, any>>, res: Response<any, Record<string, any>, number>) => Promise<Response<any, Record<...>, number> | undefined>' is not assignable to parameter of type 'Application<Record<string, any>>'.
      Type '(req: Request<{}, any, any, ParsedQs, Record<string, any>>, res: Response<any, Record<string, any>, number>) => Promise<Response<any, Record<...>, number> | undefined>' is missing the following properties from type 'Application<Record<string, any>>': init, defaultConfiguration, engine, set, and 63 more.

[7m103[0m router.get('/', async (req, res) => {
[7m   [0m [91m                ~~~~~~~~~~~~~~~~~~~~~[0m

  [96mnode_modules/@types/express-serve-static-core/index.d.ts[0m:[93m168[0m:[93m5[0m
    [7m168[0m     (path: PathParams, subApplication: Application): T;
    [7m   [0m [96m    ~~~~~~~~~~~~~~~~~~~~~~~~~~~~~~~~~~~~~~~~~~~~~~~~~~~[0m
    The last overload is declared here.

[96msrc/server/routes/images.ts[0m:[93m175[0m:[93m12[0m - [91merror[0m[90m TS7006: [0mParameter 'result' implicitly has an 'any' type.

[7m175[0m     .then((result) => result[0]?.count || 0),
[7m   [0m [91m           ~~~~~~[0m

[96msrc/server/routes/images.ts[0m:[93m179[0m:[93m45[0m - [91merror[0m[90m TS7006: [0mParameter 'img' implicitly has an 'any' type.

[7m179[0m   const formattedImages = imageResults.map((img) => ({
[7m   [0m [91m                                            ~~~[0m

[96msrc/server/routes/images.ts[0m:[93m238[0m:[93m30[0m - [91merror[0m[90m TS2769: [0mNo overload matches this call.
  The last overload gave the following error.
    Argument of type '(req: Request<{ id: string; }, any, any, ParsedQs, Record<string, any>>, res: Response<any, Record<string, any>, number>) => Promise<...>' is not assignable to parameter of type 'Application<Record<string, any>>'.
      Type '(req: Request<{ id: string; }, any, any, ParsedQs, Record<string, any>>, res: Response<any, Record<string, any>, number>) => Promise<...>' is missing the following properties from type 'Application<Record<string, any>>': init, defaultConfiguration, engine, set, and 63 more.

[7m238[0m router.get('/:id/thumbnail', async (req, res) => {
[7m   [0m [91m                             ~~~~~~~~~~~~~~~~~~~~~[0m

  [96mnode_modules/@types/express-serve-static-core/index.d.ts[0m:[93m168[0m:[93m5[0m
    [7m168[0m     (path: PathParams, subApplication: Application): T;
    [7m   [0m [96m    ~~~~~~~~~~~~~~~~~~~~~~~~~~~~~~~~~~~~~~~~~~~~~~~~~~~[0m
    The last overload is declared here.

[96msrc/server/routes/images.ts[0m:[93m258[0m:[93m20[0m - [91merror[0m[90m TS2769: [0mNo overload matches this call.
  The last overload gave the following error.
    Argument of type '(req: Request<{ id: string; }, any, any, ParsedQs, Record<string, any>>, res: Response<any, Record<string, any>, number>) => Promise<...>' is not assignable to parameter of type 'Application<Record<string, any>>'.
      Type '(req: Request<{ id: string; }, any, any, ParsedQs, Record<string, any>>, res: Response<any, Record<string, any>, number>) => Promise<...>' is missing the following properties from type 'Application<Record<string, any>>': init, defaultConfiguration, engine, set, and 63 more.

[7m258[0m router.get('/:id', async (req, res) => {
[7m   [0m [91m                   ~~~~~~~~~~~~~~~~~~~~~[0m

  [96mnode_modules/@types/express-serve-static-core/index.d.ts[0m:[93m168[0m:[93m5[0m
    [7m168[0m     (path: PathParams, subApplication: Application): T;
    [7m   [0m [96m    ~~~~~~~~~~~~~~~~~~~~~~~~~~~~~~~~~~~~~~~~~~~~~~~~~~~[0m
    The last overload is declared here.

[96msrc/server/routes/images.ts[0m:[93m346[0m:[93m9[0m - [91merror[0m[90m TS2304: [0mCannot find name 'generateThumbnailWithForce'.

[7m346[0m   await generateThumbnailWithForce(id, quality, force);
[7m   [0m [91m        ~~~~~~~~~~~~~~~~~~~~~~~~~~[0m

[96msrc/server/routes/json-files.ts[0m:[93m34[0m:[93m20[0m - [91merror[0m[90m TS2769: [0mNo overload matches this call.
  The last overload gave the following error.
    Argument of type '(req: Request<{ id: string; }, any, any, ParsedQs, Record<string, any>>, res: Response<any, Record<string, any>, number>) => Promise<...>' is not assignable to parameter of type 'Application<Record<string, any>>'.
      Type '(req: Request<{ id: string; }, any, any, ParsedQs, Record<string, any>>, res: Response<any, Record<string, any>, number>) => Promise<...>' is missing the following properties from type 'Application<Record<string, any>>': init, defaultConfiguration, engine, set, and 63 more.

[7m34[0m router.get('/:id', async (req, res) => {
[7m  [0m [91m                   ~~~~~~~~~~~~~~~~~~~~~[0m

  [96mnode_modules/@types/express-serve-static-core/index.d.ts[0m:[93m168[0m:[93m5[0m
    [7m168[0m     (path: PathParams, subApplication: Application): T;
    [7m   [0m [96m    ~~~~~~~~~~~~~~~~~~~~~~~~~~~~~~~~~~~~~~~~~~~~~~~~~~~[0m
    The last overload is declared here.

[96msrc/server/routes/json-files.ts[0m:[93m91[0m:[93m44[0m - [91merror[0m[90m TS2345: [0mArgument of type '{ path: string; name: string; size: number; hash: string; mimeType: string; extension: string; folderId: string; isFavorite?: boolean | undefined; content?: string | null | undefined; isValid?: boolean | undefined; ... 4 more ...; depth?: number | ... 1 more ... | undefined; }' is not assignable to parameter of type 'JsonFileCreateInput'.
  Types of property 'isFavorite' are incompatible.
    Type 'boolean | undefined' is not assignable to type 'boolean'.
      Type 'undefined' is not assignable to type 'boolean'.

[7m91[0m   const newJsonFile = await createJsonFile(validatedData);
[7m  [0m [91m                                           ~~~~~~~~~~~~~[0m

[96msrc/server/routes/metadata.ts[0m:[93m9[0m:[93m20[0m - [91merror[0m[90m TS2769: [0mNo overload matches this call.
  The last overload gave the following error.
    Argument of type '(req: Request<{ id: string; }, any, any, ParsedQs, Record<string, any>>, res: Response<any, Record<string, any>, number>) => Promise<...>' is not assignable to parameter of type 'Application<Record<string, any>>'.
      Type '(req: Request<{ id: string; }, any, any, ParsedQs, Record<string, any>>, res: Response<any, Record<string, any>, number>) => Promise<...>' is missing the following properties from type 'Application<Record<string, any>>': init, defaultConfiguration, engine, set, and 63 more.

[7m9[0m router.put('/:id', async (req, res) => {
[7m [0m [91m                   ~~~~~~~~~~~~~~~~~~~~~[0m

  [96mnode_modules/@types/express-serve-static-core/index.d.ts[0m:[93m168[0m:[93m5[0m
    [7m168[0m     (path: PathParams, subApplication: Application): T;
    [7m   [0m [96m    ~~~~~~~~~~~~~~~~~~~~~~~~~~~~~~~~~~~~~~~~~~~~~~~~~~~[0m
    The last overload is declared here.

[96msrc/server/routes/metadata.ts[0m:[93m129[0m:[93m28[0m - [91merror[0m[90m TS2769: [0mNo overload matches this call.
  The last overload gave the following error.
    Argument of type '(req: Request<{}, any, any, ParsedQs, Record<string, any>>, res: Response<any, Record<string, any>, number>) => Promise<Response<any, Record<...>, number> | undefined>' is not assignable to parameter of type 'Application<Record<string, any>>'.
      Type '(req: Request<{}, any, any, ParsedQs, Record<string, any>>, res: Response<any, Record<string, any>, number>) => Promise<Response<any, Record<...>, number> | undefined>' is missing the following properties from type 'Application<Record<string, any>>': init, defaultConfiguration, engine, set, and 63 more.

[7m129[0m router.put('/bulk-update', async (req, res) => {
[7m   [0m [91m                           ~~~~~~~~~~~~~~~~~~~~~[0m

  [96mnode_modules/@types/express-serve-static-core/index.d.ts[0m:[93m168[0m:[93m5[0m
    [7m168[0m     (path: PathParams, subApplication: Application): T;
    [7m   [0m [96m    ~~~~~~~~~~~~~~~~~~~~~~~~~~~~~~~~~~~~~~~~~~~~~~~~~~~[0m
    The last overload is declared here.

[96msrc/server/routes/notes.ts[0m:[93m55[0m:[93m20[0m - [91merror[0m[90m TS2769: [0mNo overload matches this call.
  The last overload gave the following error.
    Argument of type '(req: Request<{ id: string; }, any, any, ParsedQs, Record<string, any>>, res: Response<any, Record<string, any>, number>) => Promise<...>' is not assignable to parameter of type 'Application<Record<string, any>>'.
      Type '(req: Request<{ id: string; }, any, any, ParsedQs, Record<string, any>>, res: Response<any, Record<string, any>, number>) => Promise<...>' is missing the following properties from type 'Application<Record<string, any>>': init, defaultConfiguration, engine, set, and 63 more.

[7m55[0m router.get('/:id', async (req, res) => {
[7m  [0m [91m                   ~~~~~~~~~~~~~~~~~~~~~[0m

  [96mnode_modules/@types/express-serve-static-core/index.d.ts[0m:[93m168[0m:[93m5[0m
    [7m168[0m     (path: PathParams, subApplication: Application): T;
    [7m   [0m [96m    ~~~~~~~~~~~~~~~~~~~~~~~~~~~~~~~~~~~~~~~~~~~~~~~~~~~[0m
    The last overload is declared here.

[96msrc/server/routes/notes.ts[0m:[93m125[0m:[93m48[0m - [91merror[0m[90m TS2345: [0mArgument of type '{ title: string; status?: string | null | undefined; category?: string | null | undefined; featuredImage?: string | null | undefined; isFavorite?: boolean | undefined; content?: string | null | undefined; presetId?: string | ... 1 more ... | undefined; priority?: number | undefined; }' is not assignable to parameter of type 'NoteCreateInput'.
  Types of property 'content' are incompatible.
    Type 'string | null | undefined' is not assignable to type 'string | undefined'.
      Type 'null' is not assignable to type 'string | undefined'.

[7m125[0m   const newNote = await noteService.createNote(validatedData);
[7m   [0m [91m                                               ~~~~~~~~~~~~~[0m

[96msrc/server/routes/notes.ts[0m:[93m134[0m:[93m20[0m - [91merror[0m[90m TS2769: [0mNo overload matches this call.
  The last overload gave the following error.
    Argument of type '(req: Request<{ id: string; }, any, any, ParsedQs, Record<string, any>>, res: Response<any, Record<string, any>, number>) => Promise<...>' is not assignable to parameter of type 'Application<Record<string, any>>'.
      Type '(req: Request<{ id: string; }, any, any, ParsedQs, Record<string, any>>, res: Response<any, Record<string, any>, number>) => Promise<...>' is missing the following properties from type 'Application<Record<string, any>>': init, defaultConfiguration, engine, set, and 63 more.

[7m134[0m router.put('/:id', async (req, res) => {
[7m   [0m [91m                   ~~~~~~~~~~~~~~~~~~~~~[0m

  [96mnode_modules/@types/express-serve-static-core/index.d.ts[0m:[93m168[0m:[93m5[0m
    [7m168[0m     (path: PathParams, subApplication: Application): T;
    [7m   [0m [96m    ~~~~~~~~~~~~~~~~~~~~~~~~~~~~~~~~~~~~~~~~~~~~~~~~~~~[0m
    The last overload is declared here.

[96msrc/server/routes/notes.ts[0m:[93m138[0m:[93m49[0m - [91merror[0m[90m TS2345: [0mArgument of type '{ status?: string | null | undefined; category?: string | null | undefined; featuredImage?: string | null | undefined; isFavorite?: boolean | undefined; content?: string | null | undefined; title?: string | undefined; presetId?: string | ... 1 more ... | undefined; priority?: number | undefined; }' is not assignable to parameter of type 'NoteUpdateInput'.
  Types of property 'content' are incompatible.
    Type 'string | null | undefined' is not assignable to type 'string | undefined'.
      Type 'null' is not assignable to type 'string | undefined'.

[7m138[0m   const note = await noteService.updateNote(id, validatedData);
[7m   [0m [91m                                                ~~~~~~~~~~~~~[0m

[96msrc/server/routes/notes.ts[0m:[93m152[0m:[93m23[0m - [91merror[0m[90m TS2769: [0mNo overload matches this call.
  The last overload gave the following error.
    Argument of type '(req: Request<{ id: string; }, any, any, ParsedQs, Record<string, any>>, res: Response<any, Record<string, any>, number>) => Promise<...>' is not assignable to parameter of type 'Application<Record<string, any>>'.
      Type '(req: Request<{ id: string; }, any, any, ParsedQs, Record<string, any>>, res: Response<any, Record<string, any>, number>) => Promise<...>' is missing the following properties from type 'Application<Record<string, any>>': init, defaultConfiguration, engine, set, and 63 more.

[7m152[0m router.delete('/:id', async (req, res) => {
[7m   [0m [91m                      ~~~~~~~~~~~~~~~~~~~~~[0m

  [96mnode_modules/@types/express-serve-static-core/index.d.ts[0m:[93m168[0m:[93m5[0m
    [7m168[0m     (path: PathParams, subApplication: Application): T;
    [7m   [0m [96m    ~~~~~~~~~~~~~~~~~~~~~~~~~~~~~~~~~~~~~~~~~~~~~~~~~~~[0m
    The last overload is declared here.

[96msrc/server/routes/places.ts[0m:[93m21[0m:[93m17[0m - [91merror[0m[90m TS2769: [0mNo overload matches this call.
  The last overload gave the following error.
    Argument of type '(req: Request<{}, any, any, ParsedQs, Record<string, any>>, res: Response<any, Record<string, any>, number>) => Promise<Response<any, Record<...>, number> | undefined>' is not assignable to parameter of type 'Application<Record<string, any>>'.
      Type '(req: Request<{}, any, any, ParsedQs, Record<string, any>>, res: Response<any, Record<string, any>, number>) => Promise<Response<any, Record<...>, number> | undefined>' is missing the following properties from type 'Application<Record<string, any>>': init, defaultConfiguration, engine, set, and 63 more.

[7m21[0m router.get('/', async (req, res) => {
[7m  [0m [91m                ~~~~~~~~~~~~~~~~~~~~~[0m

  [96mnode_modules/@types/express-serve-static-core/index.d.ts[0m:[93m168[0m:[93m5[0m
    [7m168[0m     (path: PathParams, subApplication: Application): T;
    [7m   [0m [96m    ~~~~~~~~~~~~~~~~~~~~~~~~~~~~~~~~~~~~~~~~~~~~~~~~~~~[0m
    The last overload is declared here.

[96msrc/server/routes/places.ts[0m:[93m86[0m:[93m20[0m - [91merror[0m[90m TS2769: [0mNo overload matches this call.
  The last overload gave the following error.
    Argument of type '(req: Request<{ id: string; }, any, any, ParsedQs, Record<string, any>>, res: Response<any, Record<string, any>, number>) => Promise<...>' is not assignable to parameter of type 'Application<Record<string, any>>'.
      Type '(req: Request<{ id: string; }, any, any, ParsedQs, Record<string, any>>, res: Response<any, Record<string, any>, number>) => Promise<...>' is missing the following properties from type 'Application<Record<string, any>>': init, defaultConfiguration, engine, set, and 63 more.

[7m86[0m router.get('/:id', async (req, res) => {
[7m  [0m [91m                   ~~~~~~~~~~~~~~~~~~~~~[0m

  [96mnode_modules/@types/express-serve-static-core/index.d.ts[0m:[93m168[0m:[93m5[0m
    [7m168[0m     (path: PathParams, subApplication: Application): T;
    [7m   [0m [96m    ~~~~~~~~~~~~~~~~~~~~~~~~~~~~~~~~~~~~~~~~~~~~~~~~~~~[0m
    The last overload is declared here.

[96msrc/server/routes/profiles.ts[0m:[93m21[0m:[93m23[0m - [91merror[0m[90m TS2769: [0mNo overload matches this call.
  The last overload gave the following error.
    Argument of type '(_req: Request<{}, any, any, ParsedQs, Record<string, any>>, res: Response<any, Record<string, any>, number>) => Promise<Response<any, Record<...>, number> | undefined>' is not assignable to parameter of type 'Application<Record<string, any>>'.
      Type '(_req: Request<{}, any, any, ParsedQs, Record<string, any>>, res: Response<any, Record<string, any>, number>) => Promise<Response<any, Record<...>, number> | undefined>' is missing the following properties from type 'Application<Record<string, any>>': init, defaultConfiguration, engine, set, and 63 more.

[7m21[0m router.get('/active', async (_req, res) => {
[7m  [0m [91m                      ~~~~~~~~~~~~~~~~~~~~~~[0m

  [96mnode_modules/@types/express-serve-static-core/index.d.ts[0m:[93m168[0m:[93m5[0m
    [7m168[0m     (path: PathParams, subApplication: Application): T;
    [7m   [0m [96m    ~~~~~~~~~~~~~~~~~~~~~~~~~~~~~~~~~~~~~~~~~~~~~~~~~~~[0m
    The last overload is declared here.

[96msrc/server/routes/profiles.ts[0m:[93m53[0m:[93m39[0m - [91merror[0m[90m TS2339: [0mProperty 'getPaginatedProfiles' does not exist on type 'ProfileServiceImpl'.

[7m53[0m   const result = await profileService.getPaginatedProfiles({
[7m  [0m [91m                                      ~~~~~~~~~~~~~~~~~~~~[0m

[96msrc/server/routes/profiles.ts[0m:[93m80[0m:[93m18[0m - [91merror[0m[90m TS2769: [0mNo overload matches this call.
  The last overload gave the following error.
    Argument of type '(req: Request<{}, any, any, ParsedQs, Record<string, any>>, res: Response<any, Record<string, any>, number>) => Promise<Response<any, Record<...>, number> | undefined>' is not assignable to parameter of type 'Application<Record<string, any>>'.
      Type '(req: Request<{}, any, any, ParsedQs, Record<string, any>>, res: Response<any, Record<string, any>, number>) => Promise<Response<any, Record<...>, number> | undefined>' is missing the following properties from type 'Application<Record<string, any>>': init, defaultConfiguration, engine, set, and 63 more.

[7m80[0m router.post('/', async (req, res) => {
[7m  [0m [91m                 ~~~~~~~~~~~~~~~~~~~~~[0m

  [96mnode_modules/@types/express-serve-static-core/index.d.ts[0m:[93m168[0m:[93m5[0m
    [7m168[0m     (path: PathParams, subApplication: Application): T;
    [7m   [0m [96m    ~~~~~~~~~~~~~~~~~~~~~~~~~~~~~~~~~~~~~~~~~~~~~~~~~~~[0m
    The last overload is declared here.

[96msrc/server/routes/profiles.ts[0m:[93m84[0m:[93m54[0m - [91merror[0m[90m TS2345: [0mArgument of type '{ name: string; emoji?: string | null | undefined; color?: string | null | undefined; description?: string | null | undefined; imageId?: string | null | undefined; isActive?: boolean | undefined; settingsId?: string | ... 1 more ... | undefined; }' is not assignable to parameter of type 'ProfileCreateInput'.
  Types of property 'emoji' are incompatible.
    Type 'string | null | undefined' is not assignable to type 'string | undefined'.
      Type 'null' is not assignable to type 'string | undefined'.

[7m84[0m   const profile = await profileService.createProfile(validatedData);
[7m  [0m [91m                                                     ~~~~~~~~~~~~~[0m

[96msrc/server/routes/profiles.ts[0m:[93m110[0m:[93m20[0m - [91merror[0m[90m TS2769: [0mNo overload matches this call.
  The last overload gave the following error.
    Argument of type '(req: Request<{ id: string; }, any, any, ParsedQs, Record<string, any>>, res: Response<any, Record<string, any>, number>) => Promise<...>' is not assignable to parameter of type 'Application<Record<string, any>>'.
      Type '(req: Request<{ id: string; }, any, any, ParsedQs, Record<string, any>>, res: Response<any, Record<string, any>, number>) => Promise<...>' is missing the following properties from type 'Application<Record<string, any>>': init, defaultConfiguration, engine, set, and 63 more.

[7m110[0m router.put('/:id', async (req, res) => {
[7m   [0m [91m                   ~~~~~~~~~~~~~~~~~~~~~[0m

  [96mnode_modules/@types/express-serve-static-core/index.d.ts[0m:[93m168[0m:[93m5[0m
    [7m168[0m     (path: PathParams, subApplication: Application): T;
    [7m   [0m [96m    ~~~~~~~~~~~~~~~~~~~~~~~~~~~~~~~~~~~~~~~~~~~~~~~~~~~[0m
    The last overload is declared here.

[96msrc/server/routes/profiles.ts[0m:[93m115[0m:[93m58[0m - [91merror[0m[90m TS2345: [0mArgument of type '{ name?: string | undefined; emoji?: string | null | undefined; color?: string | null | undefined; description?: string | null | undefined; imageId?: string | null | undefined; isActive?: boolean | undefined; settingsId?: string | ... 1 more ... | undefined; }' is not assignable to parameter of type 'Partial<Omit<ProfileBase, "id" | "createdAt" | "updatedAt">>'.
  Types of property 'emoji' are incompatible.
    Type 'string | null | undefined' is not assignable to type 'string | undefined'.
      Type 'null' is not assignable to type 'string | undefined'.

[7m115[0m   const profile = await profileService.updateProfile(id, validatedData);
[7m   [0m [91m                                                         ~~~~~~~~~~~~~[0m

[96msrc/server/routes/profiles.ts[0m:[93m148[0m:[93m30[0m - [91merror[0m[90m TS2769: [0mNo overload matches this call.
  The last overload gave the following error.
    Argument of type '(req: Request<{ id: string; }, any, any, ParsedQs, Record<string, any>>, res: Response<any, Record<string, any>, number>) => Promise<...>' is not assignable to parameter of type 'Application<Record<string, any>>'.
      Type '(req: Request<{ id: string; }, any, any, ParsedQs, Record<string, any>>, res: Response<any, Record<string, any>, number>) => Promise<...>' is missing the following properties from type 'Application<Record<string, any>>': init, defaultConfiguration, engine, set, and 63 more.

[7m148[0m router.post('/:id/activate', async (req, res) => {
[7m   [0m [91m                             ~~~~~~~~~~~~~~~~~~~~~[0m

  [96mnode_modules/@types/express-serve-static-core/index.d.ts[0m:[93m168[0m:[93m5[0m
    [7m168[0m     (path: PathParams, subApplication: Application): T;
    [7m   [0m [96m    ~~~~~~~~~~~~~~~~~~~~~~~~~~~~~~~~~~~~~~~~~~~~~~~~~~~[0m
    The last overload is declared here.

[96msrc/server/routes/profiles.ts[0m:[93m154[0m:[93m8[0m - [91merror[0m[90m TS1345: [0mAn expression of type 'void' cannot be tested for truthiness.

[7m154[0m   if (!profile) {
[7m   [0m [91m       ~~~~~~~[0m

[96msrc/server/routes/profiles.ts[0m:[93m177[0m:[93m23[0m - [91merror[0m[90m TS2769: [0mNo overload matches this call.
  The last overload gave the following error.
    Argument of type '(req: Request<{ id: string; }, any, any, ParsedQs, Record<string, any>>, res: Response<any, Record<string, any>, number>) => Promise<...>' is not assignable to parameter of type 'Application<Record<string, any>>'.
      Type '(req: Request<{ id: string; }, any, any, ParsedQs, Record<string, any>>, res: Response<any, Record<string, any>, number>) => Promise<...>' is missing the following properties from type 'Application<Record<string, any>>': init, defaultConfiguration, engine, set, and 63 more.

[7m177[0m router.delete('/:id', async (req, res) => {
[7m   [0m [91m                      ~~~~~~~~~~~~~~~~~~~~~[0m

  [96mnode_modules/@types/express-serve-static-core/index.d.ts[0m:[93m168[0m:[93m5[0m
    [7m168[0m     (path: PathParams, subApplication: Application): T;
    [7m   [0m [96m    ~~~~~~~~~~~~~~~~~~~~~~~~~~~~~~~~~~~~~~~~~~~~~~~~~~~[0m
    The last overload is declared here.

[96msrc/server/routes/profiles.ts[0m:[93m181[0m:[93m40[0m - [91merror[0m[90m TS2339: [0mProperty 'deleteProfile' does not exist on type 'ProfileServiceImpl'.

[7m181[0m   const success = await profileService.deleteProfile(id);
[7m   [0m [91m                                       ~~~~~~~~~~~~~[0m

[96msrc/server/routes/prompts.ts[0m:[93m43[0m:[93m17[0m - [91merror[0m[90m TS2769: [0mNo overload matches this call.
  The last overload gave the following error.
    Argument of type '(req: Request<{}, any, any, ParsedQs, Record<string, any>>, res: Response<any, Record<string, any>, number>) => Promise<Response<any, Record<...>, number> | undefined>' is not assignable to parameter of type 'Application<Record<string, any>>'.
      Type '(req: Request<{}, any, any, ParsedQs, Record<string, any>>, res: Response<any, Record<string, any>, number>) => Promise<Response<any, Record<...>, number> | undefined>' is missing the following properties from type 'Application<Record<string, any>>': init, defaultConfiguration, engine, set, and 63 more.

[7m43[0m router.get('/', async (req, res) => {
[7m  [0m [91m                ~~~~~~~~~~~~~~~~~~~~~[0m

  [96mnode_modules/@types/express-serve-static-core/index.d.ts[0m:[93m168[0m:[93m5[0m
    [7m168[0m     (path: PathParams, subApplication: Application): T;
    [7m   [0m [96m    ~~~~~~~~~~~~~~~~~~~~~~~~~~~~~~~~~~~~~~~~~~~~~~~~~~~[0m
    The last overload is declared here.

[96msrc/server/routes/prompts.ts[0m:[93m74[0m:[93m12[0m - [91merror[0m[90m TS7053: [0mElement implicitly has an 'any' type because expression of type '"type" | "parentId" | "name" | "featuredImage" | "createdAt" | "updatedAt" | "notes" | "totalImages" | "totalVideos" | "complexity" | "applications" | "examples" | "relatedConcepts"' can't be used to index type 'SQLiteTable<{ name: "Prompt"; schema: undefined; columns: { id: SQLiteColumn<{ name: "id"; tableName: "Prompt"; dataType: "string"; columnType: "SQLiteText"; data: string; driverParam: string; notNull: true; hasDefault: false; ... 6 more ...; generated: undefined; }, {}, { ...; }>; ... 22 more ...; updatedAt: SQLite...'.
  Property 'complexity' does not exist on type 'SQLiteTable<{ name: "Prompt"; schema: undefined; columns: { id: SQLiteColumn<{ name: "id"; tableName: "Prompt"; dataType: "string"; columnType: "SQLiteText"; data: string; driverParam: string; notNull: true; hasDefault: false; ... 6 more ...; generated: undefined; }, {}, { ...; }>; ... 22 more ...; updatedAt: SQLite...'.

[7m74[0m     ? desc(prompts[filters.sortBy || 'name'] as any)
[7m  [0m [91m           ~~~~~~~~~~~~~~~~~~~~~~~~~~~~~~~~~[0m

[96msrc/server/routes/prompts.ts[0m:[93m75[0m:[93m11[0m - [91merror[0m[90m TS7053: [0mElement implicitly has an 'any' type because expression of type '"type" | "parentId" | "name" | "featuredImage" | "createdAt" | "updatedAt" | "notes" | "totalImages" | "totalVideos" | "complexity" | "applications" | "examples" | "relatedConcepts"' can't be used to index type 'SQLiteTable<{ name: "Prompt"; schema: undefined; columns: { id: SQLiteColumn<{ name: "id"; tableName: "Prompt"; dataType: "string"; columnType: "SQLiteText"; data: string; driverParam: string; notNull: true; hasDefault: false; ... 6 more ...; generated: undefined; }, {}, { ...; }>; ... 22 more ...; updatedAt: SQLite...'.
  Property 'complexity' does not exist on type 'SQLiteTable<{ name: "Prompt"; schema: undefined; columns: { id: SQLiteColumn<{ name: "id"; tableName: "Prompt"; dataType: "string"; columnType: "SQLiteText"; data: string; driverParam: string; notNull: true; hasDefault: false; ... 6 more ...; generated: undefined; }, {}, { ...; }>; ... 22 more ...; updatedAt: SQLite...'.

[7m75[0m     : asc(prompts[filters.sortBy || 'name'] as any);
[7m  [0m [91m          ~~~~~~~~~~~~~~~~~~~~~~~~~~~~~~~~~[0m

[96msrc/server/routes/prompts.ts[0m:[93m116[0m:[93m12[0m - [91merror[0m[90m TS7006: [0mParameter 'result' implicitly has an 'any' type.

[7m116[0m     .then((result) => result[0]?.count || 0),
[7m   [0m [91m           ~~~~~~[0m

[96msrc/server/routes/prompts.ts[0m:[93m120[0m:[93m49[0m - [91merror[0m[90m TS7006: [0mParameter 'prompt' implicitly has an 'any' type.

[7m120[0m   const transformedPrompts = promptResults.map((prompt) => ({
[7m   [0m [91m                                                ~~~~~~[0m

[96msrc/server/routes/prompts.ts[0m:[93m151[0m:[93m20[0m - [91merror[0m[90m TS2769: [0mNo overload matches this call.
  The last overload gave the following error.
    Argument of type '(req: Request<{ id: string; }, any, any, ParsedQs, Record<string, any>>, res: Response<any, Record<string, any>, number>) => Promise<...>' is not assignable to parameter of type 'Application<Record<string, any>>'.
      Type '(req: Request<{ id: string; }, any, any, ParsedQs, Record<string, any>>, res: Response<any, Record<string, any>, number>) => Promise<...>' is missing the following properties from type 'Application<Record<string, any>>': init, defaultConfiguration, engine, set, and 63 more.

[7m151[0m router.get('/:id', async (req, res) => {
[7m   [0m [91m                   ~~~~~~~~~~~~~~~~~~~~~[0m

  [96mnode_modules/@types/express-serve-static-core/index.d.ts[0m:[93m168[0m:[93m5[0m
    [7m168[0m     (path: PathParams, subApplication: Application): T;
    [7m   [0m [96m    ~~~~~~~~~~~~~~~~~~~~~~~~~~~~~~~~~~~~~~~~~~~~~~~~~~~[0m
    The last overload is declared here.

[96msrc/server/routes/properties.ts[0m:[93m55[0m:[93m20[0m - [91merror[0m[90m TS2769: [0mNo overload matches this call.
  The last overload gave the following error.
    Argument of type '(req: Request<{ id: string; }, any, any, ParsedQs, Record<string, any>>, res: Response<any, Record<string, any>, number>) => Promise<...>' is not assignable to parameter of type 'Application<Record<string, any>>'.
      Type '(req: Request<{ id: string; }, any, any, ParsedQs, Record<string, any>>, res: Response<any, Record<string, any>, number>) => Promise<...>' is missing the following properties from type 'Application<Record<string, any>>': init, defaultConfiguration, engine, set, and 63 more.

[7m55[0m router.get('/:id', async (req, res) => {
[7m  [0m [91m                   ~~~~~~~~~~~~~~~~~~~~~[0m

  [96mnode_modules/@types/express-serve-static-core/index.d.ts[0m:[93m168[0m:[93m5[0m
    [7m168[0m     (path: PathParams, subApplication: Application): T;
    [7m   [0m [96m    ~~~~~~~~~~~~~~~~~~~~~~~~~~~~~~~~~~~~~~~~~~~~~~~~~~~[0m
    The last overload is declared here.

[96msrc/server/routes/properties.ts[0m:[93m72[0m:[93m18[0m - [91merror[0m[90m TS2769: [0mNo overload matches this call.
  The last overload gave the following error.
    Argument of type '(req: Request<{}, any, any, ParsedQs, Record<string, any>>, res: Response<any, Record<string, any>, number>) => Promise<Response<any, Record<...>, number> | undefined>' is not assignable to parameter of type 'Application<Record<string, any>>'.
      Type '(req: Request<{}, any, any, ParsedQs, Record<string, any>>, res: Response<any, Record<string, any>, number>) => Promise<Response<any, Record<...>, number> | undefined>' is missing the following properties from type 'Application<Record<string, any>>': init, defaultConfiguration, engine, set, and 63 more.

[7m72[0m router.post('/', async (req, res) => {
[7m  [0m [91m                 ~~~~~~~~~~~~~~~~~~~~~[0m

  [96mnode_modules/@types/express-serve-static-core/index.d.ts[0m:[93m168[0m:[93m5[0m
    [7m168[0m     (path: PathParams, subApplication: Application): T;
    [7m   [0m [96m    ~~~~~~~~~~~~~~~~~~~~~~~~~~~~~~~~~~~~~~~~~~~~~~~~~~~[0m
    The last overload is declared here.

[96msrc/server/routes/properties.ts[0m:[93m82[0m:[93m4[0m - [91merror[0m[90m TS2353: [0mObject literal may only specify known properties, and 'value' does not exist in type 'PropertyCreateInput'.

[7m82[0m    value,
[7m  [0m [91m   ~~~~~[0m

[96msrc/server/routes/properties.ts[0m:[93m96[0m:[93m20[0m - [91merror[0m[90m TS2769: [0mNo overload matches this call.
  The last overload gave the following error.
    Argument of type '(req: Request<{ id: string; }, any, any, ParsedQs, Record<string, any>>, res: Response<any, Record<string, any>, number>) => Promise<...>' is not assignable to parameter of type 'Application<Record<string, any>>'.
      Type '(req: Request<{ id: string; }, any, any, ParsedQs, Record<string, any>>, res: Response<any, Record<string, any>, number>) => Promise<...>' is missing the following properties from type 'Application<Record<string, any>>': init, defaultConfiguration, engine, set, and 63 more.

[7m96[0m router.put('/:id', async (req, res) => {
[7m  [0m [91m                   ~~~~~~~~~~~~~~~~~~~~~[0m

  [96mnode_modules/@types/express-serve-static-core/index.d.ts[0m:[93m168[0m:[93m5[0m
    [7m168[0m     (path: PathParams, subApplication: Application): T;
    [7m   [0m [96m    ~~~~~~~~~~~~~~~~~~~~~~~~~~~~~~~~~~~~~~~~~~~~~~~~~~~[0m
    The last overload is declared here.

[96msrc/server/routes/properties.ts[0m:[93m103[0m:[93m4[0m - [91merror[0m[90m TS2353: [0mObject literal may only specify known properties, and 'value' does not exist in type 'PropertyUpdateInput'.

[7m103[0m    value,
[7m   [0m [91m   ~~~~~[0m

[96msrc/server/routes/properties.ts[0m:[93m121[0m:[93m23[0m - [91merror[0m[90m TS2769: [0mNo overload matches this call.
  The last overload gave the following error.
    Argument of type '(req: Request<{ id: string; }, any, any, ParsedQs, Record<string, any>>, res: Response<any, Record<string, any>, number>) => Promise<...>' is not assignable to parameter of type 'Application<Record<string, any>>'.
      Type '(req: Request<{ id: string; }, any, any, ParsedQs, Record<string, any>>, res: Response<any, Record<string, any>, number>) => Promise<...>' is missing the following properties from type 'Application<Record<string, any>>': init, defaultConfiguration, engine, set, and 63 more.

[7m121[0m router.delete('/:id', async (req, res) => {
[7m   [0m [91m                      ~~~~~~~~~~~~~~~~~~~~~[0m

  [96mnode_modules/@types/express-serve-static-core/index.d.ts[0m:[93m168[0m:[93m5[0m
    [7m168[0m     (path: PathParams, subApplication: Application): T;
    [7m   [0m [96m    ~~~~~~~~~~~~~~~~~~~~~~~~~~~~~~~~~~~~~~~~~~~~~~~~~~~[0m
    The last overload is declared here.

[96msrc/server/routes/properties.ts[0m:[93m127[0m:[93m8[0m - [91merror[0m[90m TS1345: [0mAn expression of type 'void' cannot be tested for truthiness.

[7m127[0m   if (!deleted) {
[7m   [0m [91m       ~~~~~~~[0m

[96msrc/server/routes/queue.ts[0m:[93m78[0m:[93m51[0m - [91merror[0m[90m TS2345: [0mArgument of type '{ status?: QueueJobStatus | undefined; error?: string | undefined; progress?: number | undefined; metadata?: { tags?: string[] | undefined; source?: string | undefined; target?: string | undefined; processId?: string | undefined; customData?: Record<...> | undefined; } | undefined; startedAt?: Date | undefined; atte...' is not assignable to parameter of type 'QueueJobUpdateInput'.
  Types of property 'metadata' are incompatible.
    Type '{ tags?: string[] | undefined; source?: string | undefined; target?: string | undefined; processId?: string | undefined; customData?: Record<string, unknown> | undefined; } | undefined' is not assignable to type 'string | null | undefined'.
      Type '{ tags?: string[] | undefined; source?: string | undefined; target?: string | undefined; processId?: string | undefined; customData?: Record<string, unknown> | undefined; }' is not assignable to type 'string'.

[7m78[0m   const job = await updateQueueJob(req.params.id, validatedData);
[7m  [0m [91m                                                  ~~~~~~~~~~~~~[0m

[96msrc/server/routes/queue.ts[0m:[93m164[0m:[93m44[0m - [91merror[0m[90m TS2345: [0mArgument of type 'string' is not assignable to parameter of type 'QueueJobStatus'.

[7m164[0m   const jobs = await findQueueJobsByStatus(req.params.status, limit);
[7m   [0m [91m                                           ~~~~~~~~~~~~~~~~~[0m

[96msrc/server/routes/search.ts[0m:[93m7[0m:[93m17[0m - [91merror[0m[90m TS2769: [0mNo overload matches this call.
  The last overload gave the following error.
    Argument of type '(req: Request<{}, any, any, ParsedQs, Record<string, any>>, res: Response<any, Record<string, any>, number>) => Promise<Response<any, Record<...>, number> | undefined>' is not assignable to parameter of type 'Application<Record<string, any>>'.
      Type '(req: Request<{}, any, any, ParsedQs, Record<string, any>>, res: Response<any, Record<string, any>, number>) => Promise<Response<any, Record<...>, number> | undefined>' is missing the following properties from type 'Application<Record<string, any>>': init, defaultConfiguration, engine, set, and 63 more.

[7m7[0m router.get('/', async (req, res) => {
[7m [0m [91m                ~~~~~~~~~~~~~~~~~~~~~[0m

  [96mnode_modules/@types/express-serve-static-core/index.d.ts[0m:[93m168[0m:[93m5[0m
    [7m168[0m     (path: PathParams, subApplication: Application): T;
    [7m   [0m [96m    ~~~~~~~~~~~~~~~~~~~~~~~~~~~~~~~~~~~~~~~~~~~~~~~~~~~[0m
    The last overload is declared here.

[96msrc/server/routes/search.ts[0m:[93m19[0m:[93m7[0m - [91merror[0m[90m TS7034: [0mVariable 'items' implicitly has type 'any[]' in some locations where its type cannot be determined.

[7m19[0m   let items = [];
[7m  [0m [91m      ~~~~~[0m

[96msrc/server/routes/search.ts[0m:[93m27[0m:[93m4[0m - [91merror[0m[90m TS7005: [0mVariable 'items' implicitly has an 'any[]' type.

[7m27[0m    items,
[7m  [0m [91m   ~~~~~[0m

[96msrc/server/routes/search.ts[0m:[93m39[0m:[93m23[0m - [91merror[0m[90m TS2769: [0mNo overload matches this call.
  The last overload gave the following error.
    Argument of type '(req: Request<{}, any, any, ParsedQs, Record<string, any>>, res: Response<any, Record<string, any>, number>) => Promise<Response<any, Record<...>, number> | undefined>' is not assignable to parameter of type 'Application<Record<string, any>>'.
      Type '(req: Request<{}, any, any, ParsedQs, Record<string, any>>, res: Response<any, Record<string, any>, number>) => Promise<Response<any, Record<...>, number> | undefined>' is missing the following properties from type 'Application<Record<string, any>>': init, defaultConfiguration, engine, set, and 63 more.

[7m39[0m router.get('/images', async (req, res) => {
[7m  [0m [91m                      ~~~~~~~~~~~~~~~~~~~~~[0m

  [96mnode_modules/@types/express-serve-static-core/index.d.ts[0m:[93m168[0m:[93m5[0m
    [7m168[0m     (path: PathParams, subApplication: Application): T;
    [7m   [0m [96m    ~~~~~~~~~~~~~~~~~~~~~~~~~~~~~~~~~~~~~~~~~~~~~~~~~~~[0m
    The last overload is declared here.

[96msrc/server/routes/stats.ts[0m:[93m69[0m:[93m24[0m - [91merror[0m[90m TS2769: [0mNo overload matches this call.
  The last overload gave the following error.
    Argument of type '(_req: Request<{}, any, any, ParsedQs, Record<string, any>>, res: Response<any, Record<string, any>, number>) => Promise<Response<any, Record<...>, number> | undefined>' is not assignable to parameter of type 'Application<Record<string, any>>'.
      Type '(_req: Request<{}, any, any, ParsedQs, Record<string, any>>, res: Response<any, Record<string, any>, number>) => Promise<Response<any, Record<...>, number> | undefined>' is missing the following properties from type 'Application<Record<string, any>>': init, defaultConfiguration, engine, set, and 63 more.

[7m69[0m router.get('/folders', async (_req, res) => {
[7m  [0m [91m                       ~~~~~~~~~~~~~~~~~~~~~~[0m

  [96mnode_modules/@types/express-serve-static-core/index.d.ts[0m:[93m168[0m:[93m5[0m
    [7m168[0m     (path: PathParams, subApplication: Application): T;
    [7m   [0m [96m    ~~~~~~~~~~~~~~~~~~~~~~~~~~~~~~~~~~~~~~~~~~~~~~~~~~~[0m
    The last overload is declared here.

[96msrc/server/routes/tags.ts[0m:[93m42[0m:[93m20[0m - [91merror[0m[90m TS2769: [0mNo overload matches this call.
  The last overload gave the following error.
    Argument of type '(req: Request<{ id: string; }, any, any, ParsedQs, Record<string, any>>, res: Response<any, Record<string, any>, number>) => Promise<...>' is not assignable to parameter of type 'Application<Record<string, any>>'.
      Type '(req: Request<{ id: string; }, any, any, ParsedQs, Record<string, any>>, res: Response<any, Record<string, any>, number>) => Promise<...>' is missing the following properties from type 'Application<Record<string, any>>': init, defaultConfiguration, engine, set, and 63 more.

[7m42[0m router.get('/:id', async (req, res) => {
[7m  [0m [91m                   ~~~~~~~~~~~~~~~~~~~~~[0m

  [96mnode_modules/@types/express-serve-static-core/index.d.ts[0m:[93m168[0m:[93m5[0m
    [7m168[0m     (path: PathParams, subApplication: Application): T;
    [7m   [0m [96m    ~~~~~~~~~~~~~~~~~~~~~~~~~~~~~~~~~~~~~~~~~~~~~~~~~~~[0m
    The last overload is declared here.

[96msrc/server/routes/tags.ts[0m:[93m77[0m:[93m39[0m - [91merror[0m[90m TS2339: [0mProperty 'getTagThumbnails' does not exist on type 'TagService'.

[7m77[0m   const thumbnails = await tagService.getTagThumbnails(id, limit);
[7m  [0m [91m                                      ~~~~~~~~~~~~~~~~[0m

[96msrc/server/routes/tags.ts[0m:[93m86[0m:[93m26[0m - [91merror[0m[90m TS2769: [0mNo overload matches this call.
  The last overload gave the following error.
    Argument of type '(req: Request<{ id: string; }, any, any, ParsedQs, Record<string, any>>, res: Response<any, Record<string, any>, number>) => Promise<...>' is not assignable to parameter of type 'Application<Record<string, any>>'.
      Type '(req: Request<{ id: string; }, any, any, ParsedQs, Record<string, any>>, res: Response<any, Record<string, any>, number>) => Promise<...>' is missing the following properties from type 'Application<Record<string, any>>': init, defaultConfiguration, engine, set, and 63 more.

[7m86[0m router.get('/:id/stats', async (req, res) => {
[7m  [0m [91m                         ~~~~~~~~~~~~~~~~~~~~~[0m

  [96mnode_modules/@types/express-serve-static-core/index.d.ts[0m:[93m168[0m:[93m5[0m
    [7m168[0m     (path: PathParams, subApplication: Application): T;
    [7m   [0m [96m    ~~~~~~~~~~~~~~~~~~~~~~~~~~~~~~~~~~~~~~~~~~~~~~~~~~~[0m
    The last overload is declared here.

[96msrc/server/routes/tags.ts[0m:[93m89[0m:[93m34[0m - [91merror[0m[90m TS2339: [0mProperty 'getTagStats' does not exist on type 'TagService'.

[7m89[0m   const stats = await tagService.getTagStats(id);
[7m  [0m [91m                                 ~~~~~~~~~~~[0m

[96msrc/server/routes/tags.ts[0m:[93m101[0m:[93m18[0m - [91merror[0m[90m TS2769: [0mNo overload matches this call.
  The last overload gave the following error.
    Argument of type '(req: Request<{}, any, any, ParsedQs, Record<string, any>>, res: Response<any, Record<string, any>, number>) => Promise<Response<any, Record<...>, number> | undefined>' is not assignable to parameter of type 'Application<Record<string, any>>'.
      Type '(req: Request<{}, any, any, ParsedQs, Record<string, any>>, res: Response<any, Record<string, any>, number>) => Promise<Response<any, Record<...>, number> | undefined>' is missing the following properties from type 'Application<Record<string, any>>': init, defaultConfiguration, engine, set, and 63 more.

[7m101[0m router.post('/', async (req, res) => {
[7m   [0m [91m                 ~~~~~~~~~~~~~~~~~~~~~[0m

  [96mnode_modules/@types/express-serve-static-core/index.d.ts[0m:[93m168[0m:[93m5[0m
    [7m168[0m     (path: PathParams, subApplication: Application): T;
    [7m   [0m [96m    ~~~~~~~~~~~~~~~~~~~~~~~~~~~~~~~~~~~~~~~~~~~~~~~~~~~[0m
    The last overload is declared here.

[96msrc/server/routes/tags.ts[0m:[93m124[0m:[93m20[0m - [91merror[0m[90m TS2769: [0mNo overload matches this call.
  The last overload gave the following error.
    Argument of type '(req: Request<{ id: string; }, any, any, ParsedQs, Record<string, any>>, res: Response<any, Record<string, any>, number>) => Promise<...>' is not assignable to parameter of type 'Application<Record<string, any>>'.
      Type '(req: Request<{ id: string; }, any, any, ParsedQs, Record<string, any>>, res: Response<any, Record<string, any>, number>) => Promise<...>' is missing the following properties from type 'Application<Record<string, any>>': init, defaultConfiguration, engine, set, and 63 more.

[7m124[0m router.put('/:id', async (req, res) => {
[7m   [0m [91m                   ~~~~~~~~~~~~~~~~~~~~~[0m

  [96mnode_modules/@types/express-serve-static-core/index.d.ts[0m:[93m168[0m:[93m5[0m
    [7m168[0m     (path: PathParams, subApplication: Application): T;
    [7m   [0m [96m    ~~~~~~~~~~~~~~~~~~~~~~~~~~~~~~~~~~~~~~~~~~~~~~~~~~~[0m
    The last overload is declared here.

[96msrc/server/routes/tags.ts[0m:[93m148[0m:[93m23[0m - [91merror[0m[90m TS2769: [0mNo overload matches this call.
  The last overload gave the following error.
    Argument of type '(req: Request<{ id: string; }, any, any, ParsedQs, Record<string, any>>, res: Response<any, Record<string, any>, number>) => Promise<...>' is not assignable to parameter of type 'Application<Record<string, any>>'.
      Type '(req: Request<{ id: string; }, any, any, ParsedQs, Record<string, any>>, res: Response<any, Record<string, any>, number>) => Promise<...>' is missing the following properties from type 'Application<Record<string, any>>': init, defaultConfiguration, engine, set, and 63 more.

[7m148[0m router.delete('/:id', async (req, res) => {
[7m   [0m [91m                      ~~~~~~~~~~~~~~~~~~~~~[0m

  [96mnode_modules/@types/express-serve-static-core/index.d.ts[0m:[93m168[0m:[93m5[0m
    [7m168[0m     (path: PathParams, subApplication: Application): T;
    [7m   [0m [96m    ~~~~~~~~~~~~~~~~~~~~~~~~~~~~~~~~~~~~~~~~~~~~~~~~~~~[0m
    The last overload is declared here.

[96msrc/server/routes/thumbnails.ts[0m:[93m59[0m:[93m31[0m - [91merror[0m[90m TS2769: [0mNo overload matches this call.
  The last overload gave the following error.
    Argument of type '(req: Request<{}, any, any, ParsedQs, Record<string, any>>, res: Response<any, Record<string, any>, number>) => Promise<Response<any, Record<...>, number> | undefined>' is not assignable to parameter of type 'Application<Record<string, any>>'.
      Type '(req: Request<{}, any, any, ParsedQs, Record<string, any>>, res: Response<any, Record<string, any>, number>) => Promise<Response<any, Record<...>, number> | undefined>' is missing the following properties from type 'Application<Record<string, any>>': init, defaultConfiguration, engine, set, and 63 more.

[7m59[0m router.post('/bulk-generate', async (req, res) => {
[7m  [0m [91m                              ~~~~~~~~~~~~~~~~~~~~~[0m

  [96mnode_modules/@types/express-serve-static-core/index.d.ts[0m:[93m168[0m:[93m5[0m
    [7m168[0m     (path: PathParams, subApplication: Application): T;
    [7m   [0m [96m    ~~~~~~~~~~~~~~~~~~~~~~~~~~~~~~~~~~~~~~~~~~~~~~~~~~~[0m
    The last overload is declared here.

[96msrc/server/routes/uploaded-images.ts[0m:[93m25[0m:[93m22[0m - [91merror[0m[90m TS2769: [0mNo overload matches this call.
  The last overload gave the following error.
    Argument of type '(_req: Request<{}, any, any, ParsedQs, Record<string, any>>, res: Response<any, Record<string, any>, number>) => Promise<Response<any, Record<...>, number> | undefined>' is not assignable to parameter of type 'Application<Record<string, any>>'.
      Type '(_req: Request<{}, any, any, ParsedQs, Record<string, any>>, res: Response<any, Record<string, any>, number>) => Promise<Response<any, Record<...>, number> | undefined>' is missing the following properties from type 'Application<Record<string, any>>': init, defaultConfiguration, engine, set, and 63 more.

[7m25[0m router.get('/stats', async (_req, res) => {
[7m  [0m [91m                     ~~~~~~~~~~~~~~~~~~~~~~[0m

  [96mnode_modules/@types/express-serve-static-core/index.d.ts[0m:[93m168[0m:[93m5[0m
    [7m168[0m     (path: PathParams, subApplication: Application): T;
    [7m   [0m [96m    ~~~~~~~~~~~~~~~~~~~~~~~~~~~~~~~~~~~~~~~~~~~~~~~~~~~[0m
    The last overload is declared here.

[96msrc/server/routes/uploaded-images.ts[0m:[93m36[0m:[93m17[0m - [91merror[0m[90m TS2769: [0mNo overload matches this call.
  The last overload gave the following error.
    Argument of type '(req: Request<{}, any, any, ParsedQs, Record<string, any>>, res: Response<any, Record<string, any>, number>) => Promise<Response<any, Record<...>, number> | undefined>' is not assignable to parameter of type 'Application<Record<string, any>>'.
      Type '(req: Request<{}, any, any, ParsedQs, Record<string, any>>, res: Response<any, Record<string, any>, number>) => Promise<Response<any, Record<...>, number> | undefined>' is missing the following properties from type 'Application<Record<string, any>>': init, defaultConfiguration, engine, set, and 63 more.

[7m36[0m router.get('/', async (req, res) => {
[7m  [0m [91m                ~~~~~~~~~~~~~~~~~~~~~[0m

  [96mnode_modules/@types/express-serve-static-core/index.d.ts[0m:[93m168[0m:[93m5[0m
    [7m168[0m     (path: PathParams, subApplication: Application): T;
    [7m   [0m [96m    ~~~~~~~~~~~~~~~~~~~~~~~~~~~~~~~~~~~~~~~~~~~~~~~~~~~[0m
    The last overload is declared here.

[96msrc/server/routes/uploaded-images.ts[0m:[93m68[0m:[93m20[0m - [91merror[0m[90m TS2769: [0mNo overload matches this call.
  The last overload gave the following error.
    Argument of type '(req: Request<{ id: string; }, any, any, ParsedQs, Record<string, any>>, res: Response<any, Record<string, any>, number>) => Promise<...>' is not assignable to parameter of type 'Application<Record<string, any>>'.
      Type '(req: Request<{ id: string; }, any, any, ParsedQs, Record<string, any>>, res: Response<any, Record<string, any>, number>) => Promise<...>' is missing the following properties from type 'Application<Record<string, any>>': init, defaultConfiguration, engine, set, and 63 more.

[7m68[0m router.get('/:id', async (req, res) => {
[7m  [0m [91m                   ~~~~~~~~~~~~~~~~~~~~~[0m

  [96mnode_modules/@types/express-serve-static-core/index.d.ts[0m:[93m168[0m:[93m5[0m
    [7m168[0m     (path: PathParams, subApplication: Application): T;
    [7m   [0m [96m    ~~~~~~~~~~~~~~~~~~~~~~~~~~~~~~~~~~~~~~~~~~~~~~~~~~~[0m
    The last overload is declared here.

[96msrc/server/routes/uploaded-images.ts[0m:[93m81[0m:[93m23[0m - [91merror[0m[90m TS2769: [0mNo overload matches this call.
  The last overload gave the following error.
    Argument of type '(req: Request<{ id: string; }, any, any, ParsedQs, Record<string, any>>, res: Response<any, Record<string, any>, number>) => Promise<...>' is not assignable to parameter of type 'Application<Record<string, any>>'.
      Type '(req: Request<{ id: string; }, any, any, ParsedQs, Record<string, any>>, res: Response<any, Record<string, any>, number>) => Promise<...>' is missing the following properties from type 'Application<Record<string, any>>': init, defaultConfiguration, engine, set, and 63 more.

[7m81[0m router.delete('/:id', async (req, res) => {
[7m  [0m [91m                      ~~~~~~~~~~~~~~~~~~~~~[0m

  [96mnode_modules/@types/express-serve-static-core/index.d.ts[0m:[93m168[0m:[93m5[0m
    [7m168[0m     (path: PathParams, subApplication: Application): T;
    [7m   [0m [96m    ~~~~~~~~~~~~~~~~~~~~~~~~~~~~~~~~~~~~~~~~~~~~~~~~~~~[0m
    The last overload is declared here.

[96msrc/server/routes/uploaded-images.ts[0m:[93m94[0m:[93m18[0m - [91merror[0m[90m TS2769: [0mNo overload matches this call.
  The last overload gave the following error.
    Argument of type '(req: Request<{}, any, any, ParsedQs, Record<string, any>>, res: Response<any, Record<string, any>, number>) => Promise<Response<any, Record<...>, number> | undefined>' is not assignable to parameter of type 'Application<Record<string, any>>'.
      Type '(req: Request<{}, any, any, ParsedQs, Record<string, any>>, res: Response<any, Record<string, any>, number>) => Promise<Response<any, Record<...>, number> | undefined>' is missing the following properties from type 'Application<Record<string, any>>': init, defaultConfiguration, engine, set, and 63 more.

[7m94[0m router.post('/', async (req, res) => {
[7m  [0m [91m                 ~~~~~~~~~~~~~~~~~~~~~[0m

  [96mnode_modules/@types/express-serve-static-core/index.d.ts[0m:[93m168[0m:[93m5[0m
    [7m168[0m     (path: PathParams, subApplication: Application): T;
    [7m   [0m [96m    ~~~~~~~~~~~~~~~~~~~~~~~~~~~~~~~~~~~~~~~~~~~~~~~~~~~[0m
    The last overload is declared here.

[96msrc/server/routes/videos.ts[0m:[93m70[0m:[93m38[0m - [91merror[0m[90m TS2345: [0mArgument of type '{ path: string; name: string; size: number; duration: number; hash: string; folderId: string; description?: string | null | undefined; isFavorite?: boolean | undefined; metadata?: string | null | undefined; ... 7 more ...; isHidden?: boolean | undefined; }' is not assignable to parameter of type '{ path: string; name: string; size: number; mimeType: string; description?: string | null | undefined; isFavorite?: boolean | undefined; tags?: string | undefined; notes?: string | undefined; ... 8 more ...; framerate?: number | ... 1 more ... | undefined; }'.
  Property 'mimeType' is missing in type '{ path: string; name: string; size: number; duration: number; hash: string; folderId: string; description?: string | null | undefined; isFavorite?: boolean | undefined; metadata?: string | null | undefined; ... 7 more ...; isHidden?: boolean | undefined; }' but required in type '{ path: string; name: string; size: number; mimeType: string; description?: string | null | undefined; isFavorite?: boolean | undefined; tags?: string | undefined; notes?: string | undefined; ... 8 more ...; framerate?: number | ... 1 more ... | undefined; }'.

[7m70[0m   const newVideo = await createVideo(validatedData);
[7m  [0m [91m                                     ~~~~~~~~~~~~~[0m

  [96msrc/server/services/video.server.service.ts[0m:[93m17[0m:[93m2[0m
    [7m17[0m  mimeType: z.string().max(100),
    [7m  [0m [96m ~~~~~~~~~~~~~~~~~~~~~~~~~~~~~[0m
    'mimeType' is declared here.

[96msrc/server/routes/videos.ts[0m:[93m98[0m:[93m23[0m - [91merror[0m[90m TS2769: [0mNo overload matches this call.
  The last overload gave the following error.
    Argument of type '(req: Request<{ id: string; }, any, any, ParsedQs, Record<string, any>>, res: Response<any, Record<string, any>, number>) => Promise<...>' is not assignable to parameter of type 'Application<Record<string, any>>'.
      Type '(req: Request<{ id: string; }, any, any, ParsedQs, Record<string, any>>, res: Response<any, Record<string, any>, number>) => Promise<...>' is missing the following properties from type 'Application<Record<string, any>>': init, defaultConfiguration, engine, set, and 63 more.

[7m98[0m router.delete('/:id', async (req, res) => {
[7m  [0m [91m                      ~~~~~~~~~~~~~~~~~~~~~[0m

  [96mnode_modules/@types/express-serve-static-core/index.d.ts[0m:[93m168[0m:[93m5[0m
    [7m168[0m     (path: PathParams, subApplication: Application): T;
    [7m   [0m [96m    ~~~~~~~~~~~~~~~~~~~~~~~~~~~~~~~~~~~~~~~~~~~~~~~~~~~[0m
    The last overload is declared here.

[96msrc/server/routes/wildcards.ts[0m:[93m83[0m:[93m30[0m - [91merror[0m[90m TS2769: [0mNo overload matches this call.
  The last overload gave the following error.
    Argument of type '(req: Request<{ id: string; }, any, any, ParsedQs, Record<string, any>>, res: Response<any, Record<string, any>, number>) => Promise<...>' is not assignable to parameter of type 'Application<Record<string, any>>'.
      Type '(req: Request<{ id: string; }, any, any, ParsedQs, Record<string, any>>, res: Response<any, Record<string, any>, number>) => Promise<...>' is missing the following properties from type 'Application<Record<string, any>>': init, defaultConfiguration, engine, set, and 63 more.

[7m83[0m router.get('/:id/card-data', async (req, res) => {
[7m  [0m [91m                             ~~~~~~~~~~~~~~~~~~~~~[0m

  [96mnode_modules/@types/express-serve-static-core/index.d.ts[0m:[93m168[0m:[93m5[0m
    [7m168[0m     (path: PathParams, subApplication: Application): T;
    [7m   [0m [96m    ~~~~~~~~~~~~~~~~~~~~~~~~~~~~~~~~~~~~~~~~~~~~~~~~~~~[0m
    The last overload is declared here.

[96msrc/server/routes/wildcards.ts[0m:[93m109[0m:[93m20[0m - [91merror[0m[90m TS2769: [0mNo overload matches this call.
  The last overload gave the following error.
    Argument of type '(req: Request<{ id: string; }, any, any, ParsedQs, Record<string, any>>, res: Response<any, Record<string, any>, number>) => Promise<...>' is not assignable to parameter of type 'Application<Record<string, any>>'.
      Type '(req: Request<{ id: string; }, any, any, ParsedQs, Record<string, any>>, res: Response<any, Record<string, any>, number>) => Promise<...>' is missing the following properties from type 'Application<Record<string, any>>': init, defaultConfiguration, engine, set, and 63 more.

[7m109[0m router.get('/:id', async (req, res) => {
[7m   [0m [91m                   ~~~~~~~~~~~~~~~~~~~~~[0m

  [96mnode_modules/@types/express-serve-static-core/index.d.ts[0m:[93m168[0m:[93m5[0m
    [7m168[0m     (path: PathParams, subApplication: Application): T;
    [7m   [0m [96m    ~~~~~~~~~~~~~~~~~~~~~~~~~~~~~~~~~~~~~~~~~~~~~~~~~~~[0m
    The last overload is declared here.

[96msrc/server/routes/wildcards.ts[0m:[93m130[0m:[93m69[0m - [91merror[0m[90m TS2339: [0mProperty 'images' does not exist on type 'WildcardWithStats'.

[7m130[0m   const images = await getWildcard(id).then((wildcard) => wildcard?.images.slice(0, limit) || []);
[7m   [0m [91m                                                                    ~~~~~~[0m

[96msrc/server/routes/wildcards.ts[0m:[93m139[0m:[93m18[0m - [91merror[0m[90m TS2769: [0mNo overload matches this call.
  The last overload gave the following error.
    Argument of type '(req: Request<{}, any, any, ParsedQs, Record<string, any>>, res: Response<any, Record<string, any>, number>) => Promise<Response<any, Record<...>, number> | undefined>' is not assignable to parameter of type 'Application<Record<string, any>>'.
      Type '(req: Request<{}, any, any, ParsedQs, Record<string, any>>, res: Response<any, Record<string, any>, number>) => Promise<Response<any, Record<...>, number> | undefined>' is missing the following properties from type 'Application<Record<string, any>>': init, defaultConfiguration, engine, set, and 63 more.

[7m139[0m router.post('/', async (req, res) => {
[7m   [0m [91m                 ~~~~~~~~~~~~~~~~~~~~~[0m

  [96mnode_modules/@types/express-serve-static-core/index.d.ts[0m:[93m168[0m:[93m5[0m
    [7m168[0m     (path: PathParams, subApplication: Application): T;
    [7m   [0m [96m    ~~~~~~~~~~~~~~~~~~~~~~~~~~~~~~~~~~~~~~~~~~~~~~~~~~~[0m
    The last overload is declared here.

